I0820 23:05:11.696228   30916 config.go:833] Logging the resolved configuration:
I0820 23:05:11.698224   30916 structlog.go:42]   	external_url: http://localhost:8000
I0820 23:05:11.699219   30916 structlog.go:42]   	host: 
I0820 23:05:11.700221   30916 structlog.go:33]   	port: 8000
I0820 23:05:11.701214   30916 structlog.go:39]   	unix_socket_enable: false
I0820 23:05:11.702211   30916 structlog.go:42]   	unix_socket_name: prebid-server.sock
I0820 23:05:11.703209   30916 structlog.go:33]   	http_client.max_connections_per_host: 0
I0820 23:05:11.704206   30916 structlog.go:33]   	http_client.max_idle_connections: 400
I0820 23:05:11.704206   30916 structlog.go:33]   	http_client.max_idle_connections_per_host: 10
I0820 23:05:11.704206   30916 structlog.go:33]   	http_client.idle_connection_timeout_seconds: 60
I0820 23:05:11.705203   30916 structlog.go:39]   	http_client.throttle.enable_throttling: false
I0820 23:05:11.705203   30916 structlog.go:39]   	http_client.throttle.simulate_throttling_only: false
I0820 23:05:11.705203   30916 structlog.go:33]   	http_client.throttle.long_queue_wait_threshold_ms: 50
I0820 23:05:11.705203   30916 structlog.go:33]   	http_client.throttle.short_queue_wait_threshold_ms: 10
I0820 23:05:11.705203   30916 structlog.go:33]   	http_client.throttle.throttle_window: 1000
I0820 23:05:11.706200   30916 structlog.go:33]   	http_client_cache.max_connections_per_host: 0
I0820 23:05:11.706200   30916 structlog.go:33]   	http_client_cache.max_idle_connections: 10
I0820 23:05:11.706200   30916 structlog.go:33]   	http_client_cache.max_idle_connections_per_host: 2
I0820 23:05:11.706200   30916 structlog.go:33]   	http_client_cache.idle_connection_timeout_seconds: 60
I0820 23:05:11.706200   30916 structlog.go:39]   	http_client_cache.throttle.enable_throttling: false
I0820 23:05:11.706200   30916 structlog.go:39]   	http_client_cache.throttle.simulate_throttling_only: false
I0820 23:05:11.706200   30916 structlog.go:33]   	http_client_cache.throttle.long_queue_wait_threshold_ms: 0
I0820 23:05:11.707198   30916 structlog.go:33]   	http_client_cache.throttle.short_queue_wait_threshold_ms: 0
I0820 23:05:11.707198   30916 structlog.go:33]   	http_client_cache.throttle.throttle_window: 0
I0820 23:05:11.707198   30916 structlog.go:39]   	admin.enabled: true
I0820 23:05:11.707198   30916 structlog.go:33]   	admin_port: 6060
I0820 23:05:11.707198   30916 structlog.go:39]   	compression.request.enable_gzip: false
I0820 23:05:11.707198   30916 structlog.go:39]   	compression.response.enable_gzip: false
I0820 23:05:11.708195   30916 structlog.go:33]   	garbage_collector_threshold: 0
I0820 23:05:11.708195   30916 structlog.go:42]   	status_response: 
I0820 23:05:11.708195   30916 structlog.go:35]   	auction_timeouts_ms.default: 0
I0820 23:05:11.708195   30916 structlog.go:35]   	auction_timeouts_ms.max: 0
I0820 23:05:11.708921   30916 structlog.go:39]   	tmax_adjustments.enabled: false
I0820 23:05:11.708921   30916 structlog.go:35]   	tmax_adjustments.bidder_network_latency_buffer_ms: 0
I0820 23:05:11.709424   30916 structlog.go:35]   	tmax_adjustments.pbs_response_preparation_duration_ms: 0
I0820 23:05:11.709478   30916 structlog.go:35]   	tmax_adjustments.bidder_response_duration_min_ms: 0
I0820 23:05:11.709478   30916 structlog.go:33]   	tmax_default: 0
I0820 23:05:11.709981   30916 structlog.go:42]   	cache.scheme: 
I0820 23:05:11.709981   30916 structlog.go:42]   	cache.host: 
I0820 23:05:11.709981   30916 structlog.go:42]   	cache.query: 
I0820 23:05:11.709981   30916 structlog.go:33]   	cache.expected_millis: 10
I0820 23:05:11.710494   30916 structlog.go:33]   	cache.default_ttl_seconds.banner: 0
I0820 23:05:11.710494   30916 structlog.go:33]   	cache.default_ttl_seconds.video: 0
I0820 23:05:11.710494   30916 structlog.go:33]   	cache.default_ttl_seconds.native: 0
I0820 23:05:11.711004   30916 structlog.go:33]   	cache.default_ttl_seconds.audio: 0
I0820 23:05:11.711004   30916 structlog.go:42]   	external_cache.scheme: 
I0820 23:05:11.711004   30916 structlog.go:42]   	external_cache.host: 
I0820 23:05:11.711523   30916 structlog.go:42]   	external_cache.path: 
I0820 23:05:11.711523   30916 structlog.go:42]   	recaptcha_secret: 
I0820 23:05:11.712031   30916 structlog.go:42]   	host_cookie.domain: 
I0820 23:05:11.712031   30916 structlog.go:42]   	host_cookie.family: 
I0820 23:05:11.712031   30916 structlog.go:42]   	host_cookie.cookie_name: 
I0820 23:05:11.712566   30916 structlog.go:42]   	host_cookie.opt_out_url: 
I0820 23:05:11.712632   30916 structlog.go:42]   	host_cookie.opt_in_url: 
I0820 23:05:11.712632   30916 structlog.go:33]   	host_cookie.max_cookie_size_bytes: 0
I0820 23:05:11.712632   30916 structlog.go:42]   	host_cookie.optout_cookie.name: 
I0820 23:05:11.713135   30916 structlog.go:42]   	host_cookie.optout_cookie.value: 
I0820 23:05:11.713135   30916 structlog.go:33]   	host_cookie.ttl_days: 90
I0820 23:05:11.713135   30916 structlog.go:42]   	metrics.influxdb.host: 
I0820 23:05:11.713654   30916 structlog.go:42]   	metrics.influxdb.database: 
I0820 23:05:11.713654   30916 structlog.go:42]   	metrics.influxdb.measurement: 
I0820 23:05:11.713654   30916 structlog.go:42]   	metrics.influxdb.username: 
I0820 23:05:11.714169   30916 structlog.go:56]   	metrics.influxdb.password: <REDACTED>
I0820 23:05:11.714169   30916 structlog.go:39]   	metrics.influxdb.align_timestamps: false
I0820 23:05:11.714169   30916 structlog.go:33]   	metrics.influxdb.metric_send_interval: 20
I0820 23:05:11.714169   30916 structlog.go:33]   	metrics.prometheus.port: 0
I0820 23:05:11.714678   30916 structlog.go:42]   	metrics.prometheus.namespace: 
I0820 23:05:11.714678   30916 structlog.go:42]   	metrics.prometheus.subsystem: 
I0820 23:05:11.714678   30916 structlog.go:33]   	metrics.prometheus.timeout_ms: 10000
I0820 23:05:11.714678   30916 structlog.go:39]   	metrics.disabled_metrics.account_adapter_details: false
I0820 23:05:11.715191   30916 structlog.go:39]   	metrics.disabled_metrics.account_debug: true
I0820 23:05:11.715191   30916 structlog.go:39]   	metrics.disabled_metrics.account_stored_responses: true
I0820 23:05:11.715191   30916 structlog.go:39]   	metrics.disabled_metrics.adapter_connections_metrics: true
I0820 23:05:11.715700   30916 structlog.go:39]   	metrics.disabled_metrics.adapter_buyeruid_scrubbed: true
I0820 23:05:11.715700   30916 structlog.go:39]   	metrics.disabled_metrics.adapter_gdpr_request_blocked: false
I0820 23:05:11.715700   30916 structlog.go:39]   	metrics.disabled_metrics.account_modules_metrics: false
I0820 23:05:11.715700   30916 structlog.go:42]   	stored_requests.((dataType)): Request
I0820 23:05:11.716209   30916 structlog.go:39]   	stored_requests.filesystem.enabled: false
I0820 23:05:11.716209   30916 structlog.go:42]   	stored_requests.filesystem.directorypath: ./stored_requests/data/by_id
I0820 23:05:11.716209   30916 structlog.go:42]   	stored_requests.database.connection.driver: 
I0820 23:05:11.716209   30916 structlog.go:42]   	stored_requests.database.connection.dbname: 
I0820 23:05:11.716732   30916 structlog.go:42]   	stored_requests.database.connection.host: 
I0820 23:05:11.716732   30916 structlog.go:33]   	stored_requests.database.connection.port: 0
I0820 23:05:11.716732   30916 structlog.go:42]   	stored_requests.database.connection.user: 
I0820 23:05:11.717254   30916 structlog.go:56]   	stored_requests.database.connection.password: <REDACTED>
I0820 23:05:11.717254   30916 structlog.go:42]   	stored_requests.database.connection.query_string: 
I0820 23:05:11.717254   30916 structlog.go:42]   	stored_requests.database.connection.tls.root_cert: 
I0820 23:05:11.717784   30916 structlog.go:42]   	stored_requests.database.connection.tls.client_cert: 
I0820 23:05:11.717784   30916 structlog.go:42]   	stored_requests.database.connection.tls.client_key: 
I0820 23:05:11.717784   30916 structlog.go:42]   	stored_requests.database.fetcher.query: 
I0820 23:05:11.717784   30916 structlog.go:42]   	stored_requests.database.fetcher.amp_query: 
I0820 23:05:11.718312   30916 structlog.go:33]   	stored_requests.database.initialize_caches.timeout_ms: 0
I0820 23:05:11.718312   30916 structlog.go:42]   	stored_requests.database.initialize_caches.query: 
I0820 23:05:11.718312   30916 structlog.go:42]   	stored_requests.database.initialize_caches.amp_query: 
I0820 23:05:11.718823   30916 structlog.go:33]   	stored_requests.database.poll_for_updates.refresh_rate_seconds: 0
I0820 23:05:11.718823   30916 structlog.go:33]   	stored_requests.database.poll_for_updates.timeout_ms: 0
I0820 23:05:11.718823   30916 structlog.go:42]   	stored_requests.database.poll_for_updates.query: 
I0820 23:05:11.718823   30916 structlog.go:42]   	stored_requests.database.poll_for_updates.amp_query: 
I0820 23:05:11.719333   30916 structlog.go:42]   	stored_requests.http.endpoint: 
I0820 23:05:11.719333   30916 structlog.go:42]   	stored_requests.http.amp_endpoint: 
I0820 23:05:11.719333   30916 structlog.go:39]   	stored_requests.http.use_rfc3986_compliant_request_builder: false
I0820 23:05:11.719333   30916 structlog.go:42]   	stored_requests.in_memory_cache.type: none
I0820 23:05:11.719842   30916 structlog.go:33]   	stored_requests.in_memory_cache.ttl_seconds: 0
I0820 23:05:11.719842   30916 structlog.go:33]   	stored_requests.in_memory_cache.size_bytes: 0
I0820 23:05:11.719842   30916 structlog.go:33]   	stored_requests.in_memory_cache.request_cache_size_bytes: 0
I0820 23:05:11.720351   30916 structlog.go:33]   	stored_requests.in_memory_cache.imp_cache_size_bytes: 0
I0820 23:05:11.720351   30916 structlog.go:33]   	stored_requests.in_memory_cache.resp_cache_size_bytes: 0
I0820 23:05:11.720351   30916 structlog.go:39]   	stored_requests.cache_events.enabled: false
I0820 23:05:11.720351   30916 structlog.go:42]   	stored_requests.cache_events.endpoint: /storedrequests/openrtb2
I0820 23:05:11.720894   30916 structlog.go:42]   	stored_requests.http_events.endpoint: 
I0820 23:05:11.720894   30916 structlog.go:33]   	stored_requests.http_events.refresh_rate_seconds: 0
I0820 23:05:11.720894   30916 structlog.go:33]   	stored_requests.http_events.timeout_ms: 0
I0820 23:05:11.720894   30916 structlog.go:42]   	stored_requests.http_events.amp_endpoint: 
I0820 23:05:11.721402   30916 structlog.go:42]   	stored_amp_req.((dataType)): AMP Request
I0820 23:05:11.721402   30916 structlog.go:39]   	stored_amp_req.filesystem.enabled: false
I0820 23:05:11.721402   30916 structlog.go:42]   	stored_amp_req.filesystem.directorypath: ./stored_requests/data/by_id
I0820 23:05:11.721402   30916 structlog.go:42]   	stored_amp_req.database.connection.driver: 
I0820 23:05:11.721910   30916 structlog.go:42]   	stored_amp_req.database.connection.dbname: 
I0820 23:05:11.721910   30916 structlog.go:42]   	stored_amp_req.database.connection.host: 
I0820 23:05:11.721910   30916 structlog.go:33]   	stored_amp_req.database.connection.port: 0
I0820 23:05:11.721910   30916 structlog.go:42]   	stored_amp_req.database.connection.user: 
I0820 23:05:11.722418   30916 structlog.go:56]   	stored_amp_req.database.connection.password: <REDACTED>
I0820 23:05:11.722418   30916 structlog.go:42]   	stored_amp_req.database.connection.query_string: 
I0820 23:05:11.722418   30916 structlog.go:42]   	stored_amp_req.database.connection.tls.root_cert: 
I0820 23:05:11.722418   30916 structlog.go:42]   	stored_amp_req.database.connection.tls.client_cert: 
I0820 23:05:11.722926   30916 structlog.go:42]   	stored_amp_req.database.connection.tls.client_key: 
I0820 23:05:11.722926   30916 structlog.go:42]   	stored_amp_req.database.fetcher.query: 
I0820 23:05:11.722926   30916 structlog.go:42]   	stored_amp_req.database.fetcher.amp_query: 
I0820 23:05:11.722926   30916 structlog.go:33]   	stored_amp_req.database.initialize_caches.timeout_ms: 0
I0820 23:05:11.723433   30916 structlog.go:42]   	stored_amp_req.database.initialize_caches.query: 
I0820 23:05:11.723433   30916 structlog.go:42]   	stored_amp_req.database.initialize_caches.amp_query: 
I0820 23:05:11.723433   30916 structlog.go:33]   	stored_amp_req.database.poll_for_updates.refresh_rate_seconds: 0
I0820 23:05:11.723433   30916 structlog.go:33]   	stored_amp_req.database.poll_for_updates.timeout_ms: 0
I0820 23:05:11.723941   30916 structlog.go:42]   	stored_amp_req.database.poll_for_updates.query: 
I0820 23:05:11.724008   30916 structlog.go:42]   	stored_amp_req.database.poll_for_updates.amp_query: 
I0820 23:05:11.724008   30916 structlog.go:42]   	stored_amp_req.http.endpoint: 
I0820 23:05:11.724008   30916 structlog.go:42]   	stored_amp_req.http.amp_endpoint: 
I0820 23:05:11.724512   30916 structlog.go:39]   	stored_amp_req.http.use_rfc3986_compliant_request_builder: false
I0820 23:05:11.724512   30916 structlog.go:42]   	stored_amp_req.in_memory_cache.type: none
I0820 23:05:11.724512   30916 structlog.go:33]   	stored_amp_req.in_memory_cache.ttl_seconds: 0
I0820 23:05:11.724512   30916 structlog.go:33]   	stored_amp_req.in_memory_cache.size_bytes: 0
I0820 23:05:11.725022   30916 structlog.go:33]   	stored_amp_req.in_memory_cache.request_cache_size_bytes: 0
I0820 23:05:11.725022   30916 structlog.go:33]   	stored_amp_req.in_memory_cache.imp_cache_size_bytes: 0
I0820 23:05:11.725022   30916 structlog.go:33]   	stored_amp_req.in_memory_cache.resp_cache_size_bytes: 0
I0820 23:05:11.725022   30916 structlog.go:39]   	stored_amp_req.cache_events.enabled: false
I0820 23:05:11.725532   30916 structlog.go:42]   	stored_amp_req.cache_events.endpoint: /storedrequests/amp
I0820 23:05:11.725532   30916 structlog.go:42]   	stored_amp_req.http_events.endpoint: 
I0820 23:05:11.725532   30916 structlog.go:33]   	stored_amp_req.http_events.refresh_rate_seconds: 0
I0820 23:05:11.725532   30916 structlog.go:33]   	stored_amp_req.http_events.timeout_ms: 0
I0820 23:05:11.726040   30916 structlog.go:42]   	stored_amp_req.http_events.amp_endpoint: 
I0820 23:05:11.726040   30916 structlog.go:42]   	category_mapping.((dataType)): Category
I0820 23:05:11.726040   30916 structlog.go:39]   	category_mapping.filesystem.enabled: true
I0820 23:05:11.726040   30916 structlog.go:42]   	category_mapping.filesystem.directorypath: ./static/category-mapping
I0820 23:05:11.726548   30916 structlog.go:42]   	category_mapping.database.connection.driver: 
I0820 23:05:11.726548   30916 structlog.go:42]   	category_mapping.database.connection.dbname: 
I0820 23:05:11.726548   30916 structlog.go:42]   	category_mapping.database.connection.host: 
I0820 23:05:11.726548   30916 structlog.go:33]   	category_mapping.database.connection.port: 0
I0820 23:05:11.727056   30916 structlog.go:42]   	category_mapping.database.connection.user: 
I0820 23:05:11.727056   30916 structlog.go:56]   	category_mapping.database.connection.password: <REDACTED>
I0820 23:05:11.727056   30916 structlog.go:42]   	category_mapping.database.connection.query_string: 
I0820 23:05:11.727056   30916 structlog.go:42]   	category_mapping.database.connection.tls.root_cert: 
I0820 23:05:11.727564   30916 structlog.go:42]   	category_mapping.database.connection.tls.client_cert: 
I0820 23:05:11.727564   30916 structlog.go:42]   	category_mapping.database.connection.tls.client_key: 
I0820 23:05:11.727564   30916 structlog.go:42]   	category_mapping.database.fetcher.query: 
I0820 23:05:11.727564   30916 structlog.go:42]   	category_mapping.database.fetcher.amp_query: 
I0820 23:05:11.728072   30916 structlog.go:33]   	category_mapping.database.initialize_caches.timeout_ms: 0
I0820 23:05:11.728072   30916 structlog.go:42]   	category_mapping.database.initialize_caches.query: 
I0820 23:05:11.728072   30916 structlog.go:42]   	category_mapping.database.initialize_caches.amp_query: 
I0820 23:05:11.728072   30916 structlog.go:33]   	category_mapping.database.poll_for_updates.refresh_rate_seconds: 0
I0820 23:05:11.728579   30916 structlog.go:33]   	category_mapping.database.poll_for_updates.timeout_ms: 0
I0820 23:05:11.728579   30916 structlog.go:42]   	category_mapping.database.poll_for_updates.query: 
I0820 23:05:11.728579   30916 structlog.go:42]   	category_mapping.database.poll_for_updates.amp_query: 
I0820 23:05:11.729088   30916 structlog.go:42]   	category_mapping.http.endpoint: 
I0820 23:05:11.729250   30916 structlog.go:42]   	category_mapping.http.amp_endpoint: 
I0820 23:05:11.730193   30916 structlog.go:39]   	category_mapping.http.use_rfc3986_compliant_request_builder: false
I0820 23:05:11.730193   30916 structlog.go:42]   	category_mapping.in_memory_cache.type: 
I0820 23:05:11.730697   30916 structlog.go:33]   	category_mapping.in_memory_cache.ttl_seconds: 0
I0820 23:05:11.730697   30916 structlog.go:33]   	category_mapping.in_memory_cache.size_bytes: 0
I0820 23:05:11.730697   30916 structlog.go:33]   	category_mapping.in_memory_cache.request_cache_size_bytes: 0
I0820 23:05:11.731221   30916 structlog.go:33]   	category_mapping.in_memory_cache.imp_cache_size_bytes: 0
I0820 23:05:11.731221   30916 structlog.go:33]   	category_mapping.in_memory_cache.resp_cache_size_bytes: 0
I0820 23:05:11.731735   30916 structlog.go:39]   	category_mapping.cache_events.enabled: false
I0820 23:05:11.731806   30916 structlog.go:42]   	category_mapping.cache_events.endpoint: 
I0820 23:05:11.731806   30916 structlog.go:42]   	category_mapping.http_events.endpoint: 
I0820 23:05:11.731806   30916 structlog.go:33]   	category_mapping.http_events.refresh_rate_seconds: 0
I0820 23:05:11.732310   30916 structlog.go:33]   	category_mapping.http_events.timeout_ms: 0
I0820 23:05:11.732834   30916 structlog.go:42]   	category_mapping.http_events.amp_endpoint: 
I0820 23:05:11.732993   30916 structlog.go:33]   	vtrack.timeout_ms: 2000
I0820 23:05:11.732993   30916 structlog.go:39]   	vtrack.allow_unknown_bidder: true
I0820 23:05:11.733498   30916 structlog.go:39]   	vtrack.enabled: true
I0820 23:05:11.733550   30916 structlog.go:33]   	event.timeout_ms: 1000
I0820 23:05:11.733550   30916 structlog.go:42]   	accounts.((dataType)): Account
I0820 23:05:11.733550   30916 structlog.go:39]   	accounts.filesystem.enabled: false
I0820 23:05:11.734053   30916 structlog.go:42]   	accounts.filesystem.directorypath: ./stored_requests/data/by_id
I0820 23:05:11.734053   30916 structlog.go:42]   	accounts.database.connection.driver: 
I0820 23:05:11.734053   30916 structlog.go:42]   	accounts.database.connection.dbname: 
I0820 23:05:11.734053   30916 structlog.go:42]   	accounts.database.connection.host: 
I0820 23:05:11.734562   30916 structlog.go:33]   	accounts.database.connection.port: 0
I0820 23:05:11.734562   30916 structlog.go:42]   	accounts.database.connection.user: 
I0820 23:05:11.734562   30916 structlog.go:56]   	accounts.database.connection.password: <REDACTED>
I0820 23:05:11.734562   30916 structlog.go:42]   	accounts.database.connection.query_string: 
I0820 23:05:11.735071   30916 structlog.go:42]   	accounts.database.connection.tls.root_cert: 
I0820 23:05:11.735071   30916 structlog.go:42]   	accounts.database.connection.tls.client_cert: 
I0820 23:05:11.735071   30916 structlog.go:42]   	accounts.database.connection.tls.client_key: 
I0820 23:05:11.735582   30916 structlog.go:42]   	accounts.database.fetcher.query: 
I0820 23:05:11.735582   30916 structlog.go:42]   	accounts.database.fetcher.amp_query: 
I0820 23:05:11.735582   30916 structlog.go:33]   	accounts.database.initialize_caches.timeout_ms: 0
I0820 23:05:11.736093   30916 structlog.go:42]   	accounts.database.initialize_caches.query: 
I0820 23:05:11.736093   30916 structlog.go:42]   	accounts.database.initialize_caches.amp_query: 
I0820 23:05:11.736093   30916 structlog.go:33]   	accounts.database.poll_for_updates.refresh_rate_seconds: 0
I0820 23:05:11.736093   30916 structlog.go:33]   	accounts.database.poll_for_updates.timeout_ms: 0
I0820 23:05:11.736604   30916 structlog.go:42]   	accounts.database.poll_for_updates.query: 
I0820 23:05:11.736604   30916 structlog.go:42]   	accounts.database.poll_for_updates.amp_query: 
I0820 23:05:11.736604   30916 structlog.go:42]   	accounts.http.endpoint: 
I0820 23:05:11.736604   30916 structlog.go:42]   	accounts.http.amp_endpoint: 
I0820 23:05:11.737112   30916 structlog.go:39]   	accounts.http.use_rfc3986_compliant_request_builder: false
I0820 23:05:11.737112   30916 structlog.go:42]   	accounts.in_memory_cache.type: none
I0820 23:05:11.737112   30916 structlog.go:33]   	accounts.in_memory_cache.ttl_seconds: 0
I0820 23:05:11.737112   30916 structlog.go:33]   	accounts.in_memory_cache.size_bytes: 0
I0820 23:05:11.737621   30916 structlog.go:33]   	accounts.in_memory_cache.request_cache_size_bytes: 0
I0820 23:05:11.737621   30916 structlog.go:33]   	accounts.in_memory_cache.imp_cache_size_bytes: 0
I0820 23:05:11.737621   30916 structlog.go:33]   	accounts.in_memory_cache.resp_cache_size_bytes: 0
I0820 23:05:11.737621   30916 structlog.go:39]   	accounts.cache_events.enabled: false
I0820 23:05:11.738129   30916 structlog.go:42]   	accounts.cache_events.endpoint: 
I0820 23:05:11.738129   30916 structlog.go:42]   	accounts.http_events.endpoint: 
I0820 23:05:11.738129   30916 structlog.go:33]   	accounts.http_events.refresh_rate_seconds: 0
I0820 23:05:11.738129   30916 structlog.go:33]   	accounts.http_events.timeout_ms: 0
I0820 23:05:11.738129   30916 structlog.go:42]   	accounts.http_events.amp_endpoint: 
I0820 23:05:11.738129   30916 structlog.go:39]   	user_sync.coop_sync.default: false
I0820 23:05:11.738129   30916 structlog.go:42]   	user_sync.external_url: 
I0820 23:05:11.738129   30916 structlog.go:42]   	user_sync.redirect_url: {{.ExternalURL}}/setuid?bidder={{.SyncerKey}}&gdpr={{.GDPR}}&gdpr_consent={{.GDPRConsent}}&gpp={{.GPP}}&gpp_sid={{.GPPSID}}&f={{.SyncType}}&uid={{.UserMacro}}
I0820 23:05:11.739129   30916 structlog.go:42]   	user_sync.priority_groups: <[][]string Value>
I0820 23:05:11.739129   30916 structlog.go:42]   	stored_video_req.((dataType)): Video
I0820 23:05:11.739129   30916 structlog.go:39]   	stored_video_req.filesystem.enabled: false
I0820 23:05:11.739129   30916 structlog.go:42]   	stored_video_req.filesystem.directorypath: 
I0820 23:05:11.739129   30916 structlog.go:42]   	stored_video_req.database.connection.driver: 
I0820 23:05:11.739129   30916 structlog.go:42]   	stored_video_req.database.connection.dbname: 
I0820 23:05:11.739129   30916 structlog.go:42]   	stored_video_req.database.connection.host: 
I0820 23:05:11.740126   30916 structlog.go:33]   	stored_video_req.database.connection.port: 0
I0820 23:05:11.740126   30916 structlog.go:42]   	stored_video_req.database.connection.user: 
I0820 23:05:11.740126   30916 structlog.go:56]   	stored_video_req.database.connection.password: <REDACTED>
I0820 23:05:11.740126   30916 structlog.go:42]   	stored_video_req.database.connection.query_string: 
I0820 23:05:11.740629   30916 structlog.go:42]   	stored_video_req.database.connection.tls.root_cert: 
I0820 23:05:11.740629   30916 structlog.go:42]   	stored_video_req.database.connection.tls.client_cert: 
I0820 23:05:11.740629   30916 structlog.go:42]   	stored_video_req.database.connection.tls.client_key: 
I0820 23:05:11.740629   30916 structlog.go:42]   	stored_video_req.database.fetcher.query: 
I0820 23:05:11.740629   30916 structlog.go:42]   	stored_video_req.database.fetcher.amp_query: 
I0820 23:05:11.740629   30916 structlog.go:33]   	stored_video_req.database.initialize_caches.timeout_ms: 0
I0820 23:05:11.740629   30916 structlog.go:42]   	stored_video_req.database.initialize_caches.query: 
I0820 23:05:11.741627   30916 structlog.go:42]   	stored_video_req.database.initialize_caches.amp_query: 
I0820 23:05:11.741627   30916 structlog.go:33]   	stored_video_req.database.poll_for_updates.refresh_rate_seconds: 0
I0820 23:05:11.741627   30916 structlog.go:33]   	stored_video_req.database.poll_for_updates.timeout_ms: 0
I0820 23:05:11.741627   30916 structlog.go:42]   	stored_video_req.database.poll_for_updates.query: 
I0820 23:05:11.741627   30916 structlog.go:42]   	stored_video_req.database.poll_for_updates.amp_query: 
I0820 23:05:11.741627   30916 structlog.go:42]   	stored_video_req.http.endpoint: 
I0820 23:05:11.741627   30916 structlog.go:42]   	stored_video_req.http.amp_endpoint: 
I0820 23:05:11.741627   30916 structlog.go:39]   	stored_video_req.http.use_rfc3986_compliant_request_builder: false
I0820 23:05:11.742625   30916 structlog.go:42]   	stored_video_req.in_memory_cache.type: none
I0820 23:05:11.742625   30916 structlog.go:33]   	stored_video_req.in_memory_cache.ttl_seconds: 0
I0820 23:05:11.742625   30916 structlog.go:33]   	stored_video_req.in_memory_cache.size_bytes: 0
I0820 23:05:11.742625   30916 structlog.go:33]   	stored_video_req.in_memory_cache.request_cache_size_bytes: 0
I0820 23:05:11.742625   30916 structlog.go:33]   	stored_video_req.in_memory_cache.imp_cache_size_bytes: 0
I0820 23:05:11.742625   30916 structlog.go:33]   	stored_video_req.in_memory_cache.resp_cache_size_bytes: 0
I0820 23:05:11.742625   30916 structlog.go:39]   	stored_video_req.cache_events.enabled: false
I0820 23:05:11.742625   30916 structlog.go:42]   	stored_video_req.cache_events.endpoint: 
I0820 23:05:11.743622   30916 structlog.go:42]   	stored_video_req.http_events.endpoint: 
I0820 23:05:11.743622   30916 structlog.go:33]   	stored_video_req.http_events.refresh_rate_seconds: 0
I0820 23:05:11.743622   30916 structlog.go:33]   	stored_video_req.http_events.timeout_ms: 0
I0820 23:05:11.743622   30916 structlog.go:42]   	stored_video_req.http_events.amp_endpoint: 
I0820 23:05:11.743622   30916 structlog.go:42]   	stored_responses.((dataType)): Response
I0820 23:05:11.743622   30916 structlog.go:39]   	stored_responses.filesystem.enabled: false
I0820 23:05:11.743622   30916 structlog.go:42]   	stored_responses.filesystem.directorypath: 
I0820 23:05:11.743622   30916 structlog.go:42]   	stored_responses.database.connection.driver: 
I0820 23:05:11.744619   30916 structlog.go:42]   	stored_responses.database.connection.dbname: 
I0820 23:05:11.744619   30916 structlog.go:42]   	stored_responses.database.connection.host: 
I0820 23:05:11.744619   30916 structlog.go:33]   	stored_responses.database.connection.port: 0
I0820 23:05:11.744619   30916 structlog.go:42]   	stored_responses.database.connection.user: 
I0820 23:05:11.744619   30916 structlog.go:56]   	stored_responses.database.connection.password: <REDACTED>
I0820 23:05:11.744619   30916 structlog.go:42]   	stored_responses.database.connection.query_string: 
I0820 23:05:11.744619   30916 structlog.go:42]   	stored_responses.database.connection.tls.root_cert: 
I0820 23:05:11.744619   30916 structlog.go:42]   	stored_responses.database.connection.tls.client_cert: 
I0820 23:05:11.745617   30916 structlog.go:42]   	stored_responses.database.connection.tls.client_key: 
I0820 23:05:11.745617   30916 structlog.go:42]   	stored_responses.database.fetcher.query: 
I0820 23:05:11.745617   30916 structlog.go:42]   	stored_responses.database.fetcher.amp_query: 
I0820 23:05:11.745617   30916 structlog.go:33]   	stored_responses.database.initialize_caches.timeout_ms: 0
I0820 23:05:11.745617   30916 structlog.go:42]   	stored_responses.database.initialize_caches.query: 
I0820 23:05:11.745617   30916 structlog.go:42]   	stored_responses.database.initialize_caches.amp_query: 
I0820 23:05:11.745617   30916 structlog.go:33]   	stored_responses.database.poll_for_updates.refresh_rate_seconds: 0
I0820 23:05:11.746617   30916 structlog.go:33]   	stored_responses.database.poll_for_updates.timeout_ms: 0
I0820 23:05:11.746617   30916 structlog.go:42]   	stored_responses.database.poll_for_updates.query: 
I0820 23:05:11.746617   30916 structlog.go:42]   	stored_responses.database.poll_for_updates.amp_query: 
I0820 23:05:11.746617   30916 structlog.go:42]   	stored_responses.http.endpoint: 
I0820 23:05:11.746617   30916 structlog.go:42]   	stored_responses.http.amp_endpoint: 
I0820 23:05:11.746617   30916 structlog.go:39]   	stored_responses.http.use_rfc3986_compliant_request_builder: false
I0820 23:05:11.746617   30916 structlog.go:42]   	stored_responses.in_memory_cache.type: none
I0820 23:05:11.747613   30916 structlog.go:33]   	stored_responses.in_memory_cache.ttl_seconds: 0
I0820 23:05:11.747613   30916 structlog.go:33]   	stored_responses.in_memory_cache.size_bytes: 0
I0820 23:05:11.747613   30916 structlog.go:33]   	stored_responses.in_memory_cache.request_cache_size_bytes: 0
I0820 23:05:11.747613   30916 structlog.go:33]   	stored_responses.in_memory_cache.imp_cache_size_bytes: 0
I0820 23:05:11.747613   30916 structlog.go:33]   	stored_responses.in_memory_cache.resp_cache_size_bytes: 0
I0820 23:05:11.747613   30916 structlog.go:39]   	stored_responses.cache_events.enabled: false
I0820 23:05:11.747613   30916 structlog.go:42]   	stored_responses.cache_events.endpoint: 
I0820 23:05:11.748609   30916 structlog.go:42]   	stored_responses.http_events.endpoint: 
I0820 23:05:11.748609   30916 structlog.go:33]   	stored_responses.http_events.refresh_rate_seconds: 0
I0820 23:05:11.748609   30916 structlog.go:33]   	stored_responses.http_events.timeout_ms: 0
I0820 23:05:11.748609   30916 structlog.go:42]   	stored_responses.http_events.amp_endpoint: 
I0820 23:05:11.748609   30916 structlog.go:33]   	stored_requests_timeout_ms: 50
I0820 23:05:11.748609   30916 structlog.go:33]   	max_request_size: 262144
I0820 23:05:11.748609   30916 structlog.go:42]   	analytics.file.filename: 
I0820 23:05:11.749607   30916 structlog.go:39]   	analytics.agma.enabled: false
I0820 23:05:11.749607   30916 structlog.go:42]   	analytics.agma.endpoint.url: https://go.pbs.agma-analytics.de/v1/prebid-server
I0820 23:05:11.749607   30916 structlog.go:42]   	analytics.agma.endpoint.timeout: 2s
I0820 23:05:11.749607   30916 structlog.go:39]   	analytics.agma.endpoint.gzip: false
I0820 23:05:11.749607   30916 structlog.go:42]   	analytics.agma.buffers.size: 2MB
I0820 23:05:11.749607   30916 structlog.go:33]   	analytics.agma.buffers.count: 100
I0820 23:05:11.749607   30916 structlog.go:42]   	analytics.agma.buffers.timeout: 15m
I0820 23:05:11.750605   30916 structlog.go:42]   	analytics.agma.accounts: <[]config.AgmaAnalyticsAccount Value>
I0820 23:05:11.750605   30916 structlog.go:39]   	analytics.pubstack.enabled: false
I0820 23:05:11.750605   30916 structlog.go:42]   	analytics.pubstack.scopeid: change-me
I0820 23:05:11.750605   30916 structlog.go:42]   	analytics.pubstack.endpoint: https://s2s.pbstck.com/v1
I0820 23:05:11.750605   30916 structlog.go:42]   	analytics.pubstack.buffers.size: 2MB
I0820 23:05:11.750605   30916 structlog.go:33]   	analytics.pubstack.buffers.count: 100
I0820 23:05:11.750605   30916 structlog.go:42]   	analytics.pubstack.buffers.timeout: 900s
I0820 23:05:11.751602   30916 structlog.go:42]   	analytics.pubstack.configuration_refresh_delay: 2h
I0820 23:05:11.751602   30916 structlog.go:33]   	amp_timeout_adjustment_ms: 0
I0820 23:05:11.751602   30916 structlog.go:39]   	gdpr.enabled: true
I0820 23:05:11.751602   30916 structlog.go:33]   	gdpr.host_vendor_id: 0
I0820 23:05:11.751602   30916 structlog.go:42]   	gdpr.default_value: 
I0820 23:05:11.751602   30916 structlog.go:33]   	gdpr.timeouts_ms.init_vendorlist_fetches: 0
I0820 23:05:11.751602   30916 structlog.go:33]   	gdpr.timeouts_ms.active_vendorlist_fetch: 0
I0820 23:05:11.752599   30916 structlog.go:42]   	gdpr.non_standard_publishers,flow: <[]string Value>
I0820 23:05:11.752599   30916 structlog.go:39]   	gdpr.tcf2.enabled: true
I0820 23:05:11.752599   30916 structlog.go:42]   	gdpr.tcf2.purpose1.enforce_algo: full
I0820 23:05:11.752599   30916 structlog.go:33]   	gdpr.tcf2.purpose1.((EnforceAlgoID)): 2
I0820 23:05:11.752599   30916 structlog.go:39]   	gdpr.tcf2.purpose1.enforce_purpose: true
I0820 23:05:11.752599   30916 structlog.go:39]   	gdpr.tcf2.purpose1.enforce_vendors: true
I0820 23:05:11.752599   30916 structlog.go:42]   	gdpr.tcf2.purpose1.vendor_exceptions: <[]string Value>
I0820 23:05:11.752599   30916 structlog.go:42]   	gdpr.tcf2.purpose2.enforce_algo: full
I0820 23:05:11.753596   30916 structlog.go:33]   	gdpr.tcf2.purpose2.((EnforceAlgoID)): 2
I0820 23:05:11.753596   30916 structlog.go:39]   	gdpr.tcf2.purpose2.enforce_purpose: true
I0820 23:05:11.753596   30916 structlog.go:39]   	gdpr.tcf2.purpose2.enforce_vendors: true
I0820 23:05:11.753596   30916 structlog.go:42]   	gdpr.tcf2.purpose2.vendor_exceptions: <[]string Value>
I0820 23:05:11.753596   30916 structlog.go:42]   	gdpr.tcf2.purpose3.enforce_algo: full
I0820 23:05:11.753596   30916 structlog.go:33]   	gdpr.tcf2.purpose3.((EnforceAlgoID)): 2
I0820 23:05:11.753596   30916 structlog.go:39]   	gdpr.tcf2.purpose3.enforce_purpose: true
I0820 23:05:11.753596   30916 structlog.go:39]   	gdpr.tcf2.purpose3.enforce_vendors: true
I0820 23:05:11.754593   30916 structlog.go:42]   	gdpr.tcf2.purpose3.vendor_exceptions: <[]string Value>
I0820 23:05:11.754593   30916 structlog.go:42]   	gdpr.tcf2.purpose4.enforce_algo: full
I0820 23:05:11.754593   30916 structlog.go:33]   	gdpr.tcf2.purpose4.((EnforceAlgoID)): 2
I0820 23:05:11.754593   30916 structlog.go:39]   	gdpr.tcf2.purpose4.enforce_purpose: true
I0820 23:05:11.754593   30916 structlog.go:39]   	gdpr.tcf2.purpose4.enforce_vendors: true
I0820 23:05:11.754593   30916 structlog.go:42]   	gdpr.tcf2.purpose4.vendor_exceptions: <[]string Value>
I0820 23:05:11.754593   30916 structlog.go:42]   	gdpr.tcf2.purpose5.enforce_algo: full
I0820 23:05:11.755591   30916 structlog.go:33]   	gdpr.tcf2.purpose5.((EnforceAlgoID)): 2
I0820 23:05:11.755591   30916 structlog.go:39]   	gdpr.tcf2.purpose5.enforce_purpose: true
I0820 23:05:11.755591   30916 structlog.go:39]   	gdpr.tcf2.purpose5.enforce_vendors: true
I0820 23:05:11.755591   30916 structlog.go:42]   	gdpr.tcf2.purpose5.vendor_exceptions: <[]string Value>
I0820 23:05:11.755591   30916 structlog.go:42]   	gdpr.tcf2.purpose6.enforce_algo: full
I0820 23:05:11.755591   30916 structlog.go:33]   	gdpr.tcf2.purpose6.((EnforceAlgoID)): 2
I0820 23:05:11.755591   30916 structlog.go:39]   	gdpr.tcf2.purpose6.enforce_purpose: true
I0820 23:05:11.755591   30916 structlog.go:39]   	gdpr.tcf2.purpose6.enforce_vendors: true
I0820 23:05:11.756588   30916 structlog.go:42]   	gdpr.tcf2.purpose6.vendor_exceptions: <[]string Value>
I0820 23:05:11.756588   30916 structlog.go:42]   	gdpr.tcf2.purpose7.enforce_algo: full
I0820 23:05:11.756588   30916 structlog.go:33]   	gdpr.tcf2.purpose7.((EnforceAlgoID)): 2
I0820 23:05:11.756588   30916 structlog.go:39]   	gdpr.tcf2.purpose7.enforce_purpose: true
I0820 23:05:11.756588   30916 structlog.go:39]   	gdpr.tcf2.purpose7.enforce_vendors: true
I0820 23:05:11.756588   30916 structlog.go:42]   	gdpr.tcf2.purpose7.vendor_exceptions: <[]string Value>
I0820 23:05:11.756588   30916 structlog.go:42]   	gdpr.tcf2.purpose8.enforce_algo: full
I0820 23:05:11.757586   30916 structlog.go:33]   	gdpr.tcf2.purpose8.((EnforceAlgoID)): 2
I0820 23:05:11.757586   30916 structlog.go:39]   	gdpr.tcf2.purpose8.enforce_purpose: true
I0820 23:05:11.757586   30916 structlog.go:39]   	gdpr.tcf2.purpose8.enforce_vendors: true
I0820 23:05:11.757586   30916 structlog.go:42]   	gdpr.tcf2.purpose8.vendor_exceptions: <[]string Value>
I0820 23:05:11.757586   30916 structlog.go:42]   	gdpr.tcf2.purpose9.enforce_algo: full
I0820 23:05:11.757586   30916 structlog.go:33]   	gdpr.tcf2.purpose9.((EnforceAlgoID)): 2
I0820 23:05:11.757586   30916 structlog.go:39]   	gdpr.tcf2.purpose9.enforce_purpose: true
I0820 23:05:11.757586   30916 structlog.go:39]   	gdpr.tcf2.purpose9.enforce_vendors: true
I0820 23:05:11.758582   30916 structlog.go:42]   	gdpr.tcf2.purpose9.vendor_exceptions: <[]string Value>
I0820 23:05:11.758582   30916 structlog.go:42]   	gdpr.tcf2.purpose10.enforce_algo: full
I0820 23:05:11.758582   30916 structlog.go:33]   	gdpr.tcf2.purpose10.((EnforceAlgoID)): 2
I0820 23:05:11.758582   30916 structlog.go:39]   	gdpr.tcf2.purpose10.enforce_purpose: true
I0820 23:05:11.758582   30916 structlog.go:39]   	gdpr.tcf2.purpose10.enforce_vendors: true
I0820 23:05:11.758582   30916 structlog.go:42]   	gdpr.tcf2.purpose10.vendor_exceptions: <[]string Value>
I0820 23:05:11.758582   30916 structlog.go:42]   	gdpr.tcf2.((PurposeConfigs))[3]: <*config.TCF2Purpose Value>
I0820 23:05:11.758582   30916 structlog.go:42]   	gdpr.tcf2.((PurposeConfigs))[5]: <*config.TCF2Purpose Value>
I0820 23:05:11.759580   30916 structlog.go:42]   	gdpr.tcf2.((PurposeConfigs))[8]: <*config.TCF2Purpose Value>
I0820 23:05:11.759580   30916 structlog.go:42]   	gdpr.tcf2.((PurposeConfigs))[2]: <*config.TCF2Purpose Value>
I0820 23:05:11.759580   30916 structlog.go:42]   	gdpr.tcf2.((PurposeConfigs))[4]: <*config.TCF2Purpose Value>
I0820 23:05:11.759580   30916 structlog.go:42]   	gdpr.tcf2.((PurposeConfigs))[6]: <*config.TCF2Purpose Value>
I0820 23:05:11.759580   30916 structlog.go:42]   	gdpr.tcf2.((PurposeConfigs))[7]: <*config.TCF2Purpose Value>
I0820 23:05:11.759580   30916 structlog.go:42]   	gdpr.tcf2.((PurposeConfigs))[9]: <*config.TCF2Purpose Value>
I0820 23:05:11.759580   30916 structlog.go:42]   	gdpr.tcf2.((PurposeConfigs))[10]: <*config.TCF2Purpose Value>
I0820 23:05:11.759580   30916 structlog.go:42]   	gdpr.tcf2.((PurposeConfigs))[1]: <*config.TCF2Purpose Value>
I0820 23:05:11.760577   30916 structlog.go:39]   	gdpr.tcf2.special_feature1.enforce: true
I0820 23:05:11.760577   30916 structlog.go:42]   	gdpr.tcf2.special_feature1.vendor_exceptions: <[]openrtb_ext.BidderName Value>
I0820 23:05:11.760577   30916 structlog.go:39]   	gdpr.tcf2.purpose_one_treatment.enabled: true
I0820 23:05:11.760577   30916 structlog.go:39]   	gdpr.tcf2.purpose_one_treatment.access_allowed: true
I0820 23:05:11.760577   30916 structlog.go:39]   	gdpr.amp_exception: false
I0820 23:05:11.761171   30916 structlog.go:42]   	gdpr.eea_countries: <[]string Value>
I0820 23:05:11.761171   30916 structlog.go:39]   	ccpa.enforce: false
I0820 23:05:11.761171   30916 structlog.go:39]   	lmt.enforce: true
I0820 23:05:11.761678   30916 structlog.go:42]   	currency_converter.fetch_url: https://cdn.jsdelivr.net/gh/prebid/currency-file@1/latest.json
I0820 23:05:11.761678   30916 structlog.go:33]   	currency_converter.fetch_interval_seconds: 1800
I0820 23:05:11.761678   30916 structlog.go:33]   	currency_converter.stale_rates_seconds: 0
I0820 23:05:11.761678   30916 structlog.go:42]   	default_request.type: 
I0820 23:05:11.762189   30916 structlog.go:42]   	default_request.file.name: 
I0820 23:05:11.762189   30916 structlog.go:39]   	default_request.alias_info: false
I0820 23:05:11.762189   30916 structlog.go:39]   	video_stored_request_required: false
I0820 23:05:11.762189   30916 structlog.go:42]   	blocked_apps,flow: <[]string Value>
I0820 23:05:11.762732   30916 structlog.go:39]   	((BlockedAppsLookup))[]: true
I0820 23:05:11.762732   30916 structlog.go:39]   	account_required: false
I0820 23:05:11.762732   30916 structlog.go:42]   	account_defaults.id: 
I0820 23:05:11.763243   30916 structlog.go:39]   	account_defaults.disabled: false
I0820 23:05:11.763243   30916 structlog.go:33]   	account_defaults.cache_ttl.banner: 0
I0820 23:05:11.763243   30916 structlog.go:33]   	account_defaults.cache_ttl.video: 0
I0820 23:05:11.763243   30916 structlog.go:33]   	account_defaults.cache_ttl.native: 0
I0820 23:05:11.763243   30916 structlog.go:33]   	account_defaults.cache_ttl.audio: 0
I0820 23:05:11.763780   30916 structlog.go:42]   	account_defaults.ccpa.enabled: <*bool Value>
I0820 23:05:11.763780   30916 structlog.go:42]   	account_defaults.ccpa.channel_enabled.amp: <*bool Value>
I0820 23:05:11.763780   30916 structlog.go:42]   	account_defaults.ccpa.channel_enabled.app: <*bool Value>
I0820 23:05:11.763780   30916 structlog.go:42]   	account_defaults.ccpa.channel_enabled.video: <*bool Value>
I0820 23:05:11.764302   30916 structlog.go:42]   	account_defaults.ccpa.channel_enabled.web: <*bool Value>
I0820 23:05:11.764302   30916 structlog.go:42]   	account_defaults.ccpa.channel_enabled.dooh: <*bool Value>
I0820 23:05:11.764302   30916 structlog.go:42]   	account_defaults.gdpr.enabled: <*bool Value>
I0820 23:05:11.764823   30916 structlog.go:42]   	account_defaults.gdpr.channel_enabled.amp: <*bool Value>
I0820 23:05:11.764823   30916 structlog.go:42]   	account_defaults.gdpr.channel_enabled.app: <*bool Value>
I0820 23:05:11.764823   30916 structlog.go:42]   	account_defaults.gdpr.channel_enabled.video: <*bool Value>
I0820 23:05:11.765335   30916 structlog.go:42]   	account_defaults.gdpr.channel_enabled.web: <*bool Value>
I0820 23:05:11.765335   30916 structlog.go:42]   	account_defaults.gdpr.channel_enabled.dooh: <*bool Value>
I0820 23:05:11.765335   30916 structlog.go:42]   	account_defaults.gdpr.basic_enforcement_vendors: <[]string Value>
I0820 23:05:11.765850   30916 structlog.go:42]   	account_defaults.gdpr.purpose1.enforce_algo: 
I0820 23:05:11.765850   30916 structlog.go:33]   	account_defaults.gdpr.purpose1.((EnforceAlgoID)): 0
I0820 23:05:11.765850   30916 structlog.go:42]   	account_defaults.gdpr.purpose1.enforce_purpose: <*bool Value>
I0820 23:05:11.765850   30916 structlog.go:42]   	account_defaults.gdpr.purpose1.enforce_vendors: <*bool Value>
I0820 23:05:11.766364   30916 structlog.go:42]   	account_defaults.gdpr.purpose1.vendor_exceptions: <[]string Value>
I0820 23:05:11.766364   30916 structlog.go:42]   	account_defaults.gdpr.purpose2.enforce_algo: 
I0820 23:05:11.766364   30916 structlog.go:33]   	account_defaults.gdpr.purpose2.((EnforceAlgoID)): 0
I0820 23:05:11.766364   30916 structlog.go:42]   	account_defaults.gdpr.purpose2.enforce_purpose: <*bool Value>
I0820 23:05:11.766875   30916 structlog.go:42]   	account_defaults.gdpr.purpose2.enforce_vendors: <*bool Value>
I0820 23:05:11.766875   30916 structlog.go:42]   	account_defaults.gdpr.purpose2.vendor_exceptions: <[]string Value>
I0820 23:05:11.766875   30916 structlog.go:42]   	account_defaults.gdpr.purpose3.enforce_algo: 
I0820 23:05:11.767384   30916 structlog.go:33]   	account_defaults.gdpr.purpose3.((EnforceAlgoID)): 0
I0820 23:05:11.767384   30916 structlog.go:42]   	account_defaults.gdpr.purpose3.enforce_purpose: <*bool Value>
I0820 23:05:11.767384   30916 structlog.go:42]   	account_defaults.gdpr.purpose3.enforce_vendors: <*bool Value>
I0820 23:05:11.767384   30916 structlog.go:42]   	account_defaults.gdpr.purpose3.vendor_exceptions: <[]string Value>
I0820 23:05:11.767384   30916 structlog.go:42]   	account_defaults.gdpr.purpose4.enforce_algo: 
I0820 23:05:11.767900   30916 structlog.go:33]   	account_defaults.gdpr.purpose4.((EnforceAlgoID)): 0
I0820 23:05:11.767900   30916 structlog.go:42]   	account_defaults.gdpr.purpose4.enforce_purpose: <*bool Value>
I0820 23:05:11.767900   30916 structlog.go:42]   	account_defaults.gdpr.purpose4.enforce_vendors: <*bool Value>
I0820 23:05:11.768408   30916 structlog.go:42]   	account_defaults.gdpr.purpose4.vendor_exceptions: <[]string Value>
I0820 23:05:11.768408   30916 structlog.go:42]   	account_defaults.gdpr.purpose5.enforce_algo: 
I0820 23:05:11.768408   30916 structlog.go:33]   	account_defaults.gdpr.purpose5.((EnforceAlgoID)): 0
I0820 23:05:11.768408   30916 structlog.go:42]   	account_defaults.gdpr.purpose5.enforce_purpose: <*bool Value>
I0820 23:05:11.768916   30916 structlog.go:42]   	account_defaults.gdpr.purpose5.enforce_vendors: <*bool Value>
I0820 23:05:11.768916   30916 structlog.go:42]   	account_defaults.gdpr.purpose5.vendor_exceptions: <[]string Value>
I0820 23:05:11.768916   30916 structlog.go:42]   	account_defaults.gdpr.purpose6.enforce_algo: 
I0820 23:05:11.768916   30916 structlog.go:33]   	account_defaults.gdpr.purpose6.((EnforceAlgoID)): 0
I0820 23:05:11.769424   30916 structlog.go:42]   	account_defaults.gdpr.purpose6.enforce_purpose: <*bool Value>
I0820 23:05:11.769424   30916 structlog.go:42]   	account_defaults.gdpr.purpose6.enforce_vendors: <*bool Value>
I0820 23:05:11.769424   30916 structlog.go:42]   	account_defaults.gdpr.purpose6.vendor_exceptions: <[]string Value>
I0820 23:05:11.769424   30916 structlog.go:42]   	account_defaults.gdpr.purpose7.enforce_algo: 
I0820 23:05:11.769932   30916 structlog.go:33]   	account_defaults.gdpr.purpose7.((EnforceAlgoID)): 0
I0820 23:05:11.770038   30916 structlog.go:42]   	account_defaults.gdpr.purpose7.enforce_purpose: <*bool Value>
I0820 23:05:11.770038   30916 structlog.go:42]   	account_defaults.gdpr.purpose7.enforce_vendors: <*bool Value>
I0820 23:05:11.770038   30916 structlog.go:42]   	account_defaults.gdpr.purpose7.vendor_exceptions: <[]string Value>
I0820 23:05:11.770541   30916 structlog.go:42]   	account_defaults.gdpr.purpose8.enforce_algo: 
I0820 23:05:11.770541   30916 structlog.go:33]   	account_defaults.gdpr.purpose8.((EnforceAlgoID)): 0
I0820 23:05:11.770541   30916 structlog.go:42]   	account_defaults.gdpr.purpose8.enforce_purpose: <*bool Value>
I0820 23:05:11.770541   30916 structlog.go:42]   	account_defaults.gdpr.purpose8.enforce_vendors: <*bool Value>
I0820 23:05:11.771050   30916 structlog.go:42]   	account_defaults.gdpr.purpose8.vendor_exceptions: <[]string Value>
I0820 23:05:11.771050   30916 structlog.go:42]   	account_defaults.gdpr.purpose9.enforce_algo: 
I0820 23:05:11.771050   30916 structlog.go:33]   	account_defaults.gdpr.purpose9.((EnforceAlgoID)): 0
I0820 23:05:11.771050   30916 structlog.go:42]   	account_defaults.gdpr.purpose9.enforce_purpose: <*bool Value>
I0820 23:05:11.771558   30916 structlog.go:42]   	account_defaults.gdpr.purpose9.enforce_vendors: <*bool Value>
I0820 23:05:11.771558   30916 structlog.go:42]   	account_defaults.gdpr.purpose9.vendor_exceptions: <[]string Value>
I0820 23:05:11.771558   30916 structlog.go:42]   	account_defaults.gdpr.purpose10.enforce_algo: 
I0820 23:05:11.771558   30916 structlog.go:33]   	account_defaults.gdpr.purpose10.((EnforceAlgoID)): 0
I0820 23:05:11.772065   30916 structlog.go:42]   	account_defaults.gdpr.purpose10.enforce_purpose: <*bool Value>
I0820 23:05:11.772065   30916 structlog.go:42]   	account_defaults.gdpr.purpose10.enforce_vendors: <*bool Value>
I0820 23:05:11.772065   30916 structlog.go:42]   	account_defaults.gdpr.purpose10.vendor_exceptions: <[]string Value>
I0820 23:05:11.772065   30916 structlog.go:42]   	account_defaults.gdpr.purpose_one_treatment.enabled: <*bool Value>
I0820 23:05:11.772572   30916 structlog.go:42]   	account_defaults.gdpr.purpose_one_treatment.access_allowed: <*bool Value>
I0820 23:05:11.772572   30916 structlog.go:42]   	account_defaults.gdpr.special_feature1.enforce: <*bool Value>
I0820 23:05:11.772572   30916 structlog.go:42]   	account_defaults.gdpr.special_feature1.vendor_exceptions: <[]openrtb_ext.BidderName Value>
I0820 23:05:11.772572   30916 structlog.go:42]   	account_defaults.gdpr.eea_countries: <[]string Value>
I0820 23:05:11.773079   30916 structlog.go:39]   	account_defaults.debug_allow: true
I0820 23:05:11.773079   30916 structlog.go:42]   	account_defaults.default_integration: 
I0820 23:05:11.773079   30916 structlog.go:42]   	account_defaults.cookie_sync.default_limit: <*int Value>
I0820 23:05:11.773079   30916 structlog.go:42]   	account_defaults.cookie_sync.max_limit: <*int Value>
I0820 23:05:11.773587   30916 structlog.go:42]   	account_defaults.cookie_sync.default_coop_sync: <*bool Value>
I0820 23:05:11.773587   30916 structlog.go:39]   	account_defaults.events.enabled: false
I0820 23:05:11.773587   30916 structlog.go:42]   	account_defaults.events.default_url: https://PBS_HOST/event?t=##PBS-EVENTTYPE##&vtype=##PBS-VASTEVENT##&b=##PBS-BIDID##&f=i&a=##PBS-ACCOUNTID##&ts=##PBS-TIMESTAMP##&bidder=##PBS-BIDDER##&int=##PBS-INTEGRATION##&mt=##PBS-MEDIATYPE##&ch=##PBS-CHANNEL##&aid=##PBS-AUCTIONID##&l=##PBS-LINEID##
I0820 23:05:11.773587   30916 structlog.go:42]   	account_defaults.events.vast_events: <[]config.VASTEvent Value>
I0820 23:05:11.774094   30916 structlog.go:42]   	account_defaults.truncate_target_attr: <*int Value>
I0820 23:05:11.774094   30916 structlog.go:42]   	account_defaults.alternatebiddercodes: <*openrtb_ext.ExtAlternateBidderCodes Value>
I0820 23:05:11.774094   30916 structlog.go:39]   	account_defaults.price_floors.enabled: false
I0820 23:05:11.774094   30916 structlog.go:33]   	account_defaults.price_floors.enforce_floors_rate: 100
I0820 23:05:11.774611   30916 structlog.go:39]   	account_defaults.price_floors.adjust_for_bid_adjustment: true
I0820 23:05:11.774611   30916 structlog.go:39]   	account_defaults.price_floors.enforce_deal_floors: false
I0820 23:05:11.774611   30916 structlog.go:39]   	account_defaults.price_floors.use_dynamic_data: false
I0820 23:05:11.774611   30916 structlog.go:33]   	account_defaults.price_floors.max_rules: 100
I0820 23:05:11.775118   30916 structlog.go:33]   	account_defaults.price_floors.max_schema_dims: 3
I0820 23:05:11.775118   30916 structlog.go:39]   	account_defaults.price_floors.fetch.enabled: false
I0820 23:05:11.775118   30916 structlog.go:42]   	account_defaults.price_floors.fetch.url: 
I0820 23:05:11.775118   30916 structlog.go:33]   	account_defaults.price_floors.fetch.timeout_ms: 3000
I0820 23:05:11.775625   30916 structlog.go:33]   	account_defaults.price_floors.fetch.max_file_size_kb: 100
I0820 23:05:11.775625   30916 structlog.go:33]   	account_defaults.price_floors.fetch.max_rules: 1000
I0820 23:05:11.775625   30916 structlog.go:33]   	account_defaults.price_floors.fetch.max_age_sec: 86400
I0820 23:05:11.775625   30916 structlog.go:33]   	account_defaults.price_floors.fetch.period_sec: 3600
I0820 23:05:11.776132   30916 structlog.go:33]   	account_defaults.price_floors.fetch.max_schema_dims: 0
I0820 23:05:11.776132   30916 structlog.go:42]   	account_defaults.price_floors.fetch.accountID: 
I0820 23:05:11.776132   30916 structlog.go:42]   	account_defaults.validations.banner_creative_max_size: 
I0820 23:05:11.776132   30916 structlog.go:42]   	account_defaults.validations.secure_markup: 
I0820 23:05:11.776639   30916 structlog.go:33]   	account_defaults.validations.max_creative_width: 0
I0820 23:05:11.776639   30916 structlog.go:33]   	account_defaults.validations.max_creative_height: 0
I0820 23:05:11.776639   30916 structlog.go:33]   	account_defaults.default_bid_limit: 0
I0820 23:05:11.776639   30916 structlog.go:42]   	account_defaults.bidadjustments: <*openrtb_ext.ExtRequestPrebidBidAdjustments Value>
I0820 23:05:11.777146   30916 structlog.go:42]   	account_defaults.privacy.allowactivities: <*config.AllowActivities Value>
I0820 23:05:11.777146   30916 structlog.go:42]   	account_defaults.privacy.dsa: <*config.AccountDSA Value>
I0820 23:05:11.777146   30916 structlog.go:33]   	account_defaults.privacy.ipv6.anon_keep_bits: 56
I0820 23:05:11.777146   30916 structlog.go:33]   	account_defaults.privacy.ipv4.anon_keep_bits: 24
I0820 23:05:11.777652   30916 structlog.go:42]   	account_defaults.privacy.privacysandbox.topicsdomain: 
I0820 23:05:11.777652   30916 structlog.go:39]   	account_defaults.privacy.privacysandbox.cookiedeprecation.enabled: false
I0820 23:05:11.777652   30916 structlog.go:33]   	account_defaults.privacy.privacysandbox.cookiedeprecation.ttl_sec: 604800
I0820 23:05:11.777652   30916 structlog.go:42]   	account_defaults.targeting_prefix: 
I0820 23:05:11.778191   30916 structlog.go:42]   	((accountDefaultsJSON)): <json.RawMessage Value>
I0820 23:05:11.778191   30916 structlog.go:42]   	certificates_file: 
I0820 23:05:11.778191   30916 structlog.go:42]   	request_timeout_headers.request_time_in_queue: 
I0820 23:05:11.778191   30916 structlog.go:42]   	request_timeout_headers.request_timeout_in_queue: 
I0820 23:05:11.778698   30916 structlog.go:39]   	debug.timeout_notification.log: false
I0820 23:05:11.778698   30916 structlog.go:37]   	debug.timeout_notification.sampling_rate: 0.000000
I0820 23:05:11.778698   30916 structlog.go:39]   	debug.timeout_notification.fail_only: false
I0820 23:05:11.779206   30916 structlog.go:42]   	debug.override_token: 
I0820 23:05:11.779206   30916 structlog.go:42]   	request_validation.ipv4_private_networks,flow: <[]string Value>
I0820 23:05:11.779206   30916 structlog.go:42]   	request_validation.((IPv4PrivateNetworksParsed)): <[]net.IPNet Value>
I0820 23:05:11.779719   30916 structlog.go:42]   	request_validation.ipv6_private_networks,flow: <[]string Value>
I0820 23:05:11.779719   30916 structlog.go:42]   	request_validation.((IPv6PrivateNetworksParsed)): <[]net.IPNet Value>
I0820 23:05:11.779719   30916 structlog.go:39]   	auto_gen_source_tid: true
I0820 23:05:11.779719   30916 structlog.go:39]   	generate_bid_id: false
I0820 23:05:11.780230   30916 structlog.go:39]   	generate_request_id: false
I0820 23:05:11.780230   30916 structlog.go:42]   	host_schain_node: <*openrtb2.SupplyChainNode Value>
I0820 23:05:11.780230   30916 structlog.go:42]   	experiment.adscert.mode: off
I0820 23:05:11.780759   30916 structlog.go:42]   	experiment.adscert.inprocess.origin: 
I0820 23:05:11.780821   30916 structlog.go:42]   	experiment.adscert.inprocess.key: 
I0820 23:05:11.780821   30916 structlog.go:33]   	experiment.adscert.inprocess.domain_check_interval_seconds: 30
I0820 23:05:11.780821   30916 structlog.go:33]   	experiment.adscert.inprocess.domain_renewal_interval_seconds: 30
I0820 23:05:11.781324   30916 structlog.go:42]   	experiment.adscert.remote.url: 
I0820 23:05:11.781324   30916 structlog.go:33]   	experiment.adscert.remote.signing_timeout_ms: 5
I0820 23:05:11.781324   30916 structlog.go:42]   	datacenter: 
I0820 23:05:11.781864   30916 structlog.go:42]   	adapters[bidtheatre].aliasOf: 
I0820 23:05:11.781986   30916 structlog.go:39]   	adapters[bidtheatre].whiteLabelOnly: false
I0820 23:05:11.781986   30916 structlog.go:39]   	adapters[bidtheatre].disabled: false
I0820 23:05:11.781986   30916 structlog.go:42]   	adapters[bidtheatre].endpoint: https://prebidjs-bids.bidtheatre.net/prebidjsbid
I0820 23:05:11.782489   30916 structlog.go:42]   	adapters[bidtheatre].extra_info: 
I0820 23:05:11.782489   30916 structlog.go:42]   	adapters[bidtheatre].openrtb: <*config.OpenRTBInfo Value>
I0820 23:05:11.782489   30916 structlog.go:42]   	adapters[bidtheatre].maintainer: <*config.MaintainerInfo Value>
I0820 23:05:11.782489   30916 structlog.go:42]   	adapters[bidtheatre].capabilities: <*config.CapabilitiesInfo Value>
I0820 23:05:11.783001   30916 structlog.go:39]   	adapters[bidtheatre].modifyingVastXmlAllowed: true
I0820 23:05:11.783001   30916 structlog.go:42]   	adapters[bidtheatre].debug: <*config.DebugInfo Value>
I0820 23:05:11.783001   30916 structlog.go:35]   	adapters[bidtheatre].gvlVendorID: 30
I0820 23:05:11.783001   30916 structlog.go:42]   	adapters[bidtheatre].userSync: <*config.Syncer Value>
I0820 23:05:11.783513   30916 structlog.go:39]   	adapters[bidtheatre].experiment.adsCert.enabled: false
I0820 23:05:11.783513   30916 structlog.go:42]   	adapters[bidtheatre].xapi.username: 
I0820 23:05:11.783513   30916 structlog.go:56]   	adapters[bidtheatre].xapi.password: <REDACTED>
I0820 23:05:11.784022   30916 structlog.go:42]   	adapters[bidtheatre].xapi.tracker: 
I0820 23:05:11.784022   30916 structlog.go:42]   	adapters[bidtheatre].platform_id: 
I0820 23:05:11.784022   30916 structlog.go:42]   	adapters[bidtheatre].app_secret: 
I0820 23:05:11.784022   30916 structlog.go:42]   	adapters[bidtheatre].endpointCompression: 
I0820 23:05:11.784022   30916 structlog.go:42]   	adapters[madvertise].aliasOf: 
I0820 23:05:11.784531   30916 structlog.go:39]   	adapters[madvertise].whiteLabelOnly: false
I0820 23:05:11.784531   30916 structlog.go:39]   	adapters[madvertise].disabled: false
I0820 23:05:11.784531   30916 structlog.go:42]   	adapters[madvertise].endpoint: https://mobile.mng-ads.com/bidrequest{{.ZoneID}}
I0820 23:05:11.784531   30916 structlog.go:42]   	adapters[madvertise].extra_info: 
I0820 23:05:11.785040   30916 structlog.go:42]   	adapters[madvertise].openrtb: <*config.OpenRTBInfo Value>
I0820 23:05:11.785040   30916 structlog.go:42]   	adapters[madvertise].maintainer: <*config.MaintainerInfo Value>
I0820 23:05:11.785040   30916 structlog.go:42]   	adapters[madvertise].capabilities: <*config.CapabilitiesInfo Value>
I0820 23:05:11.785040   30916 structlog.go:39]   	adapters[madvertise].modifyingVastXmlAllowed: false
I0820 23:05:11.785551   30916 structlog.go:42]   	adapters[madvertise].debug: <*config.DebugInfo Value>
I0820 23:05:11.785551   30916 structlog.go:35]   	adapters[madvertise].gvlVendorID: 153
I0820 23:05:11.785551   30916 structlog.go:42]   	adapters[madvertise].userSync: <*config.Syncer Value>
I0820 23:05:11.786063   30916 structlog.go:39]   	adapters[madvertise].experiment.adsCert.enabled: false
I0820 23:05:11.786063   30916 structlog.go:42]   	adapters[madvertise].xapi.username: 
I0820 23:05:11.786063   30916 structlog.go:56]   	adapters[madvertise].xapi.password: <REDACTED>
I0820 23:05:11.786063   30916 structlog.go:42]   	adapters[madvertise].xapi.tracker: 
I0820 23:05:11.786574   30916 structlog.go:42]   	adapters[madvertise].platform_id: 
I0820 23:05:11.786574   30916 structlog.go:42]   	adapters[madvertise].app_secret: 
I0820 23:05:11.786574   30916 structlog.go:42]   	adapters[madvertise].endpointCompression: 
I0820 23:05:11.786574   30916 structlog.go:42]   	adapters[concert].aliasOf: 
I0820 23:05:11.787083   30916 structlog.go:39]   	adapters[concert].whiteLabelOnly: false
I0820 23:05:11.787083   30916 structlog.go:39]   	adapters[concert].disabled: false
I0820 23:05:11.787083   30916 structlog.go:42]   	adapters[concert].endpoint: https://bids.concert.io/bids/openrtb
I0820 23:05:11.787083   30916 structlog.go:42]   	adapters[concert].extra_info: 
I0820 23:05:11.787590   30916 structlog.go:42]   	adapters[concert].openrtb: <*config.OpenRTBInfo Value>
I0820 23:05:11.787590   30916 structlog.go:42]   	adapters[concert].maintainer: <*config.MaintainerInfo Value>
I0820 23:05:11.787590   30916 structlog.go:42]   	adapters[concert].capabilities: <*config.CapabilitiesInfo Value>
I0820 23:05:11.787590   30916 structlog.go:39]   	adapters[concert].modifyingVastXmlAllowed: true
I0820 23:05:11.788102   30916 structlog.go:42]   	adapters[concert].debug: <*config.DebugInfo Value>
I0820 23:05:11.788102   30916 structlog.go:35]   	adapters[concert].gvlVendorID: 0
I0820 23:05:11.788102   30916 structlog.go:42]   	adapters[concert].userSync: <*config.Syncer Value>
I0820 23:05:11.788102   30916 structlog.go:39]   	adapters[concert].experiment.adsCert.enabled: false
I0820 23:05:11.788611   30916 structlog.go:42]   	adapters[concert].xapi.username: 
I0820 23:05:11.788611   30916 structlog.go:56]   	adapters[concert].xapi.password: <REDACTED>
I0820 23:05:11.788611   30916 structlog.go:42]   	adapters[concert].xapi.tracker: 
I0820 23:05:11.788611   30916 structlog.go:42]   	adapters[concert].platform_id: 
I0820 23:05:11.789120   30916 structlog.go:42]   	adapters[concert].app_secret: 
I0820 23:05:11.789120   30916 structlog.go:42]   	adapters[concert].endpointCompression: gzip
I0820 23:05:11.789120   30916 structlog.go:42]   	adapters[sonobi].aliasOf: 
I0820 23:05:11.789120   30916 structlog.go:39]   	adapters[sonobi].whiteLabelOnly: false
I0820 23:05:11.789628   30916 structlog.go:39]   	adapters[sonobi].disabled: false
I0820 23:05:11.789628   30916 structlog.go:42]   	adapters[sonobi].endpoint: https://apex.go.sonobi.com/prebid?partnerid=71d9d3d8af
I0820 23:05:11.789628   30916 structlog.go:42]   	adapters[sonobi].extra_info: 
I0820 23:05:11.789628   30916 structlog.go:42]   	adapters[sonobi].openrtb: <*config.OpenRTBInfo Value>
I0820 23:05:11.790136   30916 structlog.go:42]   	adapters[sonobi].maintainer: <*config.MaintainerInfo Value>
I0820 23:05:11.790136   30916 structlog.go:42]   	adapters[sonobi].capabilities: <*config.CapabilitiesInfo Value>
I0820 23:05:11.790136   30916 structlog.go:39]   	adapters[sonobi].modifyingVastXmlAllowed: false
I0820 23:05:11.790136   30916 structlog.go:42]   	adapters[sonobi].debug: <*config.DebugInfo Value>
I0820 23:05:11.790136   30916 structlog.go:35]   	adapters[sonobi].gvlVendorID: 104
I0820 23:05:11.790136   30916 structlog.go:42]   	adapters[sonobi].userSync: <*config.Syncer Value>
I0820 23:05:11.790136   30916 structlog.go:39]   	adapters[sonobi].experiment.adsCert.enabled: false
I0820 23:05:11.790136   30916 structlog.go:42]   	adapters[sonobi].xapi.username: 
I0820 23:05:11.791135   30916 structlog.go:56]   	adapters[sonobi].xapi.password: <REDACTED>
I0820 23:05:11.791135   30916 structlog.go:42]   	adapters[sonobi].xapi.tracker: 
I0820 23:05:11.791135   30916 structlog.go:42]   	adapters[sonobi].platform_id: 
I0820 23:05:11.791135   30916 structlog.go:42]   	adapters[sonobi].app_secret: 
I0820 23:05:11.791135   30916 structlog.go:42]   	adapters[sonobi].endpointCompression: 
I0820 23:05:11.791135   30916 structlog.go:42]   	adapters[amx].aliasOf: 
I0820 23:05:11.791135   30916 structlog.go:39]   	adapters[amx].whiteLabelOnly: false
I0820 23:05:11.791135   30916 structlog.go:39]   	adapters[amx].disabled: false
I0820 23:05:11.792132   30916 structlog.go:42]   	adapters[amx].endpoint: http://pbs.amxrtb.com/auction/openrtb
I0820 23:05:11.792132   30916 structlog.go:42]   	adapters[amx].extra_info: 
I0820 23:05:11.792132   30916 structlog.go:42]   	adapters[amx].openrtb: <*config.OpenRTBInfo Value>
I0820 23:05:11.792132   30916 structlog.go:42]   	adapters[amx].maintainer: <*config.MaintainerInfo Value>
I0820 23:05:11.792132   30916 structlog.go:42]   	adapters[amx].capabilities: <*config.CapabilitiesInfo Value>
I0820 23:05:11.792132   30916 structlog.go:39]   	adapters[amx].modifyingVastXmlAllowed: false
I0820 23:05:11.792132   30916 structlog.go:42]   	adapters[amx].debug: <*config.DebugInfo Value>
I0820 23:05:11.792132   30916 structlog.go:35]   	adapters[amx].gvlVendorID: 737
I0820 23:05:11.793130   30916 structlog.go:42]   	adapters[amx].userSync: <*config.Syncer Value>
I0820 23:05:11.793130   30916 structlog.go:39]   	adapters[amx].experiment.adsCert.enabled: false
I0820 23:05:11.793130   30916 structlog.go:42]   	adapters[amx].xapi.username: 
I0820 23:05:11.793130   30916 structlog.go:56]   	adapters[amx].xapi.password: <REDACTED>
I0820 23:05:11.793130   30916 structlog.go:42]   	adapters[amx].xapi.tracker: 
I0820 23:05:11.793130   30916 structlog.go:42]   	adapters[amx].platform_id: 
I0820 23:05:11.793130   30916 structlog.go:42]   	adapters[amx].app_secret: 
I0820 23:05:11.793130   30916 structlog.go:42]   	adapters[amx].endpointCompression: GZIP
I0820 23:05:11.794127   30916 structlog.go:42]   	adapters[revcontent].aliasOf: 
I0820 23:05:11.794127   30916 structlog.go:39]   	adapters[revcontent].whiteLabelOnly: false
I0820 23:05:11.794127   30916 structlog.go:39]   	adapters[revcontent].disabled: true
I0820 23:05:11.794127   30916 structlog.go:42]   	adapters[revcontent].endpoint: https://trends.revcontent.com/rtb
I0820 23:05:11.794127   30916 structlog.go:42]   	adapters[revcontent].extra_info: 
I0820 23:05:11.794127   30916 structlog.go:42]   	adapters[revcontent].openrtb: <*config.OpenRTBInfo Value>
I0820 23:05:11.794127   30916 structlog.go:42]   	adapters[revcontent].maintainer: <*config.MaintainerInfo Value>
I0820 23:05:11.794127   30916 structlog.go:42]   	adapters[revcontent].capabilities: <*config.CapabilitiesInfo Value>
I0820 23:05:11.795124   30916 structlog.go:39]   	adapters[revcontent].modifyingVastXmlAllowed: false
I0820 23:05:11.795124   30916 structlog.go:42]   	adapters[revcontent].debug: <*config.DebugInfo Value>
I0820 23:05:11.795124   30916 structlog.go:35]   	adapters[revcontent].gvlVendorID: 203
I0820 23:05:11.795124   30916 structlog.go:42]   	adapters[revcontent].userSync: <*config.Syncer Value>
I0820 23:05:11.795124   30916 structlog.go:39]   	adapters[revcontent].experiment.adsCert.enabled: false
I0820 23:05:11.795124   30916 structlog.go:42]   	adapters[revcontent].xapi.username: 
I0820 23:05:11.795124   30916 structlog.go:56]   	adapters[revcontent].xapi.password: <REDACTED>
I0820 23:05:11.796122   30916 structlog.go:42]   	adapters[revcontent].xapi.tracker: 
I0820 23:05:11.796122   30916 structlog.go:42]   	adapters[revcontent].platform_id: 
I0820 23:05:11.796122   30916 structlog.go:42]   	adapters[revcontent].app_secret: 
I0820 23:05:11.796122   30916 structlog.go:42]   	adapters[revcontent].endpointCompression: 
I0820 23:05:11.796122   30916 structlog.go:42]   	adapters[quantumdex].aliasOf: apacdex
I0820 23:05:11.796122   30916 structlog.go:39]   	adapters[quantumdex].whiteLabelOnly: false
I0820 23:05:11.796122   30916 structlog.go:39]   	adapters[quantumdex].disabled: false
I0820 23:05:11.797120   30916 structlog.go:42]   	adapters[quantumdex].endpoint: http://useast.quantumdex.io/auction/pbs
I0820 23:05:11.797120   30916 structlog.go:42]   	adapters[quantumdex].extra_info: 
I0820 23:05:11.797120   30916 structlog.go:42]   	adapters[quantumdex].openrtb: <*config.OpenRTBInfo Value>
I0820 23:05:11.797120   30916 structlog.go:42]   	adapters[quantumdex].maintainer: <*config.MaintainerInfo Value>
I0820 23:05:11.797120   30916 structlog.go:42]   	adapters[quantumdex].capabilities: <*config.CapabilitiesInfo Value>
I0820 23:05:11.797120   30916 structlog.go:39]   	adapters[quantumdex].modifyingVastXmlAllowed: false
I0820 23:05:11.797120   30916 structlog.go:42]   	adapters[quantumdex].debug: <*config.DebugInfo Value>
I0820 23:05:11.798117   30916 structlog.go:35]   	adapters[quantumdex].gvlVendorID: 0
I0820 23:05:11.798117   30916 structlog.go:42]   	adapters[quantumdex].userSync: <*config.Syncer Value>
I0820 23:05:11.798117   30916 structlog.go:39]   	adapters[quantumdex].experiment.adsCert.enabled: false
I0820 23:05:11.798117   30916 structlog.go:42]   	adapters[quantumdex].xapi.username: 
I0820 23:05:11.798117   30916 structlog.go:56]   	adapters[quantumdex].xapi.password: <REDACTED>
I0820 23:05:11.799115   30916 structlog.go:42]   	adapters[quantumdex].xapi.tracker: 
I0820 23:05:11.799115   30916 structlog.go:42]   	adapters[quantumdex].platform_id: 
I0820 23:05:11.799115   30916 structlog.go:42]   	adapters[quantumdex].app_secret: 
I0820 23:05:11.799115   30916 structlog.go:42]   	adapters[quantumdex].endpointCompression: 
I0820 23:05:11.799115   30916 structlog.go:42]   	adapters[nobid].aliasOf: 
I0820 23:05:11.799115   30916 structlog.go:39]   	adapters[nobid].whiteLabelOnly: false
I0820 23:05:11.800111   30916 structlog.go:39]   	adapters[nobid].disabled: false
I0820 23:05:11.800111   30916 structlog.go:42]   	adapters[nobid].endpoint: https://ads.servenobid.com/ortb_adreq?tek=pbs&ver=1
I0820 23:05:11.800111   30916 structlog.go:42]   	adapters[nobid].extra_info: 
I0820 23:05:11.800111   30916 structlog.go:42]   	adapters[nobid].openrtb: <*config.OpenRTBInfo Value>
I0820 23:05:11.800111   30916 structlog.go:42]   	adapters[nobid].maintainer: <*config.MaintainerInfo Value>
I0820 23:05:11.800111   30916 structlog.go:42]   	adapters[nobid].capabilities: <*config.CapabilitiesInfo Value>
I0820 23:05:11.801108   30916 structlog.go:39]   	adapters[nobid].modifyingVastXmlAllowed: false
I0820 23:05:11.801108   30916 structlog.go:42]   	adapters[nobid].debug: <*config.DebugInfo Value>
I0820 23:05:11.801108   30916 structlog.go:35]   	adapters[nobid].gvlVendorID: 816
I0820 23:05:11.801108   30916 structlog.go:42]   	adapters[nobid].userSync: <*config.Syncer Value>
I0820 23:05:11.801108   30916 structlog.go:39]   	adapters[nobid].experiment.adsCert.enabled: false
I0820 23:05:11.801108   30916 structlog.go:42]   	adapters[nobid].xapi.username: 
I0820 23:05:11.802117   30916 structlog.go:56]   	adapters[nobid].xapi.password: <REDACTED>
I0820 23:05:11.802117   30916 structlog.go:42]   	adapters[nobid].xapi.tracker: 
I0820 23:05:11.802117   30916 structlog.go:42]   	adapters[nobid].platform_id: 
I0820 23:05:11.802117   30916 structlog.go:42]   	adapters[nobid].app_secret: 
I0820 23:05:11.802117   30916 structlog.go:42]   	adapters[nobid].endpointCompression: 
I0820 23:05:11.802117   30916 structlog.go:42]   	adapters[synacormedia].aliasOf: imds
I0820 23:05:11.802117   30916 structlog.go:39]   	adapters[synacormedia].whiteLabelOnly: false
I0820 23:05:11.803103   30916 structlog.go:39]   	adapters[synacormedia].disabled: false
I0820 23:05:11.803103   30916 structlog.go:42]   	adapters[synacormedia].endpoint: https://pbs.technoratimedia.com/openrtb/bids/{{.AccountID}}?src={{.SourceId}}&adapter=synacormedia
I0820 23:05:11.803103   30916 structlog.go:42]   	adapters[synacormedia].extra_info: 
I0820 23:05:11.803103   30916 structlog.go:42]   	adapters[synacormedia].openrtb: <*config.OpenRTBInfo Value>
I0820 23:05:11.803103   30916 structlog.go:42]   	adapters[synacormedia].maintainer: <*config.MaintainerInfo Value>
I0820 23:05:11.803103   30916 structlog.go:42]   	adapters[synacormedia].capabilities: <*config.CapabilitiesInfo Value>
I0820 23:05:11.804100   30916 structlog.go:39]   	adapters[synacormedia].modifyingVastXmlAllowed: false
I0820 23:05:11.804100   30916 structlog.go:42]   	adapters[synacormedia].debug: <*config.DebugInfo Value>
I0820 23:05:11.804100   30916 structlog.go:35]   	adapters[synacormedia].gvlVendorID: 0
I0820 23:05:11.804100   30916 structlog.go:42]   	adapters[synacormedia].userSync: <*config.Syncer Value>
I0820 23:05:11.804100   30916 structlog.go:39]   	adapters[synacormedia].experiment.adsCert.enabled: false
I0820 23:05:11.804100   30916 structlog.go:42]   	adapters[synacormedia].xapi.username: 
I0820 23:05:11.804100   30916 structlog.go:56]   	adapters[synacormedia].xapi.password: <REDACTED>
I0820 23:05:11.805097   30916 structlog.go:42]   	adapters[synacormedia].xapi.tracker: 
I0820 23:05:11.805097   30916 structlog.go:42]   	adapters[synacormedia].platform_id: 
I0820 23:05:11.805097   30916 structlog.go:42]   	adapters[synacormedia].app_secret: 
I0820 23:05:11.805097   30916 structlog.go:42]   	adapters[synacormedia].endpointCompression: 
I0820 23:05:11.805097   30916 structlog.go:42]   	adapters[iqx].aliasOf: 
I0820 23:05:11.805097   30916 structlog.go:39]   	adapters[iqx].whiteLabelOnly: false
I0820 23:05:11.806094   30916 structlog.go:39]   	adapters[iqx].disabled: false
I0820 23:05:11.806094   30916 structlog.go:42]   	adapters[iqx].endpoint: http://rtb.iqzone.com?pid={{.SourceId}}&host={{.Host}}&pbs=1
I0820 23:05:11.806094   30916 structlog.go:42]   	adapters[iqx].extra_info: 
I0820 23:05:11.806094   30916 structlog.go:42]   	adapters[iqx].openrtb: <*config.OpenRTBInfo Value>
I0820 23:05:11.806094   30916 structlog.go:42]   	adapters[iqx].maintainer: <*config.MaintainerInfo Value>
I0820 23:05:11.806094   30916 structlog.go:42]   	adapters[iqx].capabilities: <*config.CapabilitiesInfo Value>
I0820 23:05:11.807092   30916 structlog.go:39]   	adapters[iqx].modifyingVastXmlAllowed: false
I0820 23:05:11.807092   30916 structlog.go:42]   	adapters[iqx].debug: <*config.DebugInfo Value>
I0820 23:05:11.807092   30916 structlog.go:35]   	adapters[iqx].gvlVendorID: 0
I0820 23:05:11.807092   30916 structlog.go:42]   	adapters[iqx].userSync: <*config.Syncer Value>
I0820 23:05:11.807092   30916 structlog.go:39]   	adapters[iqx].experiment.adsCert.enabled: false
I0820 23:05:11.807092   30916 structlog.go:42]   	adapters[iqx].xapi.username: 
I0820 23:05:11.808089   30916 structlog.go:56]   	adapters[iqx].xapi.password: <REDACTED>
I0820 23:05:11.808089   30916 structlog.go:42]   	adapters[iqx].xapi.tracker: 
I0820 23:05:11.808089   30916 structlog.go:42]   	adapters[iqx].platform_id: 
I0820 23:05:11.808089   30916 structlog.go:42]   	adapters[iqx].app_secret: 
I0820 23:05:11.808089   30916 structlog.go:42]   	adapters[iqx].endpointCompression: 
I0820 23:05:11.808089   30916 structlog.go:42]   	adapters[nextmillennium].aliasOf: 
I0820 23:05:11.809086   30916 structlog.go:39]   	adapters[nextmillennium].whiteLabelOnly: false
I0820 23:05:11.809086   30916 structlog.go:39]   	adapters[nextmillennium].disabled: false
I0820 23:05:11.809086   30916 structlog.go:42]   	adapters[nextmillennium].endpoint: https://pbs.nextmillmedia.com/openrtb2/auction
I0820 23:05:11.809086   30916 structlog.go:42]   	adapters[nextmillennium].extra_info: 
I0820 23:05:11.809086   30916 structlog.go:42]   	adapters[nextmillennium].openrtb: <*config.OpenRTBInfo Value>
I0820 23:05:11.809086   30916 structlog.go:42]   	adapters[nextmillennium].maintainer: <*config.MaintainerInfo Value>
I0820 23:05:11.809086   30916 structlog.go:42]   	adapters[nextmillennium].capabilities: <*config.CapabilitiesInfo Value>
I0820 23:05:11.809086   30916 structlog.go:39]   	adapters[nextmillennium].modifyingVastXmlAllowed: false
I0820 23:05:11.810084   30916 structlog.go:42]   	adapters[nextmillennium].debug: <*config.DebugInfo Value>
I0820 23:05:11.810084   30916 structlog.go:35]   	adapters[nextmillennium].gvlVendorID: 1060
I0820 23:05:11.810084   30916 structlog.go:42]   	adapters[nextmillennium].userSync: <*config.Syncer Value>
I0820 23:05:11.810084   30916 structlog.go:39]   	adapters[nextmillennium].experiment.adsCert.enabled: false
I0820 23:05:11.810084   30916 structlog.go:42]   	adapters[nextmillennium].xapi.username: 
I0820 23:05:11.810084   30916 structlog.go:56]   	adapters[nextmillennium].xapi.password: <REDACTED>
I0820 23:05:11.810084   30916 structlog.go:42]   	adapters[nextmillennium].xapi.tracker: 
I0820 23:05:11.810084   30916 structlog.go:42]   	adapters[nextmillennium].platform_id: 
I0820 23:05:11.811081   30916 structlog.go:42]   	adapters[nextmillennium].app_secret: 
I0820 23:05:11.811081   30916 structlog.go:42]   	adapters[nextmillennium].endpointCompression: GZIP
I0820 23:05:11.811081   30916 structlog.go:42]   	adapters[aidem].aliasOf: 
I0820 23:05:11.811081   30916 structlog.go:39]   	adapters[aidem].whiteLabelOnly: false
I0820 23:05:11.811081   30916 structlog.go:39]   	adapters[aidem].disabled: false
I0820 23:05:11.811081   30916 structlog.go:42]   	adapters[aidem].endpoint: https://zero.aidemsrv.com/ortb/v2.6/bid/request?billing_id={{.PublisherID}}
I0820 23:05:11.811081   30916 structlog.go:42]   	adapters[aidem].extra_info: 
I0820 23:05:11.812079   30916 structlog.go:42]   	adapters[aidem].openrtb: <*config.OpenRTBInfo Value>
I0820 23:05:11.812079   30916 structlog.go:42]   	adapters[aidem].maintainer: <*config.MaintainerInfo Value>
I0820 23:05:11.812079   30916 structlog.go:42]   	adapters[aidem].capabilities: <*config.CapabilitiesInfo Value>
I0820 23:05:11.812079   30916 structlog.go:39]   	adapters[aidem].modifyingVastXmlAllowed: true
I0820 23:05:11.812079   30916 structlog.go:42]   	adapters[aidem].debug: <*config.DebugInfo Value>
I0820 23:05:11.812079   30916 structlog.go:35]   	adapters[aidem].gvlVendorID: 0
I0820 23:05:11.812079   30916 structlog.go:42]   	adapters[aidem].userSync: <*config.Syncer Value>
I0820 23:05:11.812079   30916 structlog.go:39]   	adapters[aidem].experiment.adsCert.enabled: false
I0820 23:05:11.812079   30916 structlog.go:42]   	adapters[aidem].xapi.username: 
I0820 23:05:11.812079   30916 structlog.go:56]   	adapters[aidem].xapi.password: <REDACTED>
I0820 23:05:11.813394   30916 structlog.go:42]   	adapters[aidem].xapi.tracker: 
I0820 23:05:11.813394   30916 structlog.go:42]   	adapters[aidem].platform_id: 
I0820 23:05:11.813394   30916 structlog.go:42]   	adapters[aidem].app_secret: 
I0820 23:05:11.813394   30916 structlog.go:42]   	adapters[aidem].endpointCompression: 
I0820 23:05:11.813926   30916 structlog.go:42]   	adapters[ccx].aliasOf: 
I0820 23:05:11.813926   30916 structlog.go:39]   	adapters[ccx].whiteLabelOnly: false
I0820 23:05:11.813926   30916 structlog.go:39]   	adapters[ccx].disabled: false
I0820 23:05:11.813926   30916 structlog.go:42]   	adapters[ccx].endpoint: https://delivery.clickonometrics.pl/ortb/prebid/bid
I0820 23:05:11.814456   30916 structlog.go:42]   	adapters[ccx].extra_info: 
I0820 23:05:11.814456   30916 structlog.go:42]   	adapters[ccx].openrtb: <*config.OpenRTBInfo Value>
I0820 23:05:11.814456   30916 structlog.go:42]   	adapters[ccx].maintainer: <*config.MaintainerInfo Value>
I0820 23:05:11.814990   30916 structlog.go:42]   	adapters[ccx].capabilities: <*config.CapabilitiesInfo Value>
I0820 23:05:11.814990   30916 structlog.go:39]   	adapters[ccx].modifyingVastXmlAllowed: false
I0820 23:05:11.814990   30916 structlog.go:42]   	adapters[ccx].debug: <*config.DebugInfo Value>
I0820 23:05:11.814990   30916 structlog.go:35]   	adapters[ccx].gvlVendorID: 773
I0820 23:05:11.815540   30916 structlog.go:42]   	adapters[ccx].userSync: <*config.Syncer Value>
I0820 23:05:11.815540   30916 structlog.go:39]   	adapters[ccx].experiment.adsCert.enabled: false
I0820 23:05:11.815540   30916 structlog.go:42]   	adapters[ccx].xapi.username: 
I0820 23:05:11.816054   30916 structlog.go:56]   	adapters[ccx].xapi.password: <REDACTED>
I0820 23:05:11.816054   30916 structlog.go:42]   	adapters[ccx].xapi.tracker: 
I0820 23:05:11.816054   30916 structlog.go:42]   	adapters[ccx].platform_id: 
I0820 23:05:11.816054   30916 structlog.go:42]   	adapters[ccx].app_secret: 
I0820 23:05:11.816567   30916 structlog.go:42]   	adapters[ccx].endpointCompression: 
I0820 23:05:11.816567   30916 structlog.go:42]   	adapters[yobee].aliasOf: admatic
I0820 23:05:11.816567   30916 structlog.go:39]   	adapters[yobee].whiteLabelOnly: false
I0820 23:05:11.817087   30916 structlog.go:39]   	adapters[yobee].disabled: false
I0820 23:05:11.817087   30916 structlog.go:42]   	adapters[yobee].endpoint: http://pbs.admatic.com.tr?host={{.Host}}
I0820 23:05:11.817087   30916 structlog.go:42]   	adapters[yobee].extra_info: 
I0820 23:05:11.817087   30916 structlog.go:42]   	adapters[yobee].openrtb: <*config.OpenRTBInfo Value>
I0820 23:05:11.817598   30916 structlog.go:42]   	adapters[yobee].maintainer: <*config.MaintainerInfo Value>
I0820 23:05:11.817598   30916 structlog.go:42]   	adapters[yobee].capabilities: <*config.CapabilitiesInfo Value>
I0820 23:05:11.817598   30916 structlog.go:39]   	adapters[yobee].modifyingVastXmlAllowed: false
I0820 23:05:11.817598   30916 structlog.go:42]   	adapters[yobee].debug: <*config.DebugInfo Value>
I0820 23:05:11.818111   30916 structlog.go:35]   	adapters[yobee].gvlVendorID: 1281
I0820 23:05:11.818111   30916 structlog.go:42]   	adapters[yobee].userSync: <*config.Syncer Value>
I0820 23:05:11.818111   30916 structlog.go:39]   	adapters[yobee].experiment.adsCert.enabled: false
I0820 23:05:11.818111   30916 structlog.go:42]   	adapters[yobee].xapi.username: 
I0820 23:05:11.818618   30916 structlog.go:56]   	adapters[yobee].xapi.password: <REDACTED>
I0820 23:05:11.818618   30916 structlog.go:42]   	adapters[yobee].xapi.tracker: 
I0820 23:05:11.818618   30916 structlog.go:42]   	adapters[yobee].platform_id: 
I0820 23:05:11.819125   30916 structlog.go:42]   	adapters[yobee].app_secret: 
I0820 23:05:11.819125   30916 structlog.go:42]   	adapters[yobee].endpointCompression: 
I0820 23:05:11.819125   30916 structlog.go:42]   	adapters[seedtag].aliasOf: 
I0820 23:05:11.819125   30916 structlog.go:39]   	adapters[seedtag].whiteLabelOnly: false
I0820 23:05:11.819632   30916 structlog.go:39]   	adapters[seedtag].disabled: false
I0820 23:05:11.819632   30916 structlog.go:42]   	adapters[seedtag].endpoint: https://s.seedtag.com/c/openrtb?partner=prebidserver
I0820 23:05:11.819632   30916 structlog.go:42]   	adapters[seedtag].extra_info: 
I0820 23:05:11.819632   30916 structlog.go:42]   	adapters[seedtag].openrtb: <*config.OpenRTBInfo Value>
I0820 23:05:11.820139   30916 structlog.go:42]   	adapters[seedtag].maintainer: <*config.MaintainerInfo Value>
I0820 23:05:11.820139   30916 structlog.go:42]   	adapters[seedtag].capabilities: <*config.CapabilitiesInfo Value>
I0820 23:05:11.820139   30916 structlog.go:39]   	adapters[seedtag].modifyingVastXmlAllowed: false
I0820 23:05:11.820139   30916 structlog.go:42]   	adapters[seedtag].debug: <*config.DebugInfo Value>
I0820 23:05:11.820646   30916 structlog.go:35]   	adapters[seedtag].gvlVendorID: 157
I0820 23:05:11.820646   30916 structlog.go:42]   	adapters[seedtag].userSync: <*config.Syncer Value>
I0820 23:05:11.820646   30916 structlog.go:39]   	adapters[seedtag].experiment.adsCert.enabled: false
I0820 23:05:11.820646   30916 structlog.go:42]   	adapters[seedtag].xapi.username: 
I0820 23:05:11.821152   30916 structlog.go:56]   	adapters[seedtag].xapi.password: <REDACTED>
I0820 23:05:11.821152   30916 structlog.go:42]   	adapters[seedtag].xapi.tracker: 
I0820 23:05:11.821152   30916 structlog.go:42]   	adapters[seedtag].platform_id: 
I0820 23:05:11.821152   30916 structlog.go:42]   	adapters[seedtag].app_secret: 
I0820 23:05:11.821659   30916 structlog.go:42]   	adapters[seedtag].endpointCompression: gzip
I0820 23:05:11.821659   30916 structlog.go:42]   	adapters[yahooAds].aliasOf: 
I0820 23:05:11.821659   30916 structlog.go:39]   	adapters[yahooAds].whiteLabelOnly: false
I0820 23:05:11.822166   30916 structlog.go:39]   	adapters[yahooAds].disabled: false
I0820 23:05:11.822166   30916 structlog.go:42]   	adapters[yahooAds].endpoint: https://s2shb.ssp.yahoo.com/admax/bid/partners/PBS
I0820 23:05:11.822672   30916 structlog.go:42]   	adapters[yahooAds].extra_info: 
I0820 23:05:11.822672   30916 structlog.go:42]   	adapters[yahooAds].openrtb: <*config.OpenRTBInfo Value>
I0820 23:05:11.823179   30916 structlog.go:42]   	adapters[yahooAds].maintainer: <*config.MaintainerInfo Value>
I0820 23:05:11.823179   30916 structlog.go:42]   	adapters[yahooAds].capabilities: <*config.CapabilitiesInfo Value>
I0820 23:05:11.823686   30916 structlog.go:39]   	adapters[yahooAds].modifyingVastXmlAllowed: false
I0820 23:05:11.823686   30916 structlog.go:42]   	adapters[yahooAds].debug: <*config.DebugInfo Value>
I0820 23:05:11.824192   30916 structlog.go:35]   	adapters[yahooAds].gvlVendorID: 25
I0820 23:05:11.824192   30916 structlog.go:42]   	adapters[yahooAds].userSync: <*config.Syncer Value>
I0820 23:05:11.824192   30916 structlog.go:39]   	adapters[yahooAds].experiment.adsCert.enabled: false
I0820 23:05:11.824699   30916 structlog.go:42]   	adapters[yahooAds].xapi.username: 
I0820 23:05:11.824699   30916 structlog.go:56]   	adapters[yahooAds].xapi.password: <REDACTED>
I0820 23:05:11.825226   30916 structlog.go:42]   	adapters[yahooAds].xapi.tracker: 
I0820 23:05:11.825226   30916 structlog.go:42]   	adapters[yahooAds].platform_id: 
I0820 23:05:11.825226   30916 structlog.go:42]   	adapters[yahooAds].app_secret: 
I0820 23:05:11.825738   30916 structlog.go:42]   	adapters[yahooAds].endpointCompression: 
I0820 23:05:11.825738   30916 structlog.go:42]   	adapters[epsilon].aliasOf: conversant
I0820 23:05:11.825738   30916 structlog.go:39]   	adapters[epsilon].whiteLabelOnly: false
I0820 23:05:11.826250   30916 structlog.go:39]   	adapters[epsilon].disabled: false
I0820 23:05:11.826250   30916 structlog.go:42]   	adapters[epsilon].endpoint: http://api.hb.ad.cpe.dotomi.com/cvx/server/hb/ortb
I0820 23:05:11.826250   30916 structlog.go:42]   	adapters[epsilon].extra_info: 
I0820 23:05:11.826786   30916 structlog.go:42]   	adapters[epsilon].openrtb: <*config.OpenRTBInfo Value>
I0820 23:05:11.826786   30916 structlog.go:42]   	adapters[epsilon].maintainer: <*config.MaintainerInfo Value>
I0820 23:05:11.827294   30916 structlog.go:42]   	adapters[epsilon].capabilities: <*config.CapabilitiesInfo Value>
I0820 23:05:11.827294   30916 structlog.go:39]   	adapters[epsilon].modifyingVastXmlAllowed: false
I0820 23:05:11.827294   30916 structlog.go:42]   	adapters[epsilon].debug: <*config.DebugInfo Value>
I0820 23:05:11.827294   30916 structlog.go:35]   	adapters[epsilon].gvlVendorID: 24
I0820 23:05:11.827805   30916 structlog.go:42]   	adapters[epsilon].userSync: <*config.Syncer Value>
I0820 23:05:11.827805   30916 structlog.go:39]   	adapters[epsilon].experiment.adsCert.enabled: false
I0820 23:05:11.827805   30916 structlog.go:42]   	adapters[epsilon].xapi.username: 
I0820 23:05:11.828342   30916 structlog.go:56]   	adapters[epsilon].xapi.password: <REDACTED>
I0820 23:05:11.828342   30916 structlog.go:42]   	adapters[epsilon].xapi.tracker: 
I0820 23:05:11.828342   30916 structlog.go:42]   	adapters[epsilon].platform_id: 
I0820 23:05:11.828342   30916 structlog.go:42]   	adapters[epsilon].app_secret: 
I0820 23:05:11.828877   30916 structlog.go:42]   	adapters[epsilon].endpointCompression: 
I0820 23:05:11.828877   30916 structlog.go:42]   	adapters[ownadx].aliasOf: 
I0820 23:05:11.828877   30916 structlog.go:39]   	adapters[ownadx].whiteLabelOnly: false
I0820 23:05:11.829414   30916 structlog.go:39]   	adapters[ownadx].disabled: false
I0820 23:05:11.829414   30916 structlog.go:42]   	adapters[ownadx].endpoint: https://pbs.prebid-ownadx.com/bidder/bid/{{.SeatID}}/{{.SspID}}?token={{.TokenID}}
I0820 23:05:11.829414   30916 structlog.go:42]   	adapters[ownadx].extra_info: 
I0820 23:05:11.829991   30916 structlog.go:42]   	adapters[ownadx].openrtb: <*config.OpenRTBInfo Value>
I0820 23:05:11.829991   30916 structlog.go:42]   	adapters[ownadx].maintainer: <*config.MaintainerInfo Value>
I0820 23:05:11.829991   30916 structlog.go:42]   	adapters[ownadx].capabilities: <*config.CapabilitiesInfo Value>
I0820 23:05:11.829991   30916 structlog.go:39]   	adapters[ownadx].modifyingVastXmlAllowed: false
I0820 23:05:11.830504   30916 structlog.go:42]   	adapters[ownadx].debug: <*config.DebugInfo Value>
I0820 23:05:11.830504   30916 structlog.go:35]   	adapters[ownadx].gvlVendorID: 0
I0820 23:05:11.830504   30916 structlog.go:42]   	adapters[ownadx].userSync: <*config.Syncer Value>
I0820 23:05:11.831026   30916 structlog.go:39]   	adapters[ownadx].experiment.adsCert.enabled: false
I0820 23:05:11.831026   30916 structlog.go:42]   	adapters[ownadx].xapi.username: 
I0820 23:05:11.831026   30916 structlog.go:56]   	adapters[ownadx].xapi.password: <REDACTED>
I0820 23:05:11.833293   30916 structlog.go:42]   	adapters[ownadx].xapi.tracker: 
I0820 23:05:11.833293   30916 structlog.go:42]   	adapters[ownadx].platform_id: 
I0820 23:05:11.833797   30916 structlog.go:42]   	adapters[ownadx].app_secret: 
I0820 23:05:11.833797   30916 structlog.go:42]   	adapters[ownadx].endpointCompression: GZIP
I0820 23:05:11.834181   30916 structlog.go:42]   	adapters[adprime].aliasOf: 
I0820 23:05:11.838252   30916 structlog.go:39]   	adapters[adprime].whiteLabelOnly: false
I0820 23:05:11.838252   30916 structlog.go:39]   	adapters[adprime].disabled: false
I0820 23:05:11.838252   30916 structlog.go:42]   	adapters[adprime].endpoint: http://delta.adprime.com/pserver
I0820 23:05:11.838824   30916 structlog.go:42]   	adapters[adprime].extra_info: 
I0820 23:05:11.838824   30916 structlog.go:42]   	adapters[adprime].openrtb: <*config.OpenRTBInfo Value>
I0820 23:05:11.839326   30916 structlog.go:42]   	adapters[adprime].maintainer: <*config.MaintainerInfo Value>
I0820 23:05:11.839326   30916 structlog.go:42]   	adapters[adprime].capabilities: <*config.CapabilitiesInfo Value>
I0820 23:05:11.839914   30916 structlog.go:39]   	adapters[adprime].modifyingVastXmlAllowed: false
I0820 23:05:11.839914   30916 structlog.go:42]   	adapters[adprime].debug: <*config.DebugInfo Value>
I0820 23:05:11.840416   30916 structlog.go:35]   	adapters[adprime].gvlVendorID: 0
I0820 23:05:11.840472   30916 structlog.go:42]   	adapters[adprime].userSync: <*config.Syncer Value>
I0820 23:05:11.840975   30916 structlog.go:39]   	adapters[adprime].experiment.adsCert.enabled: false
I0820 23:05:11.841098   30916 structlog.go:42]   	adapters[adprime].xapi.username: 
I0820 23:05:11.841098   30916 structlog.go:56]   	adapters[adprime].xapi.password: <REDACTED>
I0820 23:05:11.841098   30916 structlog.go:42]   	adapters[adprime].xapi.tracker: 
I0820 23:05:11.841601   30916 structlog.go:42]   	adapters[adprime].platform_id: 
I0820 23:05:11.841601   30916 structlog.go:42]   	adapters[adprime].app_secret: 
I0820 23:05:11.841601   30916 structlog.go:42]   	adapters[adprime].endpointCompression: 
I0820 23:05:11.842115   30916 structlog.go:42]   	adapters[equativ].aliasOf: smartadserver
I0820 23:05:11.842115   30916 structlog.go:39]   	adapters[equativ].whiteLabelOnly: false
I0820 23:05:11.842115   30916 structlog.go:39]   	adapters[equativ].disabled: false
I0820 23:05:11.842623   30916 structlog.go:42]   	adapters[equativ].endpoint: https://ssb-global.smartadserver.com
I0820 23:05:11.842623   30916 structlog.go:42]   	adapters[equativ].extra_info: 
I0820 23:05:11.842623   30916 structlog.go:42]   	adapters[equativ].openrtb: <*config.OpenRTBInfo Value>
I0820 23:05:11.842623   30916 structlog.go:42]   	adapters[equativ].maintainer: <*config.MaintainerInfo Value>
I0820 23:05:11.843145   30916 structlog.go:42]   	adapters[equativ].capabilities: <*config.CapabilitiesInfo Value>
I0820 23:05:11.843145   30916 structlog.go:39]   	adapters[equativ].modifyingVastXmlAllowed: false
I0820 23:05:11.843145   30916 structlog.go:42]   	adapters[equativ].debug: <*config.DebugInfo Value>
I0820 23:05:11.843694   30916 structlog.go:35]   	adapters[equativ].gvlVendorID: 45
I0820 23:05:11.843694   30916 structlog.go:42]   	adapters[equativ].userSync: <*config.Syncer Value>
I0820 23:05:11.843694   30916 structlog.go:39]   	adapters[equativ].experiment.adsCert.enabled: false
I0820 23:05:11.844203   30916 structlog.go:42]   	adapters[equativ].xapi.username: 
I0820 23:05:11.844203   30916 structlog.go:56]   	adapters[equativ].xapi.password: <REDACTED>
I0820 23:05:11.844203   30916 structlog.go:42]   	adapters[equativ].xapi.tracker: 
I0820 23:05:11.844722   30916 structlog.go:42]   	adapters[equativ].platform_id: 
I0820 23:05:11.844797   30916 structlog.go:42]   	adapters[equativ].app_secret: 
I0820 23:05:11.844797   30916 structlog.go:42]   	adapters[equativ].endpointCompression: gzip
I0820 23:05:11.844797   30916 structlog.go:42]   	adapters[startio].aliasOf: 
I0820 23:05:11.845299   30916 structlog.go:39]   	adapters[startio].whiteLabelOnly: false
I0820 23:05:11.845299   30916 structlog.go:39]   	adapters[startio].disabled: false
I0820 23:05:11.845299   30916 structlog.go:42]   	adapters[startio].endpoint: http://pbs-rtb.startappnetwork.com/1.3/2.5/getbid?account=pbs
I0820 23:05:11.848697   30916 structlog.go:42]   	adapters[startio].extra_info: 
I0820 23:05:11.848697   30916 structlog.go:42]   	adapters[startio].openrtb: <*config.OpenRTBInfo Value>
I0820 23:05:11.849202   30916 structlog.go:42]   	adapters[startio].maintainer: <*config.MaintainerInfo Value>
I0820 23:05:11.849202   30916 structlog.go:42]   	adapters[startio].capabilities: <*config.CapabilitiesInfo Value>
I0820 23:05:11.849733   30916 structlog.go:39]   	adapters[startio].modifyingVastXmlAllowed: false
I0820 23:05:11.849733   30916 structlog.go:42]   	adapters[startio].debug: <*config.DebugInfo Value>
I0820 23:05:11.849733   30916 structlog.go:35]   	adapters[startio].gvlVendorID: 1216
I0820 23:05:11.850243   30916 structlog.go:42]   	adapters[startio].userSync: <*config.Syncer Value>
I0820 23:05:11.850243   30916 structlog.go:39]   	adapters[startio].experiment.adsCert.enabled: false
I0820 23:05:11.850243   30916 structlog.go:42]   	adapters[startio].xapi.username: 
I0820 23:05:11.850759   30916 structlog.go:56]   	adapters[startio].xapi.password: <REDACTED>
I0820 23:05:11.850759   30916 structlog.go:42]   	adapters[startio].xapi.tracker: 
I0820 23:05:11.850759   30916 structlog.go:42]   	adapters[startio].platform_id: 
I0820 23:05:11.850759   30916 structlog.go:42]   	adapters[startio].app_secret: 
I0820 23:05:11.851265   30916 structlog.go:42]   	adapters[startio].endpointCompression: 
I0820 23:05:11.851265   30916 structlog.go:42]   	adapters[brave].aliasOf: 
I0820 23:05:11.851265   30916 structlog.go:39]   	adapters[brave].whiteLabelOnly: false
I0820 23:05:11.851788   30916 structlog.go:39]   	adapters[brave].disabled: false
I0820 23:05:11.851788   30916 structlog.go:42]   	adapters[brave].endpoint: http://point.braveglobal.tv/?t=3&partner={{.PublisherID}}
I0820 23:05:11.851788   30916 structlog.go:42]   	adapters[brave].extra_info: 
I0820 23:05:11.852303   30916 structlog.go:42]   	adapters[brave].openrtb: <*config.OpenRTBInfo Value>
I0820 23:05:11.852303   30916 structlog.go:42]   	adapters[brave].maintainer: <*config.MaintainerInfo Value>
I0820 23:05:11.852303   30916 structlog.go:42]   	adapters[brave].capabilities: <*config.CapabilitiesInfo Value>
I0820 23:05:11.852815   30916 structlog.go:39]   	adapters[brave].modifyingVastXmlAllowed: false
I0820 23:05:11.852815   30916 structlog.go:42]   	adapters[brave].debug: <*config.DebugInfo Value>
I0820 23:05:11.852815   30916 structlog.go:35]   	adapters[brave].gvlVendorID: 869
I0820 23:05:11.853340   30916 structlog.go:42]   	adapters[brave].userSync: <*config.Syncer Value>
I0820 23:05:11.853340   30916 structlog.go:39]   	adapters[brave].experiment.adsCert.enabled: false
I0820 23:05:11.853340   30916 structlog.go:42]   	adapters[brave].xapi.username: 
I0820 23:05:11.853854   30916 structlog.go:56]   	adapters[brave].xapi.password: <REDACTED>
I0820 23:05:11.853905   30916 structlog.go:42]   	adapters[brave].xapi.tracker: 
I0820 23:05:11.853905   30916 structlog.go:42]   	adapters[brave].platform_id: 
I0820 23:05:11.853905   30916 structlog.go:42]   	adapters[brave].app_secret: 
I0820 23:05:11.854418   30916 structlog.go:42]   	adapters[brave].endpointCompression: 
I0820 23:05:11.854418   30916 structlog.go:42]   	adapters[infytv].aliasOf: 
I0820 23:05:11.854418   30916 structlog.go:39]   	adapters[infytv].whiteLabelOnly: false
I0820 23:05:11.854927   30916 structlog.go:39]   	adapters[infytv].disabled: false
I0820 23:05:11.854927   30916 structlog.go:42]   	adapters[infytv].endpoint: https://nxs.infy.tv/pbs/openrtb
I0820 23:05:11.854927   30916 structlog.go:42]   	adapters[infytv].extra_info: 
I0820 23:05:11.854927   30916 structlog.go:42]   	adapters[infytv].openrtb: <*config.OpenRTBInfo Value>
I0820 23:05:11.855449   30916 structlog.go:42]   	adapters[infytv].maintainer: <*config.MaintainerInfo Value>
I0820 23:05:11.855449   30916 structlog.go:42]   	adapters[infytv].capabilities: <*config.CapabilitiesInfo Value>
I0820 23:05:11.855449   30916 structlog.go:39]   	adapters[infytv].modifyingVastXmlAllowed: false
I0820 23:05:11.855449   30916 structlog.go:42]   	adapters[infytv].debug: <*config.DebugInfo Value>
I0820 23:05:11.855957   30916 structlog.go:35]   	adapters[infytv].gvlVendorID: 0
I0820 23:05:11.855957   30916 structlog.go:42]   	adapters[infytv].userSync: <*config.Syncer Value>
I0820 23:05:11.855957   30916 structlog.go:39]   	adapters[infytv].experiment.adsCert.enabled: false
I0820 23:05:11.855957   30916 structlog.go:42]   	adapters[infytv].xapi.username: 
I0820 23:05:11.856465   30916 structlog.go:56]   	adapters[infytv].xapi.password: <REDACTED>
I0820 23:05:11.856465   30916 structlog.go:42]   	adapters[infytv].xapi.tracker: 
I0820 23:05:11.856465   30916 structlog.go:42]   	adapters[infytv].platform_id: 
I0820 23:05:11.856973   30916 structlog.go:42]   	adapters[infytv].app_secret: 
I0820 23:05:11.856973   30916 structlog.go:42]   	adapters[infytv].endpointCompression: 
I0820 23:05:11.856973   30916 structlog.go:42]   	adapters[velonium].aliasOf: limelightDigital
I0820 23:05:11.856973   30916 structlog.go:39]   	adapters[velonium].whiteLabelOnly: false
I0820 23:05:11.857483   30916 structlog.go:39]   	adapters[velonium].disabled: false
I0820 23:05:11.857483   30916 structlog.go:42]   	adapters[velonium].endpoint: http://ads-pbs.adxvel.com/openrtb/{{.PublisherID}}?host={{.Host}}
I0820 23:05:11.857483   30916 structlog.go:42]   	adapters[velonium].extra_info: 
I0820 23:05:11.857483   30916 structlog.go:42]   	adapters[velonium].openrtb: <*config.OpenRTBInfo Value>
I0820 23:05:11.857992   30916 structlog.go:42]   	adapters[velonium].maintainer: <*config.MaintainerInfo Value>
I0820 23:05:11.857992   30916 structlog.go:42]   	adapters[velonium].capabilities: <*config.CapabilitiesInfo Value>
I0820 23:05:11.857992   30916 structlog.go:39]   	adapters[velonium].modifyingVastXmlAllowed: false
I0820 23:05:11.857992   30916 structlog.go:42]   	adapters[velonium].debug: <*config.DebugInfo Value>
I0820 23:05:11.858499   30916 structlog.go:35]   	adapters[velonium].gvlVendorID: 0
I0820 23:05:11.858499   30916 structlog.go:42]   	adapters[velonium].userSync: <*config.Syncer Value>
I0820 23:05:11.858499   30916 structlog.go:39]   	adapters[velonium].experiment.adsCert.enabled: false
I0820 23:05:11.858499   30916 structlog.go:42]   	adapters[velonium].xapi.username: 
I0820 23:05:11.859006   30916 structlog.go:56]   	adapters[velonium].xapi.password: <REDACTED>
I0820 23:05:11.859006   30916 structlog.go:42]   	adapters[velonium].xapi.tracker: 
I0820 23:05:11.859006   30916 structlog.go:42]   	adapters[velonium].platform_id: 
I0820 23:05:11.859006   30916 structlog.go:42]   	adapters[velonium].app_secret: 
I0820 23:05:11.859513   30916 structlog.go:42]   	adapters[velonium].endpointCompression: 
I0820 23:05:11.859513   30916 structlog.go:42]   	adapters[adport].aliasOf: adverxo
I0820 23:05:11.859513   30916 structlog.go:39]   	adapters[adport].whiteLabelOnly: false
I0820 23:05:11.859513   30916 structlog.go:39]   	adapters[adport].disabled: false
I0820 23:05:11.860019   30916 structlog.go:42]   	adapters[adport].endpoint: https://adport.pbsadverxo.com/auction?id={{.AdUnit}}&auth={{.TokenID}}
I0820 23:05:11.860019   30916 structlog.go:42]   	adapters[adport].extra_info: 
I0820 23:05:11.860019   30916 structlog.go:42]   	adapters[adport].openrtb: <*config.OpenRTBInfo Value>
I0820 23:05:11.860019   30916 structlog.go:42]   	adapters[adport].maintainer: <*config.MaintainerInfo Value>
I0820 23:05:11.860527   30916 structlog.go:42]   	adapters[adport].capabilities: <*config.CapabilitiesInfo Value>
I0820 23:05:11.860527   30916 structlog.go:39]   	adapters[adport].modifyingVastXmlAllowed: false
I0820 23:05:11.860527   30916 structlog.go:42]   	adapters[adport].debug: <*config.DebugInfo Value>
I0820 23:05:11.860527   30916 structlog.go:35]   	adapters[adport].gvlVendorID: 0
I0820 23:05:11.861037   30916 structlog.go:42]   	adapters[adport].userSync: <*config.Syncer Value>
I0820 23:05:11.861037   30916 structlog.go:39]   	adapters[adport].experiment.adsCert.enabled: false
I0820 23:05:11.861037   30916 structlog.go:42]   	adapters[adport].xapi.username: 
I0820 23:05:11.861037   30916 structlog.go:56]   	adapters[adport].xapi.password: <REDACTED>
I0820 23:05:11.861543   30916 structlog.go:42]   	adapters[adport].xapi.tracker: 
I0820 23:05:11.861543   30916 structlog.go:42]   	adapters[adport].platform_id: 
I0820 23:05:11.861543   30916 structlog.go:42]   	adapters[adport].app_secret: 
I0820 23:05:11.861543   30916 structlog.go:42]   	adapters[adport].endpointCompression: gzip
I0820 23:05:11.862265   30916 structlog.go:42]   	adapters[operaads].aliasOf: 
I0820 23:05:11.862265   30916 structlog.go:39]   	adapters[operaads].whiteLabelOnly: false
I0820 23:05:11.864224   30916 structlog.go:39]   	adapters[operaads].disabled: false
I0820 23:05:11.864224   30916 structlog.go:42]   	adapters[operaads].endpoint: https://s.adx.opera.com/ortb/v2/{{.PublisherID}}?ep={{.AccountID}}
I0820 23:05:11.864819   30916 structlog.go:42]   	adapters[operaads].extra_info: 
I0820 23:05:11.864819   30916 structlog.go:42]   	adapters[operaads].openrtb: <*config.OpenRTBInfo Value>
I0820 23:05:11.864819   30916 structlog.go:42]   	adapters[operaads].maintainer: <*config.MaintainerInfo Value>
I0820 23:05:11.865324   30916 structlog.go:42]   	adapters[operaads].capabilities: <*config.CapabilitiesInfo Value>
I0820 23:05:11.865324   30916 structlog.go:39]   	adapters[operaads].modifyingVastXmlAllowed: true
I0820 23:05:11.865324   30916 structlog.go:42]   	adapters[operaads].debug: <*config.DebugInfo Value>
I0820 23:05:11.865848   30916 structlog.go:35]   	adapters[operaads].gvlVendorID: 0
I0820 23:05:11.865848   30916 structlog.go:42]   	adapters[operaads].userSync: <*config.Syncer Value>
I0820 23:05:11.865848   30916 structlog.go:39]   	adapters[operaads].experiment.adsCert.enabled: false
I0820 23:05:11.866363   30916 structlog.go:42]   	adapters[operaads].xapi.username: 
I0820 23:05:11.866363   30916 structlog.go:56]   	adapters[operaads].xapi.password: <REDACTED>
I0820 23:05:11.866916   30916 structlog.go:42]   	adapters[operaads].xapi.tracker: 
I0820 23:05:11.866916   30916 structlog.go:42]   	adapters[operaads].platform_id: 
I0820 23:05:11.867445   30916 structlog.go:42]   	adapters[operaads].app_secret: 
I0820 23:05:11.867445   30916 structlog.go:42]   	adapters[operaads].endpointCompression: 
I0820 23:05:11.867445   30916 structlog.go:42]   	adapters[deepintent].aliasOf: 
I0820 23:05:11.867445   30916 structlog.go:39]   	adapters[deepintent].whiteLabelOnly: false
I0820 23:05:11.867955   30916 structlog.go:39]   	adapters[deepintent].disabled: false
I0820 23:05:11.867955   30916 structlog.go:42]   	adapters[deepintent].endpoint: https://prebid.deepintent.com/prebid
I0820 23:05:11.867955   30916 structlog.go:42]   	adapters[deepintent].extra_info: 
I0820 23:05:11.867955   30916 structlog.go:42]   	adapters[deepintent].openrtb: <*config.OpenRTBInfo Value>
I0820 23:05:11.868463   30916 structlog.go:42]   	adapters[deepintent].maintainer: <*config.MaintainerInfo Value>
I0820 23:05:11.868463   30916 structlog.go:42]   	adapters[deepintent].capabilities: <*config.CapabilitiesInfo Value>
I0820 23:05:11.869002   30916 structlog.go:39]   	adapters[deepintent].modifyingVastXmlAllowed: false
I0820 23:05:11.869002   30916 structlog.go:42]   	adapters[deepintent].debug: <*config.DebugInfo Value>
I0820 23:05:11.869002   30916 structlog.go:35]   	adapters[deepintent].gvlVendorID: 541
I0820 23:05:11.869002   30916 structlog.go:42]   	adapters[deepintent].userSync: <*config.Syncer Value>
I0820 23:05:11.869512   30916 structlog.go:39]   	adapters[deepintent].experiment.adsCert.enabled: false
I0820 23:05:11.869512   30916 structlog.go:42]   	adapters[deepintent].xapi.username: 
I0820 23:05:11.869512   30916 structlog.go:56]   	adapters[deepintent].xapi.password: <REDACTED>
I0820 23:05:11.870022   30916 structlog.go:42]   	adapters[deepintent].xapi.tracker: 
I0820 23:05:11.870022   30916 structlog.go:42]   	adapters[deepintent].platform_id: 
I0820 23:05:11.870022   30916 structlog.go:42]   	adapters[deepintent].app_secret: 
I0820 23:05:11.870532   30916 structlog.go:42]   	adapters[deepintent].endpointCompression: 
I0820 23:05:11.870532   30916 structlog.go:42]   	adapters[adgeneration].aliasOf: 
I0820 23:05:11.870532   30916 structlog.go:39]   	adapters[adgeneration].whiteLabelOnly: false
I0820 23:05:11.870532   30916 structlog.go:39]   	adapters[adgeneration].disabled: false
I0820 23:05:11.871040   30916 structlog.go:42]   	adapters[adgeneration].endpoint: https://d.socdm.com/adsv/v1
I0820 23:05:11.871040   30916 structlog.go:42]   	adapters[adgeneration].extra_info: 
I0820 23:05:11.871040   30916 structlog.go:42]   	adapters[adgeneration].openrtb: <*config.OpenRTBInfo Value>
I0820 23:05:11.871040   30916 structlog.go:42]   	adapters[adgeneration].maintainer: <*config.MaintainerInfo Value>
I0820 23:05:11.871553   30916 structlog.go:42]   	adapters[adgeneration].capabilities: <*config.CapabilitiesInfo Value>
I0820 23:05:11.871553   30916 structlog.go:39]   	adapters[adgeneration].modifyingVastXmlAllowed: false
I0820 23:05:11.871553   30916 structlog.go:42]   	adapters[adgeneration].debug: <*config.DebugInfo Value>
I0820 23:05:11.871553   30916 structlog.go:35]   	adapters[adgeneration].gvlVendorID: 0
I0820 23:05:11.872061   30916 structlog.go:42]   	adapters[adgeneration].userSync: <*config.Syncer Value>
I0820 23:05:11.872061   30916 structlog.go:39]   	adapters[adgeneration].experiment.adsCert.enabled: false
I0820 23:05:11.872061   30916 structlog.go:42]   	adapters[adgeneration].xapi.username: 
I0820 23:05:11.872061   30916 structlog.go:56]   	adapters[adgeneration].xapi.password: <REDACTED>
I0820 23:05:11.872568   30916 structlog.go:42]   	adapters[adgeneration].xapi.tracker: 
I0820 23:05:11.872568   30916 structlog.go:42]   	adapters[adgeneration].platform_id: 
I0820 23:05:11.872568   30916 structlog.go:42]   	adapters[adgeneration].app_secret: 
I0820 23:05:11.872568   30916 structlog.go:42]   	adapters[adgeneration].endpointCompression: 
I0820 23:05:11.873076   30916 structlog.go:42]   	adapters[adoppler].aliasOf: 
I0820 23:05:11.873076   30916 structlog.go:39]   	adapters[adoppler].whiteLabelOnly: false
I0820 23:05:11.873076   30916 structlog.go:39]   	adapters[adoppler].disabled: false
I0820 23:05:11.873076   30916 structlog.go:42]   	adapters[adoppler].endpoint: http://{{.AccountID}}.trustedmarketplace.io/ads/processHeaderBid/{{.AdUnit}}
I0820 23:05:11.873586   30916 structlog.go:42]   	adapters[adoppler].extra_info: 
I0820 23:05:11.873586   30916 structlog.go:42]   	adapters[adoppler].openrtb: <*config.OpenRTBInfo Value>
I0820 23:05:11.873586   30916 structlog.go:42]   	adapters[adoppler].maintainer: <*config.MaintainerInfo Value>
I0820 23:05:11.873586   30916 structlog.go:42]   	adapters[adoppler].capabilities: <*config.CapabilitiesInfo Value>
I0820 23:05:11.874095   30916 structlog.go:39]   	adapters[adoppler].modifyingVastXmlAllowed: false
I0820 23:05:11.874095   30916 structlog.go:42]   	adapters[adoppler].debug: <*config.DebugInfo Value>
I0820 23:05:11.874095   30916 structlog.go:35]   	adapters[adoppler].gvlVendorID: 0
I0820 23:05:11.874095   30916 structlog.go:42]   	adapters[adoppler].userSync: <*config.Syncer Value>
I0820 23:05:11.874604   30916 structlog.go:39]   	adapters[adoppler].experiment.adsCert.enabled: false
I0820 23:05:11.874604   30916 structlog.go:42]   	adapters[adoppler].xapi.username: 
I0820 23:05:11.874604   30916 structlog.go:56]   	adapters[adoppler].xapi.password: <REDACTED>
I0820 23:05:11.875112   30916 structlog.go:42]   	adapters[adoppler].xapi.tracker: 
I0820 23:05:11.875112   30916 structlog.go:42]   	adapters[adoppler].platform_id: 
I0820 23:05:11.875112   30916 structlog.go:42]   	adapters[adoppler].app_secret: 
I0820 23:05:11.875112   30916 structlog.go:42]   	adapters[adoppler].endpointCompression: 
I0820 23:05:11.875620   30916 structlog.go:42]   	adapters[appstock].aliasOf: limelightDigital
I0820 23:05:11.875620   30916 structlog.go:39]   	adapters[appstock].whiteLabelOnly: false
I0820 23:05:11.875620   30916 structlog.go:39]   	adapters[appstock].disabled: false
I0820 23:05:11.875620   30916 structlog.go:42]   	adapters[appstock].endpoint: http://ads-pbs.pre.vr-tb.com/openrtb/{{.PublisherID}}?host={{.Host}}
I0820 23:05:11.876128   30916 structlog.go:42]   	adapters[appstock].extra_info: 
I0820 23:05:11.876128   30916 structlog.go:42]   	adapters[appstock].openrtb: <*config.OpenRTBInfo Value>
I0820 23:05:11.876128   30916 structlog.go:42]   	adapters[appstock].maintainer: <*config.MaintainerInfo Value>
I0820 23:05:11.876128   30916 structlog.go:42]   	adapters[appstock].capabilities: <*config.CapabilitiesInfo Value>
I0820 23:05:11.876636   30916 structlog.go:39]   	adapters[appstock].modifyingVastXmlAllowed: false
I0820 23:05:11.876636   30916 structlog.go:42]   	adapters[appstock].debug: <*config.DebugInfo Value>
I0820 23:05:11.876636   30916 structlog.go:35]   	adapters[appstock].gvlVendorID: 0
I0820 23:05:11.876636   30916 structlog.go:42]   	adapters[appstock].userSync: <*config.Syncer Value>
I0820 23:05:11.877144   30916 structlog.go:39]   	adapters[appstock].experiment.adsCert.enabled: false
I0820 23:05:11.877144   30916 structlog.go:42]   	adapters[appstock].xapi.username: 
I0820 23:05:11.877144   30916 structlog.go:56]   	adapters[appstock].xapi.password: <REDACTED>
I0820 23:05:11.877144   30916 structlog.go:42]   	adapters[appstock].xapi.tracker: 
I0820 23:05:11.877653   30916 structlog.go:42]   	adapters[appstock].platform_id: 
I0820 23:05:11.877653   30916 structlog.go:42]   	adapters[appstock].app_secret: 
I0820 23:05:11.877653   30916 structlog.go:42]   	adapters[appstock].endpointCompression: 
I0820 23:05:11.877653   30916 structlog.go:42]   	adapters[xeworks].aliasOf: 
I0820 23:05:11.878183   30916 structlog.go:39]   	adapters[xeworks].whiteLabelOnly: false
I0820 23:05:11.878183   30916 structlog.go:39]   	adapters[xeworks].disabled: false
I0820 23:05:11.878183   30916 structlog.go:42]   	adapters[xeworks].endpoint: http://prebid-srv.xe.works/?pid={{.SourceId}}&host={{.Host}}
I0820 23:05:11.878183   30916 structlog.go:42]   	adapters[xeworks].extra_info: 
I0820 23:05:11.878692   30916 structlog.go:42]   	adapters[xeworks].openrtb: <*config.OpenRTBInfo Value>
I0820 23:05:11.878692   30916 structlog.go:42]   	adapters[xeworks].maintainer: <*config.MaintainerInfo Value>
I0820 23:05:11.878692   30916 structlog.go:42]   	adapters[xeworks].capabilities: <*config.CapabilitiesInfo Value>
I0820 23:05:11.878692   30916 structlog.go:39]   	adapters[xeworks].modifyingVastXmlAllowed: false
I0820 23:05:11.879201   30916 structlog.go:42]   	adapters[xeworks].debug: <*config.DebugInfo Value>
I0820 23:05:11.879201   30916 structlog.go:35]   	adapters[xeworks].gvlVendorID: 0
I0820 23:05:11.879201   30916 structlog.go:42]   	adapters[xeworks].userSync: <*config.Syncer Value>
I0820 23:05:11.879712   30916 structlog.go:39]   	adapters[xeworks].experiment.adsCert.enabled: false
I0820 23:05:11.879712   30916 structlog.go:42]   	adapters[xeworks].xapi.username: 
I0820 23:05:11.879712   30916 structlog.go:56]   	adapters[xeworks].xapi.password: <REDACTED>
I0820 23:05:11.879712   30916 structlog.go:42]   	adapters[xeworks].xapi.tracker: 
I0820 23:05:11.879712   30916 structlog.go:42]   	adapters[xeworks].platform_id: 
I0820 23:05:11.880258   30916 structlog.go:42]   	adapters[xeworks].app_secret: 
I0820 23:05:11.880258   30916 structlog.go:42]   	adapters[xeworks].endpointCompression: 
I0820 23:05:11.880258   30916 structlog.go:42]   	adapters[dmx].aliasOf: 
I0820 23:05:11.880780   30916 structlog.go:39]   	adapters[dmx].whiteLabelOnly: false
I0820 23:05:11.880780   30916 structlog.go:39]   	adapters[dmx].disabled: false
I0820 23:05:11.880780   30916 structlog.go:42]   	adapters[dmx].endpoint: https://dmx-direct.districtm.io/b/v2
I0820 23:05:11.880780   30916 structlog.go:42]   	adapters[dmx].extra_info: 
I0820 23:05:11.881327   30916 structlog.go:42]   	adapters[dmx].openrtb: <*config.OpenRTBInfo Value>
I0820 23:05:11.881327   30916 structlog.go:42]   	adapters[dmx].maintainer: <*config.MaintainerInfo Value>
I0820 23:05:11.881327   30916 structlog.go:42]   	adapters[dmx].capabilities: <*config.CapabilitiesInfo Value>
I0820 23:05:11.881327   30916 structlog.go:39]   	adapters[dmx].modifyingVastXmlAllowed: false
I0820 23:05:11.881920   30916 structlog.go:42]   	adapters[dmx].debug: <*config.DebugInfo Value>
I0820 23:05:11.881920   30916 structlog.go:35]   	adapters[dmx].gvlVendorID: 144
I0820 23:05:11.881920   30916 structlog.go:42]   	adapters[dmx].userSync: <*config.Syncer Value>
I0820 23:05:11.882424   30916 structlog.go:39]   	adapters[dmx].experiment.adsCert.enabled: false
I0820 23:05:11.882424   30916 structlog.go:42]   	adapters[dmx].xapi.username: 
I0820 23:05:11.882424   30916 structlog.go:56]   	adapters[dmx].xapi.password: <REDACTED>
I0820 23:05:11.882937   30916 structlog.go:42]   	adapters[dmx].xapi.tracker: 
I0820 23:05:11.882937   30916 structlog.go:42]   	adapters[dmx].platform_id: 
I0820 23:05:11.882937   30916 structlog.go:42]   	adapters[dmx].app_secret: 
I0820 23:05:11.882937   30916 structlog.go:42]   	adapters[dmx].endpointCompression: 
I0820 23:05:11.883448   30916 structlog.go:42]   	adapters[cadent_aperture_mx].aliasOf: 
I0820 23:05:11.883448   30916 structlog.go:39]   	adapters[cadent_aperture_mx].whiteLabelOnly: false
I0820 23:05:11.883448   30916 structlog.go:39]   	adapters[cadent_aperture_mx].disabled: false
I0820 23:05:11.883448   30916 structlog.go:42]   	adapters[cadent_aperture_mx].endpoint: https://hb.emxdgt.com
I0820 23:05:11.883957   30916 structlog.go:42]   	adapters[cadent_aperture_mx].extra_info: 
I0820 23:05:11.883957   30916 structlog.go:42]   	adapters[cadent_aperture_mx].openrtb: <*config.OpenRTBInfo Value>
I0820 23:05:11.883957   30916 structlog.go:42]   	adapters[cadent_aperture_mx].maintainer: <*config.MaintainerInfo Value>
I0820 23:05:11.883957   30916 structlog.go:42]   	adapters[cadent_aperture_mx].capabilities: <*config.CapabilitiesInfo Value>
I0820 23:05:11.884465   30916 structlog.go:39]   	adapters[cadent_aperture_mx].modifyingVastXmlAllowed: false
I0820 23:05:11.884465   30916 structlog.go:42]   	adapters[cadent_aperture_mx].debug: <*config.DebugInfo Value>
I0820 23:05:11.884465   30916 structlog.go:35]   	adapters[cadent_aperture_mx].gvlVendorID: 183
I0820 23:05:11.884465   30916 structlog.go:42]   	adapters[cadent_aperture_mx].userSync: <*config.Syncer Value>
I0820 23:05:11.885005   30916 structlog.go:39]   	adapters[cadent_aperture_mx].experiment.adsCert.enabled: false
I0820 23:05:11.885005   30916 structlog.go:42]   	adapters[cadent_aperture_mx].xapi.username: 
I0820 23:05:11.885005   30916 structlog.go:56]   	adapters[cadent_aperture_mx].xapi.password: <REDACTED>
I0820 23:05:11.885005   30916 structlog.go:42]   	adapters[cadent_aperture_mx].xapi.tracker: 
I0820 23:05:11.885513   30916 structlog.go:42]   	adapters[cadent_aperture_mx].platform_id: 
I0820 23:05:11.885513   30916 structlog.go:42]   	adapters[cadent_aperture_mx].app_secret: 
I0820 23:05:11.885513   30916 structlog.go:42]   	adapters[cadent_aperture_mx].endpointCompression: 
I0820 23:05:11.885513   30916 structlog.go:42]   	adapters[invibes].aliasOf: 
I0820 23:05:11.885513   30916 structlog.go:39]   	adapters[invibes].whiteLabelOnly: false
I0820 23:05:11.886020   30916 structlog.go:39]   	adapters[invibes].disabled: false
I0820 23:05:11.886020   30916 structlog.go:42]   	adapters[invibes].endpoint: https://{{.ZoneID}}.videostep.com/bid/ServerBidAdContent
I0820 23:05:11.886020   30916 structlog.go:42]   	adapters[invibes].extra_info: 
I0820 23:05:11.886020   30916 structlog.go:42]   	adapters[invibes].openrtb: <*config.OpenRTBInfo Value>
I0820 23:05:11.886528   30916 structlog.go:42]   	adapters[invibes].maintainer: <*config.MaintainerInfo Value>
I0820 23:05:11.886528   30916 structlog.go:42]   	adapters[invibes].capabilities: <*config.CapabilitiesInfo Value>
I0820 23:05:11.886528   30916 structlog.go:39]   	adapters[invibes].modifyingVastXmlAllowed: false
I0820 23:05:11.886528   30916 structlog.go:42]   	adapters[invibes].debug: <*config.DebugInfo Value>
I0820 23:05:11.887036   30916 structlog.go:35]   	adapters[invibes].gvlVendorID: 436
I0820 23:05:11.887036   30916 structlog.go:42]   	adapters[invibes].userSync: <*config.Syncer Value>
I0820 23:05:11.887036   30916 structlog.go:39]   	adapters[invibes].experiment.adsCert.enabled: false
I0820 23:05:11.887036   30916 structlog.go:42]   	adapters[invibes].xapi.username: 
I0820 23:05:11.887543   30916 structlog.go:56]   	adapters[invibes].xapi.password: <REDACTED>
I0820 23:05:11.887543   30916 structlog.go:42]   	adapters[invibes].xapi.tracker: 
I0820 23:05:11.887543   30916 structlog.go:42]   	adapters[invibes].platform_id: 
I0820 23:05:11.888051   30916 structlog.go:42]   	adapters[invibes].app_secret: 
I0820 23:05:11.888051   30916 structlog.go:42]   	adapters[invibes].endpointCompression: GZIP
I0820 23:05:11.888051   30916 structlog.go:42]   	adapters[sparteo].aliasOf: 
I0820 23:05:11.888051   30916 structlog.go:39]   	adapters[sparteo].whiteLabelOnly: false
I0820 23:05:11.888559   30916 structlog.go:39]   	adapters[sparteo].disabled: false
I0820 23:05:11.888559   30916 structlog.go:42]   	adapters[sparteo].endpoint: https://bid.sparteo.com/s2s-auction
I0820 23:05:11.888559   30916 structlog.go:42]   	adapters[sparteo].extra_info: 
I0820 23:05:11.888559   30916 structlog.go:42]   	adapters[sparteo].openrtb: <*config.OpenRTBInfo Value>
I0820 23:05:11.889067   30916 structlog.go:42]   	adapters[sparteo].maintainer: <*config.MaintainerInfo Value>
I0820 23:05:11.889067   30916 structlog.go:42]   	adapters[sparteo].capabilities: <*config.CapabilitiesInfo Value>
I0820 23:05:11.889067   30916 structlog.go:39]   	adapters[sparteo].modifyingVastXmlAllowed: false
I0820 23:05:11.889067   30916 structlog.go:42]   	adapters[sparteo].debug: <*config.DebugInfo Value>
I0820 23:05:11.889577   30916 structlog.go:35]   	adapters[sparteo].gvlVendorID: 1028
I0820 23:05:11.889577   30916 structlog.go:42]   	adapters[sparteo].userSync: <*config.Syncer Value>
I0820 23:05:11.889577   30916 structlog.go:39]   	adapters[sparteo].experiment.adsCert.enabled: false
I0820 23:05:11.889577   30916 structlog.go:42]   	adapters[sparteo].xapi.username: 
I0820 23:05:11.890099   30916 structlog.go:56]   	adapters[sparteo].xapi.password: <REDACTED>
I0820 23:05:11.890099   30916 structlog.go:42]   	adapters[sparteo].xapi.tracker: 
I0820 23:05:11.890099   30916 structlog.go:42]   	adapters[sparteo].platform_id: 
I0820 23:05:11.890609   30916 structlog.go:42]   	adapters[sparteo].app_secret: 
I0820 23:05:11.890609   30916 structlog.go:42]   	adapters[sparteo].endpointCompression: 
I0820 23:05:11.890609   30916 structlog.go:42]   	adapters[bidscube].aliasOf: 
I0820 23:05:11.891129   30916 structlog.go:39]   	adapters[bidscube].whiteLabelOnly: false
I0820 23:05:11.891129   30916 structlog.go:39]   	adapters[bidscube].disabled: false
I0820 23:05:11.891129   30916 structlog.go:42]   	adapters[bidscube].endpoint: http://supply.bidscube.com/?c=o&m=rtb
I0820 23:05:11.891639   30916 structlog.go:42]   	adapters[bidscube].extra_info: 
I0820 23:05:11.891639   30916 structlog.go:42]   	adapters[bidscube].openrtb: <*config.OpenRTBInfo Value>
I0820 23:05:11.891639   30916 structlog.go:42]   	adapters[bidscube].maintainer: <*config.MaintainerInfo Value>
I0820 23:05:11.891639   30916 structlog.go:42]   	adapters[bidscube].capabilities: <*config.CapabilitiesInfo Value>
I0820 23:05:11.892146   30916 structlog.go:39]   	adapters[bidscube].modifyingVastXmlAllowed: true
I0820 23:05:11.892146   30916 structlog.go:42]   	adapters[bidscube].debug: <*config.DebugInfo Value>
I0820 23:05:11.892146   30916 structlog.go:35]   	adapters[bidscube].gvlVendorID: 0
I0820 23:05:11.892146   30916 structlog.go:42]   	adapters[bidscube].userSync: <*config.Syncer Value>
I0820 23:05:11.892652   30916 structlog.go:39]   	adapters[bidscube].experiment.adsCert.enabled: false
I0820 23:05:11.892652   30916 structlog.go:42]   	adapters[bidscube].xapi.username: 
I0820 23:05:11.892652   30916 structlog.go:56]   	adapters[bidscube].xapi.password: <REDACTED>
I0820 23:05:11.893226   30916 structlog.go:42]   	adapters[bidscube].xapi.tracker: 
I0820 23:05:11.893226   30916 structlog.go:42]   	adapters[bidscube].platform_id: 
I0820 23:05:11.893226   30916 structlog.go:42]   	adapters[bidscube].app_secret: 
I0820 23:05:11.893730   30916 structlog.go:42]   	adapters[bidscube].endpointCompression: 
I0820 23:05:11.893730   30916 structlog.go:42]   	adapters[xtrmqb].aliasOf: limelightDigital
I0820 23:05:11.893730   30916 structlog.go:39]   	adapters[xtrmqb].whiteLabelOnly: false
I0820 23:05:11.893730   30916 structlog.go:39]   	adapters[xtrmqb].disabled: false
I0820 23:05:11.894258   30916 structlog.go:42]   	adapters[xtrmqb].endpoint: http://ads-pbs.ortb.tech/openrtb/{{.PublisherID}}?host={{.Host}}
I0820 23:05:11.894258   30916 structlog.go:42]   	adapters[xtrmqb].extra_info: 
I0820 23:05:11.894258   30916 structlog.go:42]   	adapters[xtrmqb].openrtb: <*config.OpenRTBInfo Value>
I0820 23:05:11.894767   30916 structlog.go:42]   	adapters[xtrmqb].maintainer: <*config.MaintainerInfo Value>
I0820 23:05:11.894767   30916 structlog.go:42]   	adapters[xtrmqb].capabilities: <*config.CapabilitiesInfo Value>
I0820 23:05:11.894767   30916 structlog.go:39]   	adapters[xtrmqb].modifyingVastXmlAllowed: false
I0820 23:05:11.894767   30916 structlog.go:42]   	adapters[xtrmqb].debug: <*config.DebugInfo Value>
I0820 23:05:11.895274   30916 structlog.go:35]   	adapters[xtrmqb].gvlVendorID: 0
I0820 23:05:11.895274   30916 structlog.go:42]   	adapters[xtrmqb].userSync: <*config.Syncer Value>
I0820 23:05:11.895274   30916 structlog.go:39]   	adapters[xtrmqb].experiment.adsCert.enabled: false
I0820 23:05:11.895836   30916 structlog.go:42]   	adapters[xtrmqb].xapi.username: 
I0820 23:05:11.895836   30916 structlog.go:56]   	adapters[xtrmqb].xapi.password: <REDACTED>
I0820 23:05:11.895836   30916 structlog.go:42]   	adapters[xtrmqb].xapi.tracker: 
I0820 23:05:11.896339   30916 structlog.go:42]   	adapters[xtrmqb].platform_id: 
I0820 23:05:11.896339   30916 structlog.go:42]   	adapters[xtrmqb].app_secret: 
I0820 23:05:11.896339   30916 structlog.go:42]   	adapters[xtrmqb].endpointCompression: 
I0820 23:05:11.896339   30916 structlog.go:42]   	adapters[rxnetwork].aliasOf: adkernel
I0820 23:05:11.896850   30916 structlog.go:39]   	adapters[rxnetwork].whiteLabelOnly: false
I0820 23:05:11.896850   30916 structlog.go:39]   	adapters[rxnetwork].disabled: false
I0820 23:05:11.896850   30916 structlog.go:42]   	adapters[rxnetwork].endpoint: http://pbs.adksrv.com/hb?zone={{.ZoneID}}
I0820 23:05:11.896850   30916 structlog.go:42]   	adapters[rxnetwork].extra_info: 
I0820 23:05:11.897380   30916 structlog.go:42]   	adapters[rxnetwork].openrtb: <*config.OpenRTBInfo Value>
I0820 23:05:11.897380   30916 structlog.go:42]   	adapters[rxnetwork].maintainer: <*config.MaintainerInfo Value>
I0820 23:05:11.897380   30916 structlog.go:42]   	adapters[rxnetwork].capabilities: <*config.CapabilitiesInfo Value>
I0820 23:05:11.897380   30916 structlog.go:39]   	adapters[rxnetwork].modifyingVastXmlAllowed: false
I0820 23:05:11.897895   30916 structlog.go:42]   	adapters[rxnetwork].debug: <*config.DebugInfo Value>
I0820 23:05:11.897895   30916 structlog.go:35]   	adapters[rxnetwork].gvlVendorID: 14
I0820 23:05:11.897895   30916 structlog.go:42]   	adapters[rxnetwork].userSync: <*config.Syncer Value>
I0820 23:05:11.898406   30916 structlog.go:39]   	adapters[rxnetwork].experiment.adsCert.enabled: false
I0820 23:05:11.898406   30916 structlog.go:42]   	adapters[rxnetwork].xapi.username: 
I0820 23:05:11.898923   30916 structlog.go:56]   	adapters[rxnetwork].xapi.password: <REDACTED>
I0820 23:05:11.898923   30916 structlog.go:42]   	adapters[rxnetwork].xapi.tracker: 
I0820 23:05:11.898923   30916 structlog.go:42]   	adapters[rxnetwork].platform_id: 
I0820 23:05:11.898923   30916 structlog.go:42]   	adapters[rxnetwork].app_secret: 
I0820 23:05:11.899436   30916 structlog.go:42]   	adapters[rxnetwork].endpointCompression: GZIP
I0820 23:05:11.899436   30916 structlog.go:42]   	adapters[undertone].aliasOf: 
I0820 23:05:11.899436   30916 structlog.go:39]   	adapters[undertone].whiteLabelOnly: false
I0820 23:05:11.899436   30916 structlog.go:39]   	adapters[undertone].disabled: false
I0820 23:05:11.899955   30916 structlog.go:42]   	adapters[undertone].endpoint: https://ads.undertone.com/rtb
I0820 23:05:11.899955   30916 structlog.go:42]   	adapters[undertone].extra_info: 
I0820 23:05:11.899955   30916 structlog.go:42]   	adapters[undertone].openrtb: <*config.OpenRTBInfo Value>
I0820 23:05:11.899955   30916 structlog.go:42]   	adapters[undertone].maintainer: <*config.MaintainerInfo Value>
I0820 23:05:11.900465   30916 structlog.go:42]   	adapters[undertone].capabilities: <*config.CapabilitiesInfo Value>
I0820 23:05:11.900465   30916 structlog.go:39]   	adapters[undertone].modifyingVastXmlAllowed: true
I0820 23:05:11.900465   30916 structlog.go:42]   	adapters[undertone].debug: <*config.DebugInfo Value>
I0820 23:05:11.900465   30916 structlog.go:35]   	adapters[undertone].gvlVendorID: 677
I0820 23:05:11.900974   30916 structlog.go:42]   	adapters[undertone].userSync: <*config.Syncer Value>
I0820 23:05:11.900974   30916 structlog.go:39]   	adapters[undertone].experiment.adsCert.enabled: false
I0820 23:05:11.900974   30916 structlog.go:42]   	adapters[undertone].xapi.username: 
I0820 23:05:11.900974   30916 structlog.go:56]   	adapters[undertone].xapi.password: <REDACTED>
I0820 23:05:11.901483   30916 structlog.go:42]   	adapters[undertone].xapi.tracker: 
I0820 23:05:11.901483   30916 structlog.go:42]   	adapters[undertone].platform_id: 
I0820 23:05:11.901483   30916 structlog.go:42]   	adapters[undertone].app_secret: 
I0820 23:05:11.901483   30916 structlog.go:42]   	adapters[undertone].endpointCompression: gzip
I0820 23:05:11.901992   30916 structlog.go:42]   	adapters[advangelists].aliasOf: 
I0820 23:05:11.901992   30916 structlog.go:39]   	adapters[advangelists].whiteLabelOnly: false
I0820 23:05:11.901992   30916 structlog.go:39]   	adapters[advangelists].disabled: false
I0820 23:05:11.901992   30916 structlog.go:42]   	adapters[advangelists].endpoint: http://nep.advangelists.com/xp/get?pubid={{.PublisherID}}
I0820 23:05:11.902503   30916 structlog.go:42]   	adapters[advangelists].extra_info: 
I0820 23:05:11.902503   30916 structlog.go:42]   	adapters[advangelists].openrtb: <*config.OpenRTBInfo Value>
I0820 23:05:11.902503   30916 structlog.go:42]   	adapters[advangelists].maintainer: <*config.MaintainerInfo Value>
I0820 23:05:11.902503   30916 structlog.go:42]   	adapters[advangelists].capabilities: <*config.CapabilitiesInfo Value>
I0820 23:05:11.903014   30916 structlog.go:39]   	adapters[advangelists].modifyingVastXmlAllowed: false
I0820 23:05:11.903014   30916 structlog.go:42]   	adapters[advangelists].debug: <*config.DebugInfo Value>
I0820 23:05:11.903014   30916 structlog.go:35]   	adapters[advangelists].gvlVendorID: 0
I0820 23:05:11.903014   30916 structlog.go:42]   	adapters[advangelists].userSync: <*config.Syncer Value>
I0820 23:05:11.903522   30916 structlog.go:39]   	adapters[advangelists].experiment.adsCert.enabled: false
I0820 23:05:11.903522   30916 structlog.go:42]   	adapters[advangelists].xapi.username: 
I0820 23:05:11.903522   30916 structlog.go:56]   	adapters[advangelists].xapi.password: <REDACTED>
I0820 23:05:11.903522   30916 structlog.go:42]   	adapters[advangelists].xapi.tracker: 
I0820 23:05:11.904036   30916 structlog.go:42]   	adapters[advangelists].platform_id: 
I0820 23:05:11.904036   30916 structlog.go:42]   	adapters[advangelists].app_secret: 
I0820 23:05:11.904036   30916 structlog.go:42]   	adapters[advangelists].endpointCompression: 
I0820 23:05:11.904036   30916 structlog.go:42]   	adapters[silverpush].aliasOf: 
I0820 23:05:11.904545   30916 structlog.go:39]   	adapters[silverpush].whiteLabelOnly: false
I0820 23:05:11.904545   30916 structlog.go:39]   	adapters[silverpush].disabled: false
I0820 23:05:11.904545   30916 structlog.go:42]   	adapters[silverpush].endpoint: https://prebid.chocolateplatform.co/bidder/?identifier=prebidchoc
I0820 23:05:11.904545   30916 structlog.go:42]   	adapters[silverpush].extra_info: 
I0820 23:05:11.905054   30916 structlog.go:42]   	adapters[silverpush].openrtb: <*config.OpenRTBInfo Value>
I0820 23:05:11.905054   30916 structlog.go:42]   	adapters[silverpush].maintainer: <*config.MaintainerInfo Value>
I0820 23:05:11.905054   30916 structlog.go:42]   	adapters[silverpush].capabilities: <*config.CapabilitiesInfo Value>
I0820 23:05:11.905054   30916 structlog.go:39]   	adapters[silverpush].modifyingVastXmlAllowed: false
I0820 23:05:11.905565   30916 structlog.go:42]   	adapters[silverpush].debug: <*config.DebugInfo Value>
I0820 23:05:11.905565   30916 structlog.go:35]   	adapters[silverpush].gvlVendorID: 0
I0820 23:05:11.905565   30916 structlog.go:42]   	adapters[silverpush].userSync: <*config.Syncer Value>
I0820 23:05:11.905565   30916 structlog.go:39]   	adapters[silverpush].experiment.adsCert.enabled: false
I0820 23:05:11.906074   30916 structlog.go:42]   	adapters[silverpush].xapi.username: 
I0820 23:05:11.906074   30916 structlog.go:56]   	adapters[silverpush].xapi.password: <REDACTED>
I0820 23:05:11.906074   30916 structlog.go:42]   	adapters[silverpush].xapi.tracker: 
I0820 23:05:11.906074   30916 structlog.go:42]   	adapters[silverpush].platform_id: 
I0820 23:05:11.906584   30916 structlog.go:42]   	adapters[silverpush].app_secret: 
I0820 23:05:11.906584   30916 structlog.go:42]   	adapters[silverpush].endpointCompression: 
I0820 23:05:11.906584   30916 structlog.go:42]   	adapters[feedad].aliasOf: 
I0820 23:05:11.906584   30916 structlog.go:39]   	adapters[feedad].whiteLabelOnly: false
I0820 23:05:11.907095   30916 structlog.go:39]   	adapters[feedad].disabled: false
I0820 23:05:11.907095   30916 structlog.go:42]   	adapters[feedad].endpoint: https://ortb.feedad.com/1/prebid/requests
I0820 23:05:11.907095   30916 structlog.go:42]   	adapters[feedad].extra_info: 
I0820 23:05:11.907095   30916 structlog.go:42]   	adapters[feedad].openrtb: <*config.OpenRTBInfo Value>
I0820 23:05:11.907603   30916 structlog.go:42]   	adapters[feedad].maintainer: <*config.MaintainerInfo Value>
I0820 23:05:11.907603   30916 structlog.go:42]   	adapters[feedad].capabilities: <*config.CapabilitiesInfo Value>
I0820 23:05:11.907603   30916 structlog.go:39]   	adapters[feedad].modifyingVastXmlAllowed: true
I0820 23:05:11.907603   30916 structlog.go:42]   	adapters[feedad].debug: <*config.DebugInfo Value>
I0820 23:05:11.908111   30916 structlog.go:35]   	adapters[feedad].gvlVendorID: 781
I0820 23:05:11.908111   30916 structlog.go:42]   	adapters[feedad].userSync: <*config.Syncer Value>
I0820 23:05:11.908111   30916 structlog.go:39]   	adapters[feedad].experiment.adsCert.enabled: false
I0820 23:05:11.908111   30916 structlog.go:42]   	adapters[feedad].xapi.username: 
I0820 23:05:11.908619   30916 structlog.go:56]   	adapters[feedad].xapi.password: <REDACTED>
I0820 23:05:11.908619   30916 structlog.go:42]   	adapters[feedad].xapi.tracker: 
I0820 23:05:11.908619   30916 structlog.go:42]   	adapters[feedad].platform_id: 
I0820 23:05:11.909141   30916 structlog.go:42]   	adapters[feedad].app_secret: 
I0820 23:05:11.909141   30916 structlog.go:42]   	adapters[feedad].endpointCompression: gzip
I0820 23:05:11.909141   30916 structlog.go:42]   	adapters[connektai].aliasOf: xeworks
I0820 23:05:11.909141   30916 structlog.go:39]   	adapters[connektai].whiteLabelOnly: false
I0820 23:05:11.909685   30916 structlog.go:39]   	adapters[connektai].disabled: false
I0820 23:05:11.909685   30916 structlog.go:42]   	adapters[connektai].endpoint: http://rtb.connektai.live/?pid={{.SourceId}}&host={{.Host}}&s=pbs
I0820 23:05:11.909685   30916 structlog.go:42]   	adapters[connektai].extra_info: 
I0820 23:05:11.909685   30916 structlog.go:42]   	adapters[connektai].openrtb: <*config.OpenRTBInfo Value>
I0820 23:05:11.910195   30916 structlog.go:42]   	adapters[connektai].maintainer: <*config.MaintainerInfo Value>
I0820 23:05:11.910195   30916 structlog.go:42]   	adapters[connektai].capabilities: <*config.CapabilitiesInfo Value>
I0820 23:05:11.910195   30916 structlog.go:39]   	adapters[connektai].modifyingVastXmlAllowed: false
I0820 23:05:11.910195   30916 structlog.go:42]   	adapters[connektai].debug: <*config.DebugInfo Value>
I0820 23:05:11.910703   30916 structlog.go:35]   	adapters[connektai].gvlVendorID: 0
I0820 23:05:11.910703   30916 structlog.go:42]   	adapters[connektai].userSync: <*config.Syncer Value>
I0820 23:05:11.910703   30916 structlog.go:39]   	adapters[connektai].experiment.adsCert.enabled: false
I0820 23:05:11.910703   30916 structlog.go:42]   	adapters[connektai].xapi.username: 
I0820 23:05:11.911210   30916 structlog.go:56]   	adapters[connektai].xapi.password: <REDACTED>
I0820 23:05:11.911210   30916 structlog.go:42]   	adapters[connektai].xapi.tracker: 
I0820 23:05:11.911210   30916 structlog.go:42]   	adapters[connektai].platform_id: 
I0820 23:05:11.911210   30916 structlog.go:42]   	adapters[connektai].app_secret: 
I0820 23:05:11.911718   30916 structlog.go:42]   	adapters[connektai].endpointCompression: 
I0820 23:05:11.911718   30916 structlog.go:42]   	adapters[impactify].aliasOf: 
I0820 23:05:11.911718   30916 structlog.go:39]   	adapters[impactify].whiteLabelOnly: false
I0820 23:05:11.911718   30916 structlog.go:39]   	adapters[impactify].disabled: false
I0820 23:05:11.912226   30916 structlog.go:42]   	adapters[impactify].endpoint: https://sonic.impactify.media/bidder
I0820 23:05:11.912734   30916 structlog.go:42]   	adapters[impactify].extra_info: 
I0820 23:05:11.912851   30916 structlog.go:42]   	adapters[impactify].openrtb: <*config.OpenRTBInfo Value>
I0820 23:05:11.912851   30916 structlog.go:42]   	adapters[impactify].maintainer: <*config.MaintainerInfo Value>
I0820 23:05:11.912851   30916 structlog.go:42]   	adapters[impactify].capabilities: <*config.CapabilitiesInfo Value>
I0820 23:05:11.913355   30916 structlog.go:39]   	adapters[impactify].modifyingVastXmlAllowed: false
I0820 23:05:11.913355   30916 structlog.go:42]   	adapters[impactify].debug: <*config.DebugInfo Value>
I0820 23:05:11.913355   30916 structlog.go:35]   	adapters[impactify].gvlVendorID: 606
I0820 23:05:11.915104   30916 structlog.go:42]   	adapters[impactify].userSync: <*config.Syncer Value>
I0820 23:05:11.915104   30916 structlog.go:39]   	adapters[impactify].experiment.adsCert.enabled: false
I0820 23:05:11.915607   30916 structlog.go:42]   	adapters[impactify].xapi.username: 
I0820 23:05:11.915607   30916 structlog.go:56]   	adapters[impactify].xapi.password: <REDACTED>
I0820 23:05:11.915607   30916 structlog.go:42]   	adapters[impactify].xapi.tracker: 
I0820 23:05:11.915607   30916 structlog.go:42]   	adapters[impactify].platform_id: 
I0820 23:05:11.916119   30916 structlog.go:42]   	adapters[impactify].app_secret: 
I0820 23:05:11.916119   30916 structlog.go:42]   	adapters[impactify].endpointCompression: 
I0820 23:05:11.916628   30916 structlog.go:42]   	adapters[tagoras].aliasOf: vidazoo
I0820 23:05:11.916628   30916 structlog.go:39]   	adapters[tagoras].whiteLabelOnly: false
I0820 23:05:11.916628   30916 structlog.go:39]   	adapters[tagoras].disabled: false
I0820 23:05:11.916628   30916 structlog.go:42]   	adapters[tagoras].endpoint: https://exchange.tagoras.io/openrtb/
I0820 23:05:11.917134   30916 structlog.go:42]   	adapters[tagoras].extra_info: 
I0820 23:05:11.917134   30916 structlog.go:42]   	adapters[tagoras].openrtb: <*config.OpenRTBInfo Value>
I0820 23:05:11.917134   30916 structlog.go:42]   	adapters[tagoras].maintainer: <*config.MaintainerInfo Value>
I0820 23:05:11.917134   30916 structlog.go:42]   	adapters[tagoras].capabilities: <*config.CapabilitiesInfo Value>
I0820 23:05:11.917643   30916 structlog.go:39]   	adapters[tagoras].modifyingVastXmlAllowed: false
I0820 23:05:11.917643   30916 structlog.go:42]   	adapters[tagoras].debug: <*config.DebugInfo Value>
I0820 23:05:11.917643   30916 structlog.go:35]   	adapters[tagoras].gvlVendorID: 744
I0820 23:05:11.917643   30916 structlog.go:42]   	adapters[tagoras].userSync: <*config.Syncer Value>
I0820 23:05:11.918157   30916 structlog.go:39]   	adapters[tagoras].experiment.adsCert.enabled: false
I0820 23:05:11.918157   30916 structlog.go:42]   	adapters[tagoras].xapi.username: 
I0820 23:05:11.918157   30916 structlog.go:56]   	adapters[tagoras].xapi.password: <REDACTED>
I0820 23:05:11.918157   30916 structlog.go:42]   	adapters[tagoras].xapi.tracker: 
I0820 23:05:11.918668   30916 structlog.go:42]   	adapters[tagoras].platform_id: 
I0820 23:05:11.918668   30916 structlog.go:42]   	adapters[tagoras].app_secret: 
I0820 23:05:11.918668   30916 structlog.go:42]   	adapters[tagoras].endpointCompression: gzip
I0820 23:05:11.918668   30916 structlog.go:42]   	adapters[magnite].aliasOf: rubicon
I0820 23:05:11.919177   30916 structlog.go:39]   	adapters[magnite].whiteLabelOnly: false
I0820 23:05:11.919177   30916 structlog.go:39]   	adapters[magnite].disabled: true
I0820 23:05:11.919177   30916 structlog.go:42]   	adapters[magnite].endpoint: https://REGION.rubiconproject.com/a/api/exchange
I0820 23:05:11.919177   30916 structlog.go:42]   	adapters[magnite].extra_info: 
I0820 23:05:11.919685   30916 structlog.go:42]   	adapters[magnite].openrtb: <*config.OpenRTBInfo Value>
I0820 23:05:11.919685   30916 structlog.go:42]   	adapters[magnite].maintainer: <*config.MaintainerInfo Value>
I0820 23:05:11.919685   30916 structlog.go:42]   	adapters[magnite].capabilities: <*config.CapabilitiesInfo Value>
I0820 23:05:11.919685   30916 structlog.go:39]   	adapters[magnite].modifyingVastXmlAllowed: false
I0820 23:05:11.920194   30916 structlog.go:42]   	adapters[magnite].debug: <*config.DebugInfo Value>
I0820 23:05:11.920194   30916 structlog.go:35]   	adapters[magnite].gvlVendorID: 52
I0820 23:05:11.920194   30916 structlog.go:42]   	adapters[magnite].userSync: <*config.Syncer Value>
I0820 23:05:11.920194   30916 structlog.go:39]   	adapters[magnite].experiment.adsCert.enabled: false
I0820 23:05:11.920702   30916 structlog.go:42]   	adapters[magnite].xapi.username: GET_FROM_MAGNITE
I0820 23:05:11.920702   30916 structlog.go:56]   	adapters[magnite].xapi.password: <REDACTED>
I0820 23:05:11.920702   30916 structlog.go:42]   	adapters[magnite].xapi.tracker: SAME_AS_USERNAME
I0820 23:05:11.920702   30916 structlog.go:42]   	adapters[magnite].platform_id: 
I0820 23:05:11.921214   30916 structlog.go:42]   	adapters[magnite].app_secret: 
I0820 23:05:11.921214   30916 structlog.go:42]   	adapters[magnite].endpointCompression: GZIP
I0820 23:05:11.921214   30916 structlog.go:42]   	adapters[epom].aliasOf: 
I0820 23:05:11.921214   30916 structlog.go:39]   	adapters[epom].whiteLabelOnly: false
I0820 23:05:11.921723   30916 structlog.go:39]   	adapters[epom].disabled: true
I0820 23:05:11.921723   30916 structlog.go:42]   	adapters[epom].endpoint: https://an.epom.com/ortb
I0820 23:05:11.921723   30916 structlog.go:42]   	adapters[epom].extra_info: 
I0820 23:05:11.921723   30916 structlog.go:42]   	adapters[epom].openrtb: <*config.OpenRTBInfo Value>
I0820 23:05:11.922231   30916 structlog.go:42]   	adapters[epom].maintainer: <*config.MaintainerInfo Value>
I0820 23:05:11.922231   30916 structlog.go:42]   	adapters[epom].capabilities: <*config.CapabilitiesInfo Value>
I0820 23:05:11.922231   30916 structlog.go:39]   	adapters[epom].modifyingVastXmlAllowed: true
I0820 23:05:11.922231   30916 structlog.go:42]   	adapters[epom].debug: <*config.DebugInfo Value>
I0820 23:05:11.922739   30916 structlog.go:35]   	adapters[epom].gvlVendorID: 849
I0820 23:05:11.922739   30916 structlog.go:42]   	adapters[epom].userSync: <*config.Syncer Value>
I0820 23:05:11.922739   30916 structlog.go:39]   	adapters[epom].experiment.adsCert.enabled: false
I0820 23:05:11.922739   30916 structlog.go:42]   	adapters[epom].xapi.username: 
I0820 23:05:11.923247   30916 structlog.go:56]   	adapters[epom].xapi.password: <REDACTED>
I0820 23:05:11.923247   30916 structlog.go:42]   	adapters[epom].xapi.tracker: 
I0820 23:05:11.923247   30916 structlog.go:42]   	adapters[epom].platform_id: 
I0820 23:05:11.923247   30916 structlog.go:42]   	adapters[epom].app_secret: 
I0820 23:05:11.923788   30916 structlog.go:42]   	adapters[epom].endpointCompression: 
I0820 23:05:11.923788   30916 structlog.go:42]   	adapters[adman].aliasOf: 
I0820 23:05:11.923788   30916 structlog.go:39]   	adapters[adman].whiteLabelOnly: false
I0820 23:05:11.923788   30916 structlog.go:39]   	adapters[adman].disabled: false
I0820 23:05:11.924307   30916 structlog.go:42]   	adapters[adman].endpoint: http://pub.admanmedia.com/?c=o&m=ortb
I0820 23:05:11.924307   30916 structlog.go:42]   	adapters[adman].extra_info: 
I0820 23:05:11.924307   30916 structlog.go:42]   	adapters[adman].openrtb: <*config.OpenRTBInfo Value>
I0820 23:05:11.924307   30916 structlog.go:42]   	adapters[adman].maintainer: <*config.MaintainerInfo Value>
I0820 23:05:11.924817   30916 structlog.go:42]   	adapters[adman].capabilities: <*config.CapabilitiesInfo Value>
I0820 23:05:11.924817   30916 structlog.go:39]   	adapters[adman].modifyingVastXmlAllowed: false
I0820 23:05:11.924817   30916 structlog.go:42]   	adapters[adman].debug: <*config.DebugInfo Value>
I0820 23:05:11.924817   30916 structlog.go:35]   	adapters[adman].gvlVendorID: 149
I0820 23:05:11.925326   30916 structlog.go:42]   	adapters[adman].userSync: <*config.Syncer Value>
I0820 23:05:11.925326   30916 structlog.go:39]   	adapters[adman].experiment.adsCert.enabled: false
I0820 23:05:11.925326   30916 structlog.go:42]   	adapters[adman].xapi.username: 
I0820 23:05:11.925326   30916 structlog.go:56]   	adapters[adman].xapi.password: <REDACTED>
I0820 23:05:11.925836   30916 structlog.go:42]   	adapters[adman].xapi.tracker: 
I0820 23:05:11.925836   30916 structlog.go:42]   	adapters[adman].platform_id: 
I0820 23:05:11.925836   30916 structlog.go:42]   	adapters[adman].app_secret: 
I0820 23:05:11.925836   30916 structlog.go:42]   	adapters[adman].endpointCompression: 
I0820 23:05:11.926344   30916 structlog.go:42]   	adapters[adagio].aliasOf: 
I0820 23:05:11.926344   30916 structlog.go:39]   	adapters[adagio].whiteLabelOnly: false
I0820 23:05:11.926344   30916 structlog.go:39]   	adapters[adagio].disabled: true
I0820 23:05:11.926866   30916 structlog.go:42]   	adapters[adagio].endpoint: https://mp-REGION.4dex.io/pbserver
I0820 23:05:11.926866   30916 structlog.go:42]   	adapters[adagio].extra_info: 
I0820 23:05:11.926866   30916 structlog.go:42]   	adapters[adagio].openrtb: <*config.OpenRTBInfo Value>
I0820 23:05:11.927374   30916 structlog.go:42]   	adapters[adagio].maintainer: <*config.MaintainerInfo Value>
I0820 23:05:11.927374   30916 structlog.go:42]   	adapters[adagio].capabilities: <*config.CapabilitiesInfo Value>
I0820 23:05:11.927374   30916 structlog.go:39]   	adapters[adagio].modifyingVastXmlAllowed: false
I0820 23:05:11.927374   30916 structlog.go:42]   	adapters[adagio].debug: <*config.DebugInfo Value>
I0820 23:05:11.927894   30916 structlog.go:35]   	adapters[adagio].gvlVendorID: 617
I0820 23:05:11.927894   30916 structlog.go:42]   	adapters[adagio].userSync: <*config.Syncer Value>
I0820 23:05:11.927894   30916 structlog.go:39]   	adapters[adagio].experiment.adsCert.enabled: false
I0820 23:05:11.928403   30916 structlog.go:42]   	adapters[adagio].xapi.username: 
I0820 23:05:11.928403   30916 structlog.go:56]   	adapters[adagio].xapi.password: <REDACTED>
I0820 23:05:11.928403   30916 structlog.go:42]   	adapters[adagio].xapi.tracker: 
I0820 23:05:11.928912   30916 structlog.go:42]   	adapters[adagio].platform_id: 
I0820 23:05:11.931746   30916 structlog.go:42]   	adapters[adagio].app_secret: 
I0820 23:05:11.931746   30916 structlog.go:42]   	adapters[adagio].endpointCompression: gzip
I0820 23:05:11.932250   30916 structlog.go:42]   	adapters[kiviads].aliasOf: 
I0820 23:05:11.932250   30916 structlog.go:39]   	adapters[kiviads].whiteLabelOnly: false
I0820 23:05:11.932250   30916 structlog.go:39]   	adapters[kiviads].disabled: false
I0820 23:05:11.932764   30916 structlog.go:42]   	adapters[kiviads].endpoint: http://lb.kiviads.com/pserver
I0820 23:05:11.932764   30916 structlog.go:42]   	adapters[kiviads].extra_info: 
I0820 23:05:11.932764   30916 structlog.go:42]   	adapters[kiviads].openrtb: <*config.OpenRTBInfo Value>
I0820 23:05:11.932764   30916 structlog.go:42]   	adapters[kiviads].maintainer: <*config.MaintainerInfo Value>
I0820 23:05:11.933278   30916 structlog.go:42]   	adapters[kiviads].capabilities: <*config.CapabilitiesInfo Value>
I0820 23:05:11.933278   30916 structlog.go:39]   	adapters[kiviads].modifyingVastXmlAllowed: false
I0820 23:05:11.933278   30916 structlog.go:42]   	adapters[kiviads].debug: <*config.DebugInfo Value>
I0820 23:05:11.933795   30916 structlog.go:35]   	adapters[kiviads].gvlVendorID: 0
I0820 23:05:11.933795   30916 structlog.go:42]   	adapters[kiviads].userSync: <*config.Syncer Value>
I0820 23:05:11.933795   30916 structlog.go:39]   	adapters[kiviads].experiment.adsCert.enabled: false
I0820 23:05:11.934305   30916 structlog.go:42]   	adapters[kiviads].xapi.username: 
I0820 23:05:11.934305   30916 structlog.go:56]   	adapters[kiviads].xapi.password: <REDACTED>
I0820 23:05:11.934305   30916 structlog.go:42]   	adapters[kiviads].xapi.tracker: 
I0820 23:05:11.934815   30916 structlog.go:42]   	adapters[kiviads].platform_id: 
I0820 23:05:11.934815   30916 structlog.go:42]   	adapters[kiviads].app_secret: 
I0820 23:05:11.934815   30916 structlog.go:42]   	adapters[kiviads].endpointCompression: 
I0820 23:05:11.934815   30916 structlog.go:42]   	adapters[pwbid].aliasOf: 
I0820 23:05:11.935323   30916 structlog.go:39]   	adapters[pwbid].whiteLabelOnly: false
I0820 23:05:11.935323   30916 structlog.go:39]   	adapters[pwbid].disabled: false
I0820 23:05:11.935323   30916 structlog.go:42]   	adapters[pwbid].endpoint: https://bidder.east2.pubwise.io/bid/pubwisedirect
I0820 23:05:11.935832   30916 structlog.go:42]   	adapters[pwbid].extra_info: 
I0820 23:05:11.935832   30916 structlog.go:42]   	adapters[pwbid].openrtb: <*config.OpenRTBInfo Value>
I0820 23:05:11.935832   30916 structlog.go:42]   	adapters[pwbid].maintainer: <*config.MaintainerInfo Value>
I0820 23:05:11.936340   30916 structlog.go:42]   	adapters[pwbid].capabilities: <*config.CapabilitiesInfo Value>
I0820 23:05:11.936340   30916 structlog.go:39]   	adapters[pwbid].modifyingVastXmlAllowed: false
I0820 23:05:11.936340   30916 structlog.go:42]   	adapters[pwbid].debug: <*config.DebugInfo Value>
I0820 23:05:11.936853   30916 structlog.go:35]   	adapters[pwbid].gvlVendorID: 842
I0820 23:05:11.936853   30916 structlog.go:42]   	adapters[pwbid].userSync: <*config.Syncer Value>
I0820 23:05:11.936853   30916 structlog.go:39]   	adapters[pwbid].experiment.adsCert.enabled: false
I0820 23:05:11.937372   30916 structlog.go:42]   	adapters[pwbid].xapi.username: 
I0820 23:05:11.937372   30916 structlog.go:56]   	adapters[pwbid].xapi.password: <REDACTED>
I0820 23:05:11.937372   30916 structlog.go:42]   	adapters[pwbid].xapi.tracker: 
I0820 23:05:11.937884   30916 structlog.go:42]   	adapters[pwbid].platform_id: 
I0820 23:05:11.937884   30916 structlog.go:42]   	adapters[pwbid].app_secret: 
I0820 23:05:11.937884   30916 structlog.go:42]   	adapters[pwbid].endpointCompression: 
I0820 23:05:11.937884   30916 structlog.go:42]   	adapters[tradplus].aliasOf: 
I0820 23:05:11.938398   30916 structlog.go:39]   	adapters[tradplus].whiteLabelOnly: false
I0820 23:05:11.938398   30916 structlog.go:39]   	adapters[tradplus].disabled: false
I0820 23:05:11.938398   30916 structlog.go:42]   	adapters[tradplus].endpoint: https://{{.ZoneID}}adx.tradplusad.com/{{.AccountID}}/pserver
I0820 23:05:11.938917   30916 structlog.go:42]   	adapters[tradplus].extra_info: 
I0820 23:05:11.939218   30916 structlog.go:42]   	adapters[tradplus].openrtb: <*config.OpenRTBInfo Value>
I0820 23:05:11.939218   30916 structlog.go:42]   	adapters[tradplus].maintainer: <*config.MaintainerInfo Value>
I0820 23:05:11.939218   30916 structlog.go:42]   	adapters[tradplus].capabilities: <*config.CapabilitiesInfo Value>
I0820 23:05:11.939723   30916 structlog.go:39]   	adapters[tradplus].modifyingVastXmlAllowed: false
I0820 23:05:11.939723   30916 structlog.go:42]   	adapters[tradplus].debug: <*config.DebugInfo Value>
I0820 23:05:11.939723   30916 structlog.go:35]   	adapters[tradplus].gvlVendorID: 0
I0820 23:05:11.940241   30916 structlog.go:42]   	adapters[tradplus].userSync: <*config.Syncer Value>
I0820 23:05:11.940241   30916 structlog.go:39]   	adapters[tradplus].experiment.adsCert.enabled: false
I0820 23:05:11.940241   30916 structlog.go:42]   	adapters[tradplus].xapi.username: 
I0820 23:05:11.940241   30916 structlog.go:56]   	adapters[tradplus].xapi.password: <REDACTED>
I0820 23:05:11.940749   30916 structlog.go:42]   	adapters[tradplus].xapi.tracker: 
I0820 23:05:11.940749   30916 structlog.go:42]   	adapters[tradplus].platform_id: 
I0820 23:05:11.940749   30916 structlog.go:42]   	adapters[tradplus].app_secret: 
I0820 23:05:11.940749   30916 structlog.go:42]   	adapters[tradplus].endpointCompression: 
I0820 23:05:11.940749   30916 structlog.go:42]   	adapters[smarthub].aliasOf: 
I0820 23:05:11.940749   30916 structlog.go:39]   	adapters[smarthub].whiteLabelOnly: false
I0820 23:05:11.941750   30916 structlog.go:39]   	adapters[smarthub].disabled: false
I0820 23:05:11.941750   30916 structlog.go:42]   	adapters[smarthub].endpoint: https://prebid.attekmi.com/pbserver?partnerName={{.Host}}&seat={{.AccountID}}&token={{.SourceId}}
I0820 23:05:11.941750   30916 structlog.go:42]   	adapters[smarthub].extra_info: 
I0820 23:05:11.941750   30916 structlog.go:42]   	adapters[smarthub].openrtb: <*config.OpenRTBInfo Value>
I0820 23:05:11.941750   30916 structlog.go:42]   	adapters[smarthub].maintainer: <*config.MaintainerInfo Value>
I0820 23:05:11.941750   30916 structlog.go:42]   	adapters[smarthub].capabilities: <*config.CapabilitiesInfo Value>
I0820 23:05:11.941750   30916 structlog.go:39]   	adapters[smarthub].modifyingVastXmlAllowed: false
I0820 23:05:11.942749   30916 structlog.go:42]   	adapters[smarthub].debug: <*config.DebugInfo Value>
I0820 23:05:11.942749   30916 structlog.go:35]   	adapters[smarthub].gvlVendorID: 0
I0820 23:05:11.942749   30916 structlog.go:42]   	adapters[smarthub].userSync: <*config.Syncer Value>
I0820 23:05:11.942749   30916 structlog.go:39]   	adapters[smarthub].experiment.adsCert.enabled: false
I0820 23:05:11.942749   30916 structlog.go:42]   	adapters[smarthub].xapi.username: 
I0820 23:05:11.942749   30916 structlog.go:56]   	adapters[smarthub].xapi.password: <REDACTED>
I0820 23:05:11.943743   30916 structlog.go:42]   	adapters[smarthub].xapi.tracker: 
I0820 23:05:11.943743   30916 structlog.go:42]   	adapters[smarthub].platform_id: 
I0820 23:05:11.943743   30916 structlog.go:42]   	adapters[smarthub].app_secret: 
I0820 23:05:11.943743   30916 structlog.go:42]   	adapters[smarthub].endpointCompression: 
I0820 23:05:11.944292   30916 structlog.go:42]   	adapters[aso].aliasOf: 
I0820 23:05:11.944292   30916 structlog.go:39]   	adapters[aso].whiteLabelOnly: false
I0820 23:05:11.944811   30916 structlog.go:39]   	adapters[aso].disabled: false
I0820 23:05:11.944811   30916 structlog.go:42]   	adapters[aso].endpoint: https://srv.aso1.net/pbs/bidder?zid={{.ZoneID}}
I0820 23:05:11.944811   30916 structlog.go:42]   	adapters[aso].extra_info: 
I0820 23:05:11.945356   30916 structlog.go:42]   	adapters[aso].openrtb: <*config.OpenRTBInfo Value>
I0820 23:05:11.945434   30916 structlog.go:42]   	adapters[aso].maintainer: <*config.MaintainerInfo Value>
I0820 23:05:11.945434   30916 structlog.go:42]   	adapters[aso].capabilities: <*config.CapabilitiesInfo Value>
I0820 23:05:11.947936   30916 structlog.go:39]   	adapters[aso].modifyingVastXmlAllowed: false
I0820 23:05:11.947936   30916 structlog.go:42]   	adapters[aso].debug: <*config.DebugInfo Value>
I0820 23:05:11.947936   30916 structlog.go:35]   	adapters[aso].gvlVendorID: 0
I0820 23:05:11.948463   30916 structlog.go:42]   	adapters[aso].userSync: <*config.Syncer Value>
I0820 23:05:11.948463   30916 structlog.go:39]   	adapters[aso].experiment.adsCert.enabled: false
I0820 23:05:11.948463   30916 structlog.go:42]   	adapters[aso].xapi.username: 
I0820 23:05:11.948987   30916 structlog.go:56]   	adapters[aso].xapi.password: <REDACTED>
I0820 23:05:11.948987   30916 structlog.go:42]   	adapters[aso].xapi.tracker: 
I0820 23:05:11.949504   30916 structlog.go:42]   	adapters[aso].platform_id: 
I0820 23:05:11.949504   30916 structlog.go:42]   	adapters[aso].app_secret: 
I0820 23:05:11.949504   30916 structlog.go:42]   	adapters[aso].endpointCompression: 
I0820 23:05:11.949504   30916 structlog.go:42]   	adapters[viewdeos].aliasOf: adtelligent
I0820 23:05:11.950016   30916 structlog.go:39]   	adapters[viewdeos].whiteLabelOnly: false
I0820 23:05:11.950016   30916 structlog.go:39]   	adapters[viewdeos].disabled: false
I0820 23:05:11.950016   30916 structlog.go:42]   	adapters[viewdeos].endpoint: http://ghb.sync.viewdeos.com/pbs/ortb
I0820 23:05:11.950536   30916 structlog.go:42]   	adapters[viewdeos].extra_info: 
I0820 23:05:11.950536   30916 structlog.go:42]   	adapters[viewdeos].openrtb: <*config.OpenRTBInfo Value>
I0820 23:05:11.950536   30916 structlog.go:42]   	adapters[viewdeos].maintainer: <*config.MaintainerInfo Value>
I0820 23:05:11.951046   30916 structlog.go:42]   	adapters[viewdeos].capabilities: <*config.CapabilitiesInfo Value>
I0820 23:05:11.951046   30916 structlog.go:39]   	adapters[viewdeos].modifyingVastXmlAllowed: false
I0820 23:05:11.951046   30916 structlog.go:42]   	adapters[viewdeos].debug: <*config.DebugInfo Value>
I0820 23:05:11.951046   30916 structlog.go:35]   	adapters[viewdeos].gvlVendorID: 924
I0820 23:05:11.951552   30916 structlog.go:42]   	adapters[viewdeos].userSync: <*config.Syncer Value>
I0820 23:05:11.951552   30916 structlog.go:39]   	adapters[viewdeos].experiment.adsCert.enabled: false
I0820 23:05:11.951552   30916 structlog.go:42]   	adapters[viewdeos].xapi.username: 
I0820 23:05:11.952058   30916 structlog.go:56]   	adapters[viewdeos].xapi.password: <REDACTED>
I0820 23:05:11.952058   30916 structlog.go:42]   	adapters[viewdeos].xapi.tracker: 
I0820 23:05:11.952058   30916 structlog.go:42]   	adapters[viewdeos].platform_id: 
I0820 23:05:11.952568   30916 structlog.go:42]   	adapters[viewdeos].app_secret: 
I0820 23:05:11.952568   30916 structlog.go:42]   	adapters[viewdeos].endpointCompression: 
I0820 23:05:11.952568   30916 structlog.go:42]   	adapters[adverxo].aliasOf: 
I0820 23:05:11.952568   30916 structlog.go:39]   	adapters[adverxo].whiteLabelOnly: false
I0820 23:05:11.953090   30916 structlog.go:39]   	adapters[adverxo].disabled: false
I0820 23:05:11.953090   30916 structlog.go:42]   	adapters[adverxo].endpoint: https://pbsadverxo.com/auction?id={{.AdUnit}}&auth={{.TokenID}}
I0820 23:05:11.953090   30916 structlog.go:42]   	adapters[adverxo].extra_info: 
I0820 23:05:11.953602   30916 structlog.go:42]   	adapters[adverxo].openrtb: <*config.OpenRTBInfo Value>
I0820 23:05:11.953602   30916 structlog.go:42]   	adapters[adverxo].maintainer: <*config.MaintainerInfo Value>
I0820 23:05:11.953602   30916 structlog.go:42]   	adapters[adverxo].capabilities: <*config.CapabilitiesInfo Value>
I0820 23:05:11.953602   30916 structlog.go:39]   	adapters[adverxo].modifyingVastXmlAllowed: false
I0820 23:05:11.954110   30916 structlog.go:42]   	adapters[adverxo].debug: <*config.DebugInfo Value>
I0820 23:05:11.954110   30916 structlog.go:35]   	adapters[adverxo].gvlVendorID: 0
I0820 23:05:11.954110   30916 structlog.go:42]   	adapters[adverxo].userSync: <*config.Syncer Value>
I0820 23:05:11.954634   30916 structlog.go:39]   	adapters[adverxo].experiment.adsCert.enabled: false
I0820 23:05:11.954634   30916 structlog.go:42]   	adapters[adverxo].xapi.username: 
I0820 23:05:11.954634   30916 structlog.go:56]   	adapters[adverxo].xapi.password: <REDACTED>
I0820 23:05:11.955169   30916 structlog.go:42]   	adapters[adverxo].xapi.tracker: 
I0820 23:05:11.955169   30916 structlog.go:42]   	adapters[adverxo].platform_id: 
I0820 23:05:11.955169   30916 structlog.go:42]   	adapters[adverxo].app_secret: 
I0820 23:05:11.955697   30916 structlog.go:42]   	adapters[adverxo].endpointCompression: gzip
I0820 23:05:11.955697   30916 structlog.go:42]   	adapters[telaria].aliasOf: 
I0820 23:05:11.955697   30916 structlog.go:39]   	adapters[telaria].whiteLabelOnly: false
I0820 23:05:11.955697   30916 structlog.go:39]   	adapters[telaria].disabled: false
I0820 23:05:11.956206   30916 structlog.go:42]   	adapters[telaria].endpoint: https://ads.tremorhub.com/ad/rtb/prebid
I0820 23:05:11.956206   30916 structlog.go:42]   	adapters[telaria].extra_info: 
I0820 23:05:11.956206   30916 structlog.go:42]   	adapters[telaria].openrtb: <*config.OpenRTBInfo Value>
I0820 23:05:11.956716   30916 structlog.go:42]   	adapters[telaria].maintainer: <*config.MaintainerInfo Value>
I0820 23:05:11.956716   30916 structlog.go:42]   	adapters[telaria].capabilities: <*config.CapabilitiesInfo Value>
I0820 23:05:11.956716   30916 structlog.go:39]   	adapters[telaria].modifyingVastXmlAllowed: false
I0820 23:05:11.957234   30916 structlog.go:42]   	adapters[telaria].debug: <*config.DebugInfo Value>
I0820 23:05:11.957234   30916 structlog.go:35]   	adapters[telaria].gvlVendorID: 202
I0820 23:05:11.957234   30916 structlog.go:42]   	adapters[telaria].userSync: <*config.Syncer Value>
I0820 23:05:11.957743   30916 structlog.go:39]   	adapters[telaria].experiment.adsCert.enabled: false
I0820 23:05:11.957743   30916 structlog.go:42]   	adapters[telaria].xapi.username: 
I0820 23:05:11.957743   30916 structlog.go:56]   	adapters[telaria].xapi.password: <REDACTED>
I0820 23:05:11.958251   30916 structlog.go:42]   	adapters[telaria].xapi.tracker: 
I0820 23:05:11.958251   30916 structlog.go:42]   	adapters[telaria].platform_id: 
I0820 23:05:11.958251   30916 structlog.go:42]   	adapters[telaria].app_secret: 
I0820 23:05:11.958251   30916 structlog.go:42]   	adapters[telaria].endpointCompression: 
I0820 23:05:11.958759   30916 structlog.go:42]   	adapters[bidmachine].aliasOf: 
I0820 23:05:11.958759   30916 structlog.go:39]   	adapters[bidmachine].whiteLabelOnly: false
I0820 23:05:11.958759   30916 structlog.go:39]   	adapters[bidmachine].disabled: false
I0820 23:05:11.959268   30916 structlog.go:42]   	adapters[bidmachine].endpoint: https://{{.Host}}.bidmachine.io
I0820 23:05:11.959268   30916 structlog.go:42]   	adapters[bidmachine].extra_info: 
I0820 23:05:11.959268   30916 structlog.go:42]   	adapters[bidmachine].openrtb: <*config.OpenRTBInfo Value>
I0820 23:05:11.959791   30916 structlog.go:42]   	adapters[bidmachine].maintainer: <*config.MaintainerInfo Value>
I0820 23:05:11.959856   30916 structlog.go:42]   	adapters[bidmachine].capabilities: <*config.CapabilitiesInfo Value>
I0820 23:05:11.959856   30916 structlog.go:39]   	adapters[bidmachine].modifyingVastXmlAllowed: false
I0820 23:05:11.959856   30916 structlog.go:42]   	adapters[bidmachine].debug: <*config.DebugInfo Value>
I0820 23:05:11.960360   30916 structlog.go:35]   	adapters[bidmachine].gvlVendorID: 736
I0820 23:05:11.960360   30916 structlog.go:42]   	adapters[bidmachine].userSync: <*config.Syncer Value>
I0820 23:05:11.960360   30916 structlog.go:39]   	adapters[bidmachine].experiment.adsCert.enabled: false
I0820 23:05:11.960884   30916 structlog.go:42]   	adapters[bidmachine].xapi.username: 
I0820 23:05:11.960884   30916 structlog.go:56]   	adapters[bidmachine].xapi.password: <REDACTED>
I0820 23:05:11.960884   30916 structlog.go:42]   	adapters[bidmachine].xapi.tracker: 
I0820 23:05:11.961408   30916 structlog.go:42]   	adapters[bidmachine].platform_id: 
I0820 23:05:11.961408   30916 structlog.go:42]   	adapters[bidmachine].app_secret: 
I0820 23:05:11.961408   30916 structlog.go:42]   	adapters[bidmachine].endpointCompression: 
I0820 23:05:11.961408   30916 structlog.go:42]   	adapters[flipp].aliasOf: 
I0820 23:05:11.961924   30916 structlog.go:39]   	adapters[flipp].whiteLabelOnly: false
I0820 23:05:11.961924   30916 structlog.go:39]   	adapters[flipp].disabled: false
I0820 23:05:11.962433   30916 structlog.go:42]   	adapters[flipp].endpoint: https://cdn-gateflipp.flippback.com/flyer-locator-service/prebid_campaigns
I0820 23:05:11.962852   30916 structlog.go:42]   	adapters[flipp].extra_info: 
I0820 23:05:11.962852   30916 structlog.go:42]   	adapters[flipp].openrtb: <*config.OpenRTBInfo Value>
I0820 23:05:11.963356   30916 structlog.go:42]   	adapters[flipp].maintainer: <*config.MaintainerInfo Value>
I0820 23:05:11.963356   30916 structlog.go:42]   	adapters[flipp].capabilities: <*config.CapabilitiesInfo Value>
I0820 23:05:11.963356   30916 structlog.go:39]   	adapters[flipp].modifyingVastXmlAllowed: false
I0820 23:05:11.963870   30916 structlog.go:42]   	adapters[flipp].debug: <*config.DebugInfo Value>
I0820 23:05:11.963870   30916 structlog.go:35]   	adapters[flipp].gvlVendorID: 0
I0820 23:05:11.963870   30916 structlog.go:42]   	adapters[flipp].userSync: <*config.Syncer Value>
I0820 23:05:11.964382   30916 structlog.go:39]   	adapters[flipp].experiment.adsCert.enabled: false
I0820 23:05:11.964382   30916 structlog.go:42]   	adapters[flipp].xapi.username: 
I0820 23:05:11.964382   30916 structlog.go:56]   	adapters[flipp].xapi.password: <REDACTED>
I0820 23:05:11.964897   30916 structlog.go:42]   	adapters[flipp].xapi.tracker: 
I0820 23:05:11.965005   30916 structlog.go:42]   	adapters[flipp].platform_id: 
I0820 23:05:11.965005   30916 structlog.go:42]   	adapters[flipp].app_secret: 
I0820 23:05:11.965520   30916 structlog.go:42]   	adapters[flipp].endpointCompression: 
I0820 23:05:11.965520   30916 structlog.go:42]   	adapters[rediads].aliasOf: 
I0820 23:05:11.965520   30916 structlog.go:39]   	adapters[rediads].whiteLabelOnly: false
I0820 23:05:11.966030   30916 structlog.go:39]   	adapters[rediads].disabled: false
I0820 23:05:11.966030   30916 structlog.go:42]   	adapters[rediads].endpoint: https://bidding.rediads.com/openrtb2/auction
I0820 23:05:11.966544   30916 structlog.go:42]   	adapters[rediads].extra_info: 
I0820 23:05:11.966544   30916 structlog.go:42]   	adapters[rediads].openrtb: <*config.OpenRTBInfo Value>
I0820 23:05:11.966544   30916 structlog.go:42]   	adapters[rediads].maintainer: <*config.MaintainerInfo Value>
I0820 23:05:11.966544   30916 structlog.go:42]   	adapters[rediads].capabilities: <*config.CapabilitiesInfo Value>
I0820 23:05:11.967054   30916 structlog.go:39]   	adapters[rediads].modifyingVastXmlAllowed: true
I0820 23:05:11.967054   30916 structlog.go:42]   	adapters[rediads].debug: <*config.DebugInfo Value>
I0820 23:05:11.967054   30916 structlog.go:35]   	adapters[rediads].gvlVendorID: 0
I0820 23:05:11.967575   30916 structlog.go:42]   	adapters[rediads].userSync: <*config.Syncer Value>
I0820 23:05:11.967575   30916 structlog.go:39]   	adapters[rediads].experiment.adsCert.enabled: false
I0820 23:05:11.967575   30916 structlog.go:42]   	adapters[rediads].xapi.username: 
I0820 23:05:11.968085   30916 structlog.go:56]   	adapters[rediads].xapi.password: <REDACTED>
I0820 23:05:11.968085   30916 structlog.go:42]   	adapters[rediads].xapi.tracker: 
I0820 23:05:11.968085   30916 structlog.go:42]   	adapters[rediads].platform_id: 
I0820 23:05:11.968085   30916 structlog.go:42]   	adapters[rediads].app_secret: 
I0820 23:05:11.968594   30916 structlog.go:42]   	adapters[rediads].endpointCompression: 
I0820 23:05:11.968594   30916 structlog.go:42]   	adapters[mabidder].aliasOf: 
I0820 23:05:11.968594   30916 structlog.go:39]   	adapters[mabidder].whiteLabelOnly: false
I0820 23:05:11.969116   30916 structlog.go:39]   	adapters[mabidder].disabled: false
I0820 23:05:11.969116   30916 structlog.go:42]   	adapters[mabidder].endpoint: https://prebid.ecdrsvc.com/pbs
I0820 23:05:11.969116   30916 structlog.go:42]   	adapters[mabidder].extra_info: 
I0820 23:05:11.969625   30916 structlog.go:42]   	adapters[mabidder].openrtb: <*config.OpenRTBInfo Value>
I0820 23:05:11.969940   30916 structlog.go:42]   	adapters[mabidder].maintainer: <*config.MaintainerInfo Value>
I0820 23:05:11.969940   30916 structlog.go:42]   	adapters[mabidder].capabilities: <*config.CapabilitiesInfo Value>
I0820 23:05:11.970444   30916 structlog.go:39]   	adapters[mabidder].modifyingVastXmlAllowed: false
I0820 23:05:11.970444   30916 structlog.go:42]   	adapters[mabidder].debug: <*config.DebugInfo Value>
I0820 23:05:11.970444   30916 structlog.go:35]   	adapters[mabidder].gvlVendorID: 0
I0820 23:05:11.970444   30916 structlog.go:42]   	adapters[mabidder].userSync: <*config.Syncer Value>
I0820 23:05:11.970955   30916 structlog.go:39]   	adapters[mabidder].experiment.adsCert.enabled: false
I0820 23:05:11.970955   30916 structlog.go:42]   	adapters[mabidder].xapi.username: 
I0820 23:05:11.970955   30916 structlog.go:56]   	adapters[mabidder].xapi.password: <REDACTED>
I0820 23:05:11.971474   30916 structlog.go:42]   	adapters[mabidder].xapi.tracker: 
I0820 23:05:11.971474   30916 structlog.go:42]   	adapters[mabidder].platform_id: 
I0820 23:05:11.971474   30916 structlog.go:42]   	adapters[mabidder].app_secret: 
I0820 23:05:11.971474   30916 structlog.go:42]   	adapters[mabidder].endpointCompression: gzip
I0820 23:05:11.971981   30916 structlog.go:42]   	adapters[adtelligent].aliasOf: 
I0820 23:05:11.971981   30916 structlog.go:39]   	adapters[adtelligent].whiteLabelOnly: false
I0820 23:05:11.971981   30916 structlog.go:39]   	adapters[adtelligent].disabled: false
I0820 23:05:11.972488   30916 structlog.go:42]   	adapters[adtelligent].endpoint: http://ghb.adtelligent.com/pbs/ortb
I0820 23:05:11.972488   30916 structlog.go:42]   	adapters[adtelligent].extra_info: 
I0820 23:05:11.972488   30916 structlog.go:42]   	adapters[adtelligent].openrtb: <*config.OpenRTBInfo Value>
I0820 23:05:11.972488   30916 structlog.go:42]   	adapters[adtelligent].maintainer: <*config.MaintainerInfo Value>
I0820 23:05:11.972996   30916 structlog.go:42]   	adapters[adtelligent].capabilities: <*config.CapabilitiesInfo Value>
I0820 23:05:11.972996   30916 structlog.go:39]   	adapters[adtelligent].modifyingVastXmlAllowed: false
I0820 23:05:11.972996   30916 structlog.go:42]   	adapters[adtelligent].debug: <*config.DebugInfo Value>
I0820 23:05:11.973505   30916 structlog.go:35]   	adapters[adtelligent].gvlVendorID: 410
I0820 23:05:11.973505   30916 structlog.go:42]   	adapters[adtelligent].userSync: <*config.Syncer Value>
I0820 23:05:11.973505   30916 structlog.go:39]   	adapters[adtelligent].experiment.adsCert.enabled: false
I0820 23:05:11.974013   30916 structlog.go:42]   	adapters[adtelligent].xapi.username: 
I0820 23:05:11.974013   30916 structlog.go:56]   	adapters[adtelligent].xapi.password: <REDACTED>
I0820 23:05:11.974013   30916 structlog.go:42]   	adapters[adtelligent].xapi.tracker: 
I0820 23:05:11.974013   30916 structlog.go:42]   	adapters[adtelligent].platform_id: 
I0820 23:05:11.974527   30916 structlog.go:42]   	adapters[adtelligent].app_secret: 
I0820 23:05:11.974527   30916 structlog.go:42]   	adapters[adtelligent].endpointCompression: 
I0820 23:05:11.974527   30916 structlog.go:42]   	adapters[metax].aliasOf: 
I0820 23:05:11.975035   30916 structlog.go:39]   	adapters[metax].whiteLabelOnly: false
I0820 23:05:11.975035   30916 structlog.go:39]   	adapters[metax].disabled: false
I0820 23:05:11.975543   30916 structlog.go:42]   	adapters[metax].endpoint: https://hb.metaxads.com/prebid?sid={{.PublisherID}}&adunit={{.AdUnit}}&source=prebid-server
I0820 23:05:11.975543   30916 structlog.go:42]   	adapters[metax].extra_info: 
I0820 23:05:11.975543   30916 structlog.go:42]   	adapters[metax].openrtb: <*config.OpenRTBInfo Value>
I0820 23:05:11.975543   30916 structlog.go:42]   	adapters[metax].maintainer: <*config.MaintainerInfo Value>
I0820 23:05:11.976080   30916 structlog.go:42]   	adapters[metax].capabilities: <*config.CapabilitiesInfo Value>
I0820 23:05:11.976080   30916 structlog.go:39]   	adapters[metax].modifyingVastXmlAllowed: false
I0820 23:05:11.976080   30916 structlog.go:42]   	adapters[metax].debug: <*config.DebugInfo Value>
I0820 23:05:11.976588   30916 structlog.go:35]   	adapters[metax].gvlVendorID: 1301
I0820 23:05:11.976588   30916 structlog.go:42]   	adapters[metax].userSync: <*config.Syncer Value>
I0820 23:05:11.976588   30916 structlog.go:39]   	adapters[metax].experiment.adsCert.enabled: false
I0820 23:05:11.977095   30916 structlog.go:42]   	adapters[metax].xapi.username: 
I0820 23:05:11.977095   30916 structlog.go:56]   	adapters[metax].xapi.password: <REDACTED>
I0820 23:05:11.977095   30916 structlog.go:42]   	adapters[metax].xapi.tracker: 
I0820 23:05:11.977611   30916 structlog.go:42]   	adapters[metax].platform_id: 
I0820 23:05:11.977611   30916 structlog.go:42]   	adapters[metax].app_secret: 
I0820 23:05:11.977611   30916 structlog.go:42]   	adapters[metax].endpointCompression: 
I0820 23:05:11.977611   30916 structlog.go:42]   	adapters[vidoomy].aliasOf: 
I0820 23:05:11.978118   30916 structlog.go:39]   	adapters[vidoomy].whiteLabelOnly: false
I0820 23:05:11.978118   30916 structlog.go:39]   	adapters[vidoomy].disabled: false
I0820 23:05:11.978118   30916 structlog.go:42]   	adapters[vidoomy].endpoint: https://p.vidoomy.com/api/rtbserver/pbs
I0820 23:05:11.978118   30916 structlog.go:42]   	adapters[vidoomy].extra_info: 
I0820 23:05:11.978626   30916 structlog.go:42]   	adapters[vidoomy].openrtb: <*config.OpenRTBInfo Value>
I0820 23:05:11.978626   30916 structlog.go:42]   	adapters[vidoomy].maintainer: <*config.MaintainerInfo Value>
I0820 23:05:11.978626   30916 structlog.go:42]   	adapters[vidoomy].capabilities: <*config.CapabilitiesInfo Value>
I0820 23:05:11.979135   30916 structlog.go:39]   	adapters[vidoomy].modifyingVastXmlAllowed: false
I0820 23:05:11.979529   30916 structlog.go:42]   	adapters[vidoomy].debug: <*config.DebugInfo Value>
I0820 23:05:11.979529   30916 structlog.go:35]   	adapters[vidoomy].gvlVendorID: 380
I0820 23:05:11.979529   30916 structlog.go:42]   	adapters[vidoomy].userSync: <*config.Syncer Value>
I0820 23:05:11.979529   30916 structlog.go:39]   	adapters[vidoomy].experiment.adsCert.enabled: false
I0820 23:05:11.980033   30916 structlog.go:42]   	adapters[vidoomy].xapi.username: 
I0820 23:05:11.980033   30916 structlog.go:56]   	adapters[vidoomy].xapi.password: <REDACTED>
I0820 23:05:11.980033   30916 structlog.go:42]   	adapters[vidoomy].xapi.tracker: 
I0820 23:05:11.980033   30916 structlog.go:42]   	adapters[vidoomy].platform_id: 
I0820 23:05:11.980570   30916 structlog.go:42]   	adapters[vidoomy].app_secret: 
I0820 23:05:11.980570   30916 structlog.go:42]   	adapters[vidoomy].endpointCompression: 
I0820 23:05:11.980570   30916 structlog.go:42]   	adapters[vox].aliasOf: 
I0820 23:05:11.981086   30916 structlog.go:39]   	adapters[vox].whiteLabelOnly: false
I0820 23:05:11.981197   30916 structlog.go:39]   	adapters[vox].disabled: false
I0820 23:05:11.981197   30916 structlog.go:42]   	adapters[vox].endpoint: https://ssp.hybrid.ai/prebid/server/v1/auction
I0820 23:05:11.981700   30916 structlog.go:42]   	adapters[vox].extra_info: 
I0820 23:05:11.981700   30916 structlog.go:42]   	adapters[vox].openrtb: <*config.OpenRTBInfo Value>
I0820 23:05:11.981700   30916 structlog.go:42]   	adapters[vox].maintainer: <*config.MaintainerInfo Value>
I0820 23:05:11.981700   30916 structlog.go:42]   	adapters[vox].capabilities: <*config.CapabilitiesInfo Value>
I0820 23:05:11.982212   30916 structlog.go:39]   	adapters[vox].modifyingVastXmlAllowed: true
I0820 23:05:11.982212   30916 structlog.go:42]   	adapters[vox].debug: <*config.DebugInfo Value>
I0820 23:05:11.982212   30916 structlog.go:35]   	adapters[vox].gvlVendorID: 206
I0820 23:05:11.982212   30916 structlog.go:42]   	adapters[vox].userSync: <*config.Syncer Value>
I0820 23:05:11.982721   30916 structlog.go:39]   	adapters[vox].experiment.adsCert.enabled: false
I0820 23:05:11.982721   30916 structlog.go:42]   	adapters[vox].xapi.username: 
I0820 23:05:11.982721   30916 structlog.go:56]   	adapters[vox].xapi.password: <REDACTED>
I0820 23:05:11.982721   30916 structlog.go:42]   	adapters[vox].xapi.tracker: 
I0820 23:05:11.983228   30916 structlog.go:42]   	adapters[vox].platform_id: 
I0820 23:05:11.983228   30916 structlog.go:42]   	adapters[vox].app_secret: 
I0820 23:05:11.983228   30916 structlog.go:42]   	adapters[vox].endpointCompression: gzip
I0820 23:05:11.983228   30916 structlog.go:42]   	adapters[algorix].aliasOf: 
I0820 23:05:11.983736   30916 structlog.go:39]   	adapters[algorix].whiteLabelOnly: false
I0820 23:05:11.983736   30916 structlog.go:39]   	adapters[algorix].disabled: false
I0820 23:05:11.983736   30916 structlog.go:42]   	adapters[algorix].endpoint: https://{{.Host}}.svr-algorix.com/rtb/sa?sid={{.SourceId}}&token={{.AccountID}}
I0820 23:05:11.983736   30916 structlog.go:42]   	adapters[algorix].extra_info: 
I0820 23:05:11.984243   30916 structlog.go:42]   	adapters[algorix].openrtb: <*config.OpenRTBInfo Value>
I0820 23:05:11.984243   30916 structlog.go:42]   	adapters[algorix].maintainer: <*config.MaintainerInfo Value>
I0820 23:05:11.984243   30916 structlog.go:42]   	adapters[algorix].capabilities: <*config.CapabilitiesInfo Value>
I0820 23:05:11.984243   30916 structlog.go:39]   	adapters[algorix].modifyingVastXmlAllowed: false
I0820 23:05:11.984750   30916 structlog.go:42]   	adapters[algorix].debug: <*config.DebugInfo Value>
I0820 23:05:11.984750   30916 structlog.go:35]   	adapters[algorix].gvlVendorID: 1176
I0820 23:05:11.984750   30916 structlog.go:42]   	adapters[algorix].userSync: <*config.Syncer Value>
I0820 23:05:11.985264   30916 structlog.go:39]   	adapters[algorix].experiment.adsCert.enabled: false
I0820 23:05:11.985264   30916 structlog.go:42]   	adapters[algorix].xapi.username: 
I0820 23:05:11.985264   30916 structlog.go:56]   	adapters[algorix].xapi.password: <REDACTED>
I0820 23:05:11.985264   30916 structlog.go:42]   	adapters[algorix].xapi.tracker: 
I0820 23:05:11.985773   30916 structlog.go:42]   	adapters[algorix].platform_id: 
I0820 23:05:11.985773   30916 structlog.go:42]   	adapters[algorix].app_secret: 
I0820 23:05:11.985773   30916 structlog.go:42]   	adapters[algorix].endpointCompression: 
I0820 23:05:11.985773   30916 structlog.go:42]   	adapters[loyal].aliasOf: 
I0820 23:05:11.986281   30916 structlog.go:39]   	adapters[loyal].whiteLabelOnly: false
I0820 23:05:11.986281   30916 structlog.go:39]   	adapters[loyal].disabled: false
I0820 23:05:11.986281   30916 structlog.go:42]   	adapters[loyal].endpoint: https://us-east-1.loyal.app/pserver
I0820 23:05:11.986281   30916 structlog.go:42]   	adapters[loyal].extra_info: 
I0820 23:05:11.986788   30916 structlog.go:42]   	adapters[loyal].openrtb: <*config.OpenRTBInfo Value>
I0820 23:05:11.986788   30916 structlog.go:42]   	adapters[loyal].maintainer: <*config.MaintainerInfo Value>
I0820 23:05:11.986788   30916 structlog.go:42]   	adapters[loyal].capabilities: <*config.CapabilitiesInfo Value>
I0820 23:05:11.986788   30916 structlog.go:39]   	adapters[loyal].modifyingVastXmlAllowed: false
I0820 23:05:11.987297   30916 structlog.go:42]   	adapters[loyal].debug: <*config.DebugInfo Value>
I0820 23:05:11.987297   30916 structlog.go:35]   	adapters[loyal].gvlVendorID: 0
I0820 23:05:11.987297   30916 structlog.go:42]   	adapters[loyal].userSync: <*config.Syncer Value>
I0820 23:05:11.987297   30916 structlog.go:39]   	adapters[loyal].experiment.adsCert.enabled: false
I0820 23:05:11.987804   30916 structlog.go:42]   	adapters[loyal].xapi.username: 
I0820 23:05:11.987804   30916 structlog.go:56]   	adapters[loyal].xapi.password: <REDACTED>
I0820 23:05:11.987804   30916 structlog.go:42]   	adapters[loyal].xapi.tracker: 
I0820 23:05:11.987804   30916 structlog.go:42]   	adapters[loyal].platform_id: 
I0820 23:05:11.988312   30916 structlog.go:42]   	adapters[loyal].app_secret: 
I0820 23:05:11.988312   30916 structlog.go:42]   	adapters[loyal].endpointCompression: 
I0820 23:05:11.988312   30916 structlog.go:42]   	adapters[videoheroes].aliasOf: 
I0820 23:05:11.988312   30916 structlog.go:39]   	adapters[videoheroes].whiteLabelOnly: false
I0820 23:05:11.988851   30916 structlog.go:39]   	adapters[videoheroes].disabled: false
I0820 23:05:11.988851   30916 structlog.go:42]   	adapters[videoheroes].endpoint: http://point.contextualadv.com/?t=3&partner={{.PublisherID}}
I0820 23:05:11.988851   30916 structlog.go:42]   	adapters[videoheroes].extra_info: 
I0820 23:05:11.988851   30916 structlog.go:42]   	adapters[videoheroes].openrtb: <*config.OpenRTBInfo Value>
I0820 23:05:11.988851   30916 structlog.go:42]   	adapters[videoheroes].maintainer: <*config.MaintainerInfo Value>
I0820 23:05:11.988851   30916 structlog.go:42]   	adapters[videoheroes].capabilities: <*config.CapabilitiesInfo Value>
I0820 23:05:11.988851   30916 structlog.go:39]   	adapters[videoheroes].modifyingVastXmlAllowed: false
I0820 23:05:11.988851   30916 structlog.go:42]   	adapters[videoheroes].debug: <*config.DebugInfo Value>
I0820 23:05:11.989849   30916 structlog.go:35]   	adapters[videoheroes].gvlVendorID: 0
I0820 23:05:11.989849   30916 structlog.go:42]   	adapters[videoheroes].userSync: <*config.Syncer Value>
I0820 23:05:11.989849   30916 structlog.go:39]   	adapters[videoheroes].experiment.adsCert.enabled: false
I0820 23:05:11.989849   30916 structlog.go:42]   	adapters[videoheroes].xapi.username: 
I0820 23:05:11.989849   30916 structlog.go:56]   	adapters[videoheroes].xapi.password: <REDACTED>
I0820 23:05:11.989849   30916 structlog.go:42]   	adapters[videoheroes].xapi.tracker: 
I0820 23:05:11.989849   30916 structlog.go:42]   	adapters[videoheroes].platform_id: 
I0820 23:05:11.989849   30916 structlog.go:42]   	adapters[videoheroes].app_secret: 
I0820 23:05:11.990846   30916 structlog.go:42]   	adapters[videoheroes].endpointCompression: 
I0820 23:05:11.990846   30916 structlog.go:42]   	adapters[suntContent].aliasOf: seedingAlliance
I0820 23:05:11.990846   30916 structlog.go:39]   	adapters[suntContent].whiteLabelOnly: false
I0820 23:05:11.990846   30916 structlog.go:39]   	adapters[suntContent].disabled: false
I0820 23:05:11.991349   30916 structlog.go:42]   	adapters[suntContent].endpoint: https://b.suntcontent.se/cds/rtb/bid?ssp={{.AccountID}}
I0820 23:05:11.991349   30916 structlog.go:42]   	adapters[suntContent].extra_info: 
I0820 23:05:11.991349   30916 structlog.go:42]   	adapters[suntContent].openrtb: <*config.OpenRTBInfo Value>
I0820 23:05:11.991349   30916 structlog.go:42]   	adapters[suntContent].maintainer: <*config.MaintainerInfo Value>
I0820 23:05:11.991349   30916 structlog.go:42]   	adapters[suntContent].capabilities: <*config.CapabilitiesInfo Value>
I0820 23:05:11.991349   30916 structlog.go:39]   	adapters[suntContent].modifyingVastXmlAllowed: false
I0820 23:05:11.991349   30916 structlog.go:42]   	adapters[suntContent].debug: <*config.DebugInfo Value>
I0820 23:05:11.991349   30916 structlog.go:35]   	adapters[suntContent].gvlVendorID: 1097
I0820 23:05:11.992347   30916 structlog.go:42]   	adapters[suntContent].userSync: <*config.Syncer Value>
I0820 23:05:11.992347   30916 structlog.go:39]   	adapters[suntContent].experiment.adsCert.enabled: false
I0820 23:05:11.992347   30916 structlog.go:42]   	adapters[suntContent].xapi.username: 
I0820 23:05:11.992347   30916 structlog.go:56]   	adapters[suntContent].xapi.password: <REDACTED>
I0820 23:05:11.992347   30916 structlog.go:42]   	adapters[suntContent].xapi.tracker: 
I0820 23:05:11.992347   30916 structlog.go:42]   	adapters[suntContent].platform_id: 
I0820 23:05:11.992347   30916 structlog.go:42]   	adapters[suntContent].app_secret: 
I0820 23:05:11.992347   30916 structlog.go:42]   	adapters[suntContent].endpointCompression: 
I0820 23:05:11.993345   30916 structlog.go:42]   	adapters[adnuntius].aliasOf: 
I0820 23:05:11.993345   30916 structlog.go:39]   	adapters[adnuntius].whiteLabelOnly: false
I0820 23:05:11.993345   30916 structlog.go:39]   	adapters[adnuntius].disabled: false
I0820 23:05:11.993345   30916 structlog.go:42]   	adapters[adnuntius].endpoint: https://ads.adnuntius.delivery/i
I0820 23:05:11.993345   30916 structlog.go:42]   	adapters[adnuntius].extra_info: https://europe.delivery.adnuntius.com/i
I0820 23:05:11.993345   30916 structlog.go:42]   	adapters[adnuntius].openrtb: <*config.OpenRTBInfo Value>
I0820 23:05:11.993345   30916 structlog.go:42]   	adapters[adnuntius].maintainer: <*config.MaintainerInfo Value>
I0820 23:05:11.993345   30916 structlog.go:42]   	adapters[adnuntius].capabilities: <*config.CapabilitiesInfo Value>
I0820 23:05:11.994342   30916 structlog.go:39]   	adapters[adnuntius].modifyingVastXmlAllowed: false
I0820 23:05:11.994342   30916 structlog.go:42]   	adapters[adnuntius].debug: <*config.DebugInfo Value>
I0820 23:05:11.994342   30916 structlog.go:35]   	adapters[adnuntius].gvlVendorID: 855
I0820 23:05:11.994342   30916 structlog.go:42]   	adapters[adnuntius].userSync: <*config.Syncer Value>
I0820 23:05:11.994342   30916 structlog.go:39]   	adapters[adnuntius].experiment.adsCert.enabled: false
I0820 23:05:11.994342   30916 structlog.go:42]   	adapters[adnuntius].xapi.username: 
I0820 23:05:11.994342   30916 structlog.go:56]   	adapters[adnuntius].xapi.password: <REDACTED>
I0820 23:05:11.994342   30916 structlog.go:42]   	adapters[adnuntius].xapi.tracker: 
I0820 23:05:11.995339   30916 structlog.go:42]   	adapters[adnuntius].platform_id: 
I0820 23:05:11.995339   30916 structlog.go:42]   	adapters[adnuntius].app_secret: 
I0820 23:05:11.995339   30916 structlog.go:42]   	adapters[adnuntius].endpointCompression: 
I0820 23:05:11.995339   30916 structlog.go:42]   	adapters[trafficgate].aliasOf: 
I0820 23:05:11.995339   30916 structlog.go:39]   	adapters[trafficgate].whiteLabelOnly: false
I0820 23:05:11.996338   30916 structlog.go:39]   	adapters[trafficgate].disabled: false
I0820 23:05:11.996338   30916 structlog.go:42]   	adapters[trafficgate].endpoint: http://{{.Host}}.bc-plugin.com/?c=o&m=rtb
I0820 23:05:11.996338   30916 structlog.go:42]   	adapters[trafficgate].extra_info: 
I0820 23:05:11.996338   30916 structlog.go:42]   	adapters[trafficgate].openrtb: <*config.OpenRTBInfo Value>
I0820 23:05:11.996338   30916 structlog.go:42]   	adapters[trafficgate].maintainer: <*config.MaintainerInfo Value>
I0820 23:05:11.996338   30916 structlog.go:42]   	adapters[trafficgate].capabilities: <*config.CapabilitiesInfo Value>
I0820 23:05:11.997342   30916 structlog.go:39]   	adapters[trafficgate].modifyingVastXmlAllowed: true
I0820 23:05:11.997342   30916 structlog.go:42]   	adapters[trafficgate].debug: <*config.DebugInfo Value>
I0820 23:05:11.997342   30916 structlog.go:35]   	adapters[trafficgate].gvlVendorID: 0
I0820 23:05:11.997342   30916 structlog.go:42]   	adapters[trafficgate].userSync: <*config.Syncer Value>
I0820 23:05:11.997342   30916 structlog.go:39]   	adapters[trafficgate].experiment.adsCert.enabled: false
I0820 23:05:11.997342   30916 structlog.go:42]   	adapters[trafficgate].xapi.username: 
I0820 23:05:11.998332   30916 structlog.go:56]   	adapters[trafficgate].xapi.password: <REDACTED>
I0820 23:05:11.998332   30916 structlog.go:42]   	adapters[trafficgate].xapi.tracker: 
I0820 23:05:11.998332   30916 structlog.go:42]   	adapters[trafficgate].platform_id: 
I0820 23:05:11.998332   30916 structlog.go:42]   	adapters[trafficgate].app_secret: 
I0820 23:05:11.998332   30916 structlog.go:42]   	adapters[trafficgate].endpointCompression: 
I0820 23:05:11.999343   30916 structlog.go:42]   	adapters[sovrnXsp].aliasOf: 
I0820 23:05:11.999343   30916 structlog.go:39]   	adapters[sovrnXsp].whiteLabelOnly: false
I0820 23:05:11.999343   30916 structlog.go:39]   	adapters[sovrnXsp].disabled: false
I0820 23:05:11.999343   30916 structlog.go:42]   	adapters[sovrnXsp].endpoint: http://xsp.lijit.com/json/rtb/prebid/server
I0820 23:05:11.999343   30916 structlog.go:42]   	adapters[sovrnXsp].extra_info: 
I0820 23:05:11.999343   30916 structlog.go:42]   	adapters[sovrnXsp].openrtb: <*config.OpenRTBInfo Value>
I0820 23:05:12.000327   30916 structlog.go:42]   	adapters[sovrnXsp].maintainer: <*config.MaintainerInfo Value>
I0820 23:05:12.000327   30916 structlog.go:42]   	adapters[sovrnXsp].capabilities: <*config.CapabilitiesInfo Value>
I0820 23:05:12.000327   30916 structlog.go:39]   	adapters[sovrnXsp].modifyingVastXmlAllowed: true
I0820 23:05:12.000327   30916 structlog.go:42]   	adapters[sovrnXsp].debug: <*config.DebugInfo Value>
I0820 23:05:12.000327   30916 structlog.go:35]   	adapters[sovrnXsp].gvlVendorID: 13
I0820 23:05:12.000327   30916 structlog.go:42]   	adapters[sovrnXsp].userSync: <*config.Syncer Value>
I0820 23:05:12.000327   30916 structlog.go:39]   	adapters[sovrnXsp].experiment.adsCert.enabled: false
I0820 23:05:12.001324   30916 structlog.go:42]   	adapters[sovrnXsp].xapi.username: 
I0820 23:05:12.001324   30916 structlog.go:56]   	adapters[sovrnXsp].xapi.password: <REDACTED>
I0820 23:05:12.001324   30916 structlog.go:42]   	adapters[sovrnXsp].xapi.tracker: 
I0820 23:05:12.001324   30916 structlog.go:42]   	adapters[sovrnXsp].platform_id: 
I0820 23:05:12.001324   30916 structlog.go:42]   	adapters[sovrnXsp].app_secret: 
I0820 23:05:12.001324   30916 structlog.go:42]   	adapters[sovrnXsp].endpointCompression: gzip
I0820 23:05:12.002321   30916 structlog.go:42]   	adapters[tredio].aliasOf: smarthub
I0820 23:05:12.002321   30916 structlog.go:39]   	adapters[tredio].whiteLabelOnly: false
I0820 23:05:12.002321   30916 structlog.go:39]   	adapters[tredio].disabled: false
I0820 23:05:12.002321   30916 structlog.go:42]   	adapters[tredio].endpoint: https://tredio-prebid.attekmi.com/pbserver/?seat={{.AccountID}}&token={{.SourceId}}
I0820 23:05:12.002321   30916 structlog.go:42]   	adapters[tredio].extra_info: 
I0820 23:05:12.002321   30916 structlog.go:42]   	adapters[tredio].openrtb: <*config.OpenRTBInfo Value>
I0820 23:05:12.003326   30916 structlog.go:42]   	adapters[tredio].maintainer: <*config.MaintainerInfo Value>
I0820 23:05:12.003326   30916 structlog.go:42]   	adapters[tredio].capabilities: <*config.CapabilitiesInfo Value>
I0820 23:05:12.003326   30916 structlog.go:39]   	adapters[tredio].modifyingVastXmlAllowed: false
I0820 23:05:12.003326   30916 structlog.go:42]   	adapters[tredio].debug: <*config.DebugInfo Value>
I0820 23:05:12.003326   30916 structlog.go:35]   	adapters[tredio].gvlVendorID: 0
I0820 23:05:12.003326   30916 structlog.go:42]   	adapters[tredio].userSync: <*config.Syncer Value>
I0820 23:05:12.003326   30916 structlog.go:39]   	adapters[tredio].experiment.adsCert.enabled: false
I0820 23:05:12.004316   30916 structlog.go:42]   	adapters[tredio].xapi.username: 
I0820 23:05:12.004316   30916 structlog.go:56]   	adapters[tredio].xapi.password: <REDACTED>
I0820 23:05:12.004316   30916 structlog.go:42]   	adapters[tredio].xapi.tracker: 
I0820 23:05:12.004316   30916 structlog.go:42]   	adapters[tredio].platform_id: 
I0820 23:05:12.004316   30916 structlog.go:42]   	adapters[tredio].app_secret: 
I0820 23:05:12.004316   30916 structlog.go:42]   	adapters[tredio].endpointCompression: 
I0820 23:05:12.004316   30916 structlog.go:42]   	adapters[ads_interactive].aliasOf: 
I0820 23:05:12.005313   30916 structlog.go:39]   	adapters[ads_interactive].whiteLabelOnly: false
I0820 23:05:12.005313   30916 structlog.go:39]   	adapters[ads_interactive].disabled: false
I0820 23:05:12.005313   30916 structlog.go:42]   	adapters[ads_interactive].endpoint: https://bntb.adsinteractive.com/pserver
I0820 23:05:12.005313   30916 structlog.go:42]   	adapters[ads_interactive].extra_info: 
I0820 23:05:12.005313   30916 structlog.go:42]   	adapters[ads_interactive].openrtb: <*config.OpenRTBInfo Value>
I0820 23:05:12.005313   30916 structlog.go:42]   	adapters[ads_interactive].maintainer: <*config.MaintainerInfo Value>
I0820 23:05:12.005313   30916 structlog.go:42]   	adapters[ads_interactive].capabilities: <*config.CapabilitiesInfo Value>
I0820 23:05:12.006311   30916 structlog.go:39]   	adapters[ads_interactive].modifyingVastXmlAllowed: false
I0820 23:05:12.006311   30916 structlog.go:42]   	adapters[ads_interactive].debug: <*config.DebugInfo Value>
I0820 23:05:12.006311   30916 structlog.go:35]   	adapters[ads_interactive].gvlVendorID: 1212
I0820 23:05:12.006311   30916 structlog.go:42]   	adapters[ads_interactive].userSync: <*config.Syncer Value>
I0820 23:05:12.006311   30916 structlog.go:39]   	adapters[ads_interactive].experiment.adsCert.enabled: false
I0820 23:05:12.006311   30916 structlog.go:42]   	adapters[ads_interactive].xapi.username: 
I0820 23:05:12.007308   30916 structlog.go:56]   	adapters[ads_interactive].xapi.password: <REDACTED>
I0820 23:05:12.007308   30916 structlog.go:42]   	adapters[ads_interactive].xapi.tracker: 
I0820 23:05:12.007308   30916 structlog.go:42]   	adapters[ads_interactive].platform_id: 
I0820 23:05:12.007308   30916 structlog.go:42]   	adapters[ads_interactive].app_secret: 
I0820 23:05:12.007308   30916 structlog.go:42]   	adapters[ads_interactive].endpointCompression: 
I0820 23:05:12.007308   30916 structlog.go:42]   	adapters[vrtcal].aliasOf: 
I0820 23:05:12.007308   30916 structlog.go:39]   	adapters[vrtcal].whiteLabelOnly: false
I0820 23:05:12.007308   30916 structlog.go:39]   	adapters[vrtcal].disabled: false
I0820 23:05:12.008305   30916 structlog.go:42]   	adapters[vrtcal].endpoint: http://rtb.vrtcal.com/bidder_prebid.vap?ssp=1804
I0820 23:05:12.008305   30916 structlog.go:42]   	adapters[vrtcal].extra_info: 
I0820 23:05:12.008305   30916 structlog.go:42]   	adapters[vrtcal].openrtb: <*config.OpenRTBInfo Value>
I0820 23:05:12.008305   30916 structlog.go:42]   	adapters[vrtcal].maintainer: <*config.MaintainerInfo Value>
I0820 23:05:12.008305   30916 structlog.go:42]   	adapters[vrtcal].capabilities: <*config.CapabilitiesInfo Value>
I0820 23:05:12.008305   30916 structlog.go:39]   	adapters[vrtcal].modifyingVastXmlAllowed: false
I0820 23:05:12.008305   30916 structlog.go:42]   	adapters[vrtcal].debug: <*config.DebugInfo Value>
I0820 23:05:12.009302   30916 structlog.go:35]   	adapters[vrtcal].gvlVendorID: 706
I0820 23:05:12.009302   30916 structlog.go:42]   	adapters[vrtcal].userSync: <*config.Syncer Value>
I0820 23:05:12.009302   30916 structlog.go:39]   	adapters[vrtcal].experiment.adsCert.enabled: false
I0820 23:05:12.009302   30916 structlog.go:42]   	adapters[vrtcal].xapi.username: 
I0820 23:05:12.009302   30916 structlog.go:56]   	adapters[vrtcal].xapi.password: <REDACTED>
I0820 23:05:12.009302   30916 structlog.go:42]   	adapters[vrtcal].xapi.tracker: 
I0820 23:05:12.009302   30916 structlog.go:42]   	adapters[vrtcal].platform_id: 
I0820 23:05:12.009302   30916 structlog.go:42]   	adapters[vrtcal].app_secret: 
I0820 23:05:12.010300   30916 structlog.go:42]   	adapters[vrtcal].endpointCompression: 
I0820 23:05:12.010300   30916 structlog.go:42]   	adapters[adot].aliasOf: 
I0820 23:05:12.010300   30916 structlog.go:39]   	adapters[adot].whiteLabelOnly: false
I0820 23:05:12.010300   30916 structlog.go:39]   	adapters[adot].disabled: false
I0820 23:05:12.010300   30916 structlog.go:42]   	adapters[adot].endpoint: https://dsp.adotmob.com/headerbidding{PUBLISHER_PATH}/bidrequest
I0820 23:05:12.010300   30916 structlog.go:42]   	adapters[adot].extra_info: 
I0820 23:05:12.010300   30916 structlog.go:42]   	adapters[adot].openrtb: <*config.OpenRTBInfo Value>
I0820 23:05:12.010300   30916 structlog.go:42]   	adapters[adot].maintainer: <*config.MaintainerInfo Value>
I0820 23:05:12.011297   30916 structlog.go:42]   	adapters[adot].capabilities: <*config.CapabilitiesInfo Value>
I0820 23:05:12.011297   30916 structlog.go:39]   	adapters[adot].modifyingVastXmlAllowed: false
I0820 23:05:12.011297   30916 structlog.go:42]   	adapters[adot].debug: <*config.DebugInfo Value>
I0820 23:05:12.011297   30916 structlog.go:35]   	adapters[adot].gvlVendorID: 272
I0820 23:05:12.011297   30916 structlog.go:42]   	adapters[adot].userSync: <*config.Syncer Value>
I0820 23:05:12.011912   30916 structlog.go:39]   	adapters[adot].experiment.adsCert.enabled: false
I0820 23:05:12.011912   30916 structlog.go:42]   	adapters[adot].xapi.username: 
I0820 23:05:12.011912   30916 structlog.go:56]   	adapters[adot].xapi.password: <REDACTED>
I0820 23:05:12.012963   30916 structlog.go:42]   	adapters[adot].xapi.tracker: 
I0820 23:05:12.012963   30916 structlog.go:42]   	adapters[adot].platform_id: 
I0820 23:05:12.012963   30916 structlog.go:42]   	adapters[adot].app_secret: 
I0820 23:05:12.013524   30916 structlog.go:42]   	adapters[adot].endpointCompression: 
I0820 23:05:12.013524   30916 structlog.go:42]   	adapters[alkimi].aliasOf: 
I0820 23:05:12.013524   30916 structlog.go:39]   	adapters[alkimi].whiteLabelOnly: false
I0820 23:05:12.014027   30916 structlog.go:39]   	adapters[alkimi].disabled: false
I0820 23:05:12.014027   30916 structlog.go:42]   	adapters[alkimi].endpoint: https://exchange.alkimi-onboarding.com/server/bid
I0820 23:05:12.014027   30916 structlog.go:42]   	adapters[alkimi].extra_info: 
I0820 23:05:12.014027   30916 structlog.go:42]   	adapters[alkimi].openrtb: <*config.OpenRTBInfo Value>
I0820 23:05:12.014634   30916 structlog.go:42]   	adapters[alkimi].maintainer: <*config.MaintainerInfo Value>
I0820 23:05:12.014634   30916 structlog.go:42]   	adapters[alkimi].capabilities: <*config.CapabilitiesInfo Value>
I0820 23:05:12.015138   30916 structlog.go:39]   	adapters[alkimi].modifyingVastXmlAllowed: false
I0820 23:05:12.015138   30916 structlog.go:42]   	adapters[alkimi].debug: <*config.DebugInfo Value>
I0820 23:05:12.015138   30916 structlog.go:35]   	adapters[alkimi].gvlVendorID: 1169
I0820 23:05:12.015138   30916 structlog.go:42]   	adapters[alkimi].userSync: <*config.Syncer Value>
I0820 23:05:12.015737   30916 structlog.go:39]   	adapters[alkimi].experiment.adsCert.enabled: false
I0820 23:05:12.015737   30916 structlog.go:42]   	adapters[alkimi].xapi.username: 
I0820 23:05:12.016240   30916 structlog.go:56]   	adapters[alkimi].xapi.password: <REDACTED>
I0820 23:05:12.016240   30916 structlog.go:42]   	adapters[alkimi].xapi.tracker: 
I0820 23:05:12.016240   30916 structlog.go:42]   	adapters[alkimi].platform_id: 
I0820 23:05:12.016240   30916 structlog.go:42]   	adapters[alkimi].app_secret: 
I0820 23:05:12.016752   30916 structlog.go:42]   	adapters[alkimi].endpointCompression: 
I0820 23:05:12.016752   30916 structlog.go:42]   	adapters[kuantyx].aliasOf: aso
I0820 23:05:12.016752   30916 structlog.go:39]   	adapters[kuantyx].whiteLabelOnly: false
I0820 23:05:12.017275   30916 structlog.go:39]   	adapters[kuantyx].disabled: false
I0820 23:05:12.017275   30916 structlog.go:42]   	adapters[kuantyx].endpoint: https://srv.kntxy.com/pbs/bidder?zid={{.ZoneID}}
I0820 23:05:12.017275   30916 structlog.go:42]   	adapters[kuantyx].extra_info: 
I0820 23:05:12.017275   30916 structlog.go:42]   	adapters[kuantyx].openrtb: <*config.OpenRTBInfo Value>
I0820 23:05:12.017785   30916 structlog.go:42]   	adapters[kuantyx].maintainer: <*config.MaintainerInfo Value>
I0820 23:05:12.017785   30916 structlog.go:42]   	adapters[kuantyx].capabilities: <*config.CapabilitiesInfo Value>
I0820 23:05:12.017785   30916 structlog.go:39]   	adapters[kuantyx].modifyingVastXmlAllowed: false
I0820 23:05:12.017785   30916 structlog.go:42]   	adapters[kuantyx].debug: <*config.DebugInfo Value>
I0820 23:05:12.018293   30916 structlog.go:35]   	adapters[kuantyx].gvlVendorID: 0
I0820 23:05:12.018293   30916 structlog.go:42]   	adapters[kuantyx].userSync: <*config.Syncer Value>
I0820 23:05:12.018293   30916 structlog.go:39]   	adapters[kuantyx].experiment.adsCert.enabled: false
I0820 23:05:12.018293   30916 structlog.go:42]   	adapters[kuantyx].xapi.username: 
I0820 23:05:12.018801   30916 structlog.go:56]   	adapters[kuantyx].xapi.password: <REDACTED>
I0820 23:05:12.018801   30916 structlog.go:42]   	adapters[kuantyx].xapi.tracker: 
I0820 23:05:12.018801   30916 structlog.go:42]   	adapters[kuantyx].platform_id: 
I0820 23:05:12.018801   30916 structlog.go:42]   	adapters[kuantyx].app_secret: 
I0820 23:05:12.019310   30916 structlog.go:42]   	adapters[kuantyx].endpointCompression: 
I0820 23:05:12.019310   30916 structlog.go:42]   	adapters[lemmadigital].aliasOf: 
I0820 23:05:12.019310   30916 structlog.go:39]   	adapters[lemmadigital].whiteLabelOnly: false
I0820 23:05:12.019310   30916 structlog.go:39]   	adapters[lemmadigital].disabled: false
I0820 23:05:12.019818   30916 structlog.go:42]   	adapters[lemmadigital].endpoint: https://pbid.lemmamedia.com/lemma/servad?src=prebid&pid={{.PublisherID}}&aid={{.AdUnit}}
I0820 23:05:12.019818   30916 structlog.go:42]   	adapters[lemmadigital].extra_info: 
I0820 23:05:12.019818   30916 structlog.go:42]   	adapters[lemmadigital].openrtb: <*config.OpenRTBInfo Value>
I0820 23:05:12.019818   30916 structlog.go:42]   	adapters[lemmadigital].maintainer: <*config.MaintainerInfo Value>
I0820 23:05:12.020326   30916 structlog.go:42]   	adapters[lemmadigital].capabilities: <*config.CapabilitiesInfo Value>
I0820 23:05:12.020326   30916 structlog.go:39]   	adapters[lemmadigital].modifyingVastXmlAllowed: true
I0820 23:05:12.020326   30916 structlog.go:42]   	adapters[lemmadigital].debug: <*config.DebugInfo Value>
I0820 23:05:12.020326   30916 structlog.go:35]   	adapters[lemmadigital].gvlVendorID: 0
I0820 23:05:12.020836   30916 structlog.go:42]   	adapters[lemmadigital].userSync: <*config.Syncer Value>
I0820 23:05:12.020836   30916 structlog.go:39]   	adapters[lemmadigital].experiment.adsCert.enabled: false
I0820 23:05:12.020836   30916 structlog.go:42]   	adapters[lemmadigital].xapi.username: 
I0820 23:05:12.020836   30916 structlog.go:56]   	adapters[lemmadigital].xapi.password: <REDACTED>
I0820 23:05:12.021347   30916 structlog.go:42]   	adapters[lemmadigital].xapi.tracker: 
I0820 23:05:12.021347   30916 structlog.go:42]   	adapters[lemmadigital].platform_id: 
I0820 23:05:12.021347   30916 structlog.go:42]   	adapters[lemmadigital].app_secret: 
I0820 23:05:12.021347   30916 structlog.go:42]   	adapters[lemmadigital].endpointCompression: gzip
I0820 23:05:12.021855   30916 structlog.go:42]   	adapters[yieldone].aliasOf: 
I0820 23:05:12.021855   30916 structlog.go:39]   	adapters[yieldone].whiteLabelOnly: false
I0820 23:05:12.021855   30916 structlog.go:39]   	adapters[yieldone].disabled: false
I0820 23:05:12.021855   30916 structlog.go:42]   	adapters[yieldone].endpoint: https://y.one.impact-ad.jp/hbs_imp
I0820 23:05:12.022364   30916 structlog.go:42]   	adapters[yieldone].extra_info: 
I0820 23:05:12.022364   30916 structlog.go:42]   	adapters[yieldone].openrtb: <*config.OpenRTBInfo Value>
I0820 23:05:12.022364   30916 structlog.go:42]   	adapters[yieldone].maintainer: <*config.MaintainerInfo Value>
I0820 23:05:12.022872   30916 structlog.go:42]   	adapters[yieldone].capabilities: <*config.CapabilitiesInfo Value>
I0820 23:05:12.022872   30916 structlog.go:39]   	adapters[yieldone].modifyingVastXmlAllowed: false
I0820 23:05:12.022872   30916 structlog.go:42]   	adapters[yieldone].debug: <*config.DebugInfo Value>
I0820 23:05:12.022872   30916 structlog.go:35]   	adapters[yieldone].gvlVendorID: 0
I0820 23:05:12.023382   30916 structlog.go:42]   	adapters[yieldone].userSync: <*config.Syncer Value>
I0820 23:05:12.023382   30916 structlog.go:39]   	adapters[yieldone].experiment.adsCert.enabled: false
I0820 23:05:12.023382   30916 structlog.go:42]   	adapters[yieldone].xapi.username: 
I0820 23:05:12.023382   30916 structlog.go:56]   	adapters[yieldone].xapi.password: <REDACTED>
I0820 23:05:12.023889   30916 structlog.go:42]   	adapters[yieldone].xapi.tracker: 
I0820 23:05:12.023889   30916 structlog.go:42]   	adapters[yieldone].platform_id: 
I0820 23:05:12.023889   30916 structlog.go:42]   	adapters[yieldone].app_secret: 
I0820 23:05:12.023889   30916 structlog.go:42]   	adapters[yieldone].endpointCompression: 
I0820 23:05:12.024397   30916 structlog.go:42]   	adapters[imds].aliasOf: 
I0820 23:05:12.024397   30916 structlog.go:39]   	adapters[imds].whiteLabelOnly: false
I0820 23:05:12.024397   30916 structlog.go:39]   	adapters[imds].disabled: false
I0820 23:05:12.024397   30916 structlog.go:42]   	adapters[imds].endpoint: https://pbs.technoratimedia.com/openrtb/bids/{{.AccountID}}?src={{.SourceId}}&adapter=imds
I0820 23:05:12.024905   30916 structlog.go:42]   	adapters[imds].extra_info: 
I0820 23:05:12.024905   30916 structlog.go:42]   	adapters[imds].openrtb: <*config.OpenRTBInfo Value>
I0820 23:05:12.024905   30916 structlog.go:42]   	adapters[imds].maintainer: <*config.MaintainerInfo Value>
I0820 23:05:12.024905   30916 structlog.go:42]   	adapters[imds].capabilities: <*config.CapabilitiesInfo Value>
I0820 23:05:12.025415   30916 structlog.go:39]   	adapters[imds].modifyingVastXmlAllowed: false
I0820 23:05:12.025415   30916 structlog.go:42]   	adapters[imds].debug: <*config.DebugInfo Value>
I0820 23:05:12.025415   30916 structlog.go:35]   	adapters[imds].gvlVendorID: 0
I0820 23:05:12.025415   30916 structlog.go:42]   	adapters[imds].userSync: <*config.Syncer Value>
I0820 23:05:12.025924   30916 structlog.go:39]   	adapters[imds].experiment.adsCert.enabled: false
I0820 23:05:12.025924   30916 structlog.go:42]   	adapters[imds].xapi.username: 
I0820 23:05:12.025924   30916 structlog.go:56]   	adapters[imds].xapi.password: <REDACTED>
I0820 23:05:12.025924   30916 structlog.go:42]   	adapters[imds].xapi.tracker: 
I0820 23:05:12.026433   30916 structlog.go:42]   	adapters[imds].platform_id: 
I0820 23:05:12.026433   30916 structlog.go:42]   	adapters[imds].app_secret: 
I0820 23:05:12.026433   30916 structlog.go:42]   	adapters[imds].endpointCompression: 
I0820 23:05:12.026433   30916 structlog.go:42]   	adapters[152media].aliasOf: adkernel
I0820 23:05:12.026942   30916 structlog.go:39]   	adapters[152media].whiteLabelOnly: false
I0820 23:05:12.026942   30916 structlog.go:39]   	adapters[152media].disabled: false
I0820 23:05:12.026942   30916 structlog.go:42]   	adapters[152media].endpoint: http://pbs.adksrv.com/hb?zone={{.ZoneID}}
I0820 23:05:12.026942   30916 structlog.go:42]   	adapters[152media].extra_info: 
I0820 23:05:12.027451   30916 structlog.go:42]   	adapters[152media].openrtb: <*config.OpenRTBInfo Value>
I0820 23:05:12.027451   30916 structlog.go:42]   	adapters[152media].maintainer: <*config.MaintainerInfo Value>
I0820 23:05:12.027451   30916 structlog.go:42]   	adapters[152media].capabilities: <*config.CapabilitiesInfo Value>
I0820 23:05:12.027451   30916 structlog.go:39]   	adapters[152media].modifyingVastXmlAllowed: false
I0820 23:05:12.027960   30916 structlog.go:42]   	adapters[152media].debug: <*config.DebugInfo Value>
I0820 23:05:12.027960   30916 structlog.go:35]   	adapters[152media].gvlVendorID: 1111
I0820 23:05:12.027960   30916 structlog.go:42]   	adapters[152media].userSync: <*config.Syncer Value>
I0820 23:05:12.027960   30916 structlog.go:39]   	adapters[152media].experiment.adsCert.enabled: false
I0820 23:05:12.028469   30916 structlog.go:42]   	adapters[152media].xapi.username: 
I0820 23:05:12.028469   30916 structlog.go:56]   	adapters[152media].xapi.password: <REDACTED>
I0820 23:05:12.028469   30916 structlog.go:42]   	adapters[152media].xapi.tracker: 
I0820 23:05:12.028469   30916 structlog.go:42]   	adapters[152media].platform_id: 
I0820 23:05:12.028978   30916 structlog.go:42]   	adapters[152media].app_secret: 
I0820 23:05:12.029545   30916 structlog.go:42]   	adapters[152media].endpointCompression: GZIP
I0820 23:05:12.029545   30916 structlog.go:42]   	adapters[axonix].aliasOf: 
I0820 23:05:12.029545   30916 structlog.go:39]   	adapters[axonix].whiteLabelOnly: false
I0820 23:05:12.029545   30916 structlog.go:39]   	adapters[axonix].disabled: false
I0820 23:05:12.030049   30916 structlog.go:42]   	adapters[axonix].endpoint: https://openrtb-us-east-1.axonix.com/supply/prebid-server/{{.AccountID}}
I0820 23:05:12.030049   30916 structlog.go:42]   	adapters[axonix].extra_info: 
I0820 23:05:12.030049   30916 structlog.go:42]   	adapters[axonix].openrtb: <*config.OpenRTBInfo Value>
I0820 23:05:12.030049   30916 structlog.go:42]   	adapters[axonix].maintainer: <*config.MaintainerInfo Value>
I0820 23:05:12.030570   30916 structlog.go:42]   	adapters[axonix].capabilities: <*config.CapabilitiesInfo Value>
I0820 23:05:12.030570   30916 structlog.go:39]   	adapters[axonix].modifyingVastXmlAllowed: true
I0820 23:05:12.030570   30916 structlog.go:42]   	adapters[axonix].debug: <*config.DebugInfo Value>
I0820 23:05:12.031091   30916 structlog.go:35]   	adapters[axonix].gvlVendorID: 678
I0820 23:05:12.031091   30916 structlog.go:42]   	adapters[axonix].userSync: <*config.Syncer Value>
I0820 23:05:12.031637   30916 structlog.go:39]   	adapters[axonix].experiment.adsCert.enabled: false
I0820 23:05:12.031637   30916 structlog.go:42]   	adapters[axonix].xapi.username: 
I0820 23:05:12.031637   30916 structlog.go:56]   	adapters[axonix].xapi.password: <REDACTED>
I0820 23:05:12.031637   30916 structlog.go:42]   	adapters[axonix].xapi.tracker: 
I0820 23:05:12.032155   30916 structlog.go:42]   	adapters[axonix].platform_id: 
I0820 23:05:12.032155   30916 structlog.go:42]   	adapters[axonix].app_secret: 
I0820 23:05:12.032155   30916 structlog.go:42]   	adapters[axonix].endpointCompression: 
I0820 23:05:12.032668   30916 structlog.go:42]   	adapters[bidmyadz].aliasOf: 
I0820 23:05:12.032668   30916 structlog.go:39]   	adapters[bidmyadz].whiteLabelOnly: false
I0820 23:05:12.033178   30916 structlog.go:39]   	adapters[bidmyadz].disabled: false
I0820 23:05:12.034225   30916 structlog.go:42]   	adapters[bidmyadz].endpoint: http://endpoint.bidmyadz.com/c0f68227d14ed938c6c49f3967cbe9bc
I0820 23:05:12.034297   30916 structlog.go:42]   	adapters[bidmyadz].extra_info: 
I0820 23:05:12.034297   30916 structlog.go:42]   	adapters[bidmyadz].openrtb: <*config.OpenRTBInfo Value>
I0820 23:05:12.034297   30916 structlog.go:42]   	adapters[bidmyadz].maintainer: <*config.MaintainerInfo Value>
I0820 23:05:12.034800   30916 structlog.go:42]   	adapters[bidmyadz].capabilities: <*config.CapabilitiesInfo Value>
I0820 23:05:12.034800   30916 structlog.go:39]   	adapters[bidmyadz].modifyingVastXmlAllowed: false
I0820 23:05:12.034800   30916 structlog.go:42]   	adapters[bidmyadz].debug: <*config.DebugInfo Value>
I0820 23:05:12.035309   30916 structlog.go:35]   	adapters[bidmyadz].gvlVendorID: 0
I0820 23:05:12.035309   30916 structlog.go:42]   	adapters[bidmyadz].userSync: <*config.Syncer Value>
I0820 23:05:12.035309   30916 structlog.go:39]   	adapters[bidmyadz].experiment.adsCert.enabled: false
I0820 23:05:12.035817   30916 structlog.go:42]   	adapters[bidmyadz].xapi.username: 
I0820 23:05:12.035817   30916 structlog.go:56]   	adapters[bidmyadz].xapi.password: <REDACTED>
I0820 23:05:12.035817   30916 structlog.go:42]   	adapters[bidmyadz].xapi.tracker: 
I0820 23:05:12.035817   30916 structlog.go:42]   	adapters[bidmyadz].platform_id: 
I0820 23:05:12.036326   30916 structlog.go:42]   	adapters[bidmyadz].app_secret: 
I0820 23:05:12.036326   30916 structlog.go:42]   	adapters[bidmyadz].endpointCompression: 
I0820 23:05:12.036834   30916 structlog.go:42]   	adapters[apacdex].aliasOf: 
I0820 23:05:12.036834   30916 structlog.go:39]   	adapters[apacdex].whiteLabelOnly: false
I0820 23:05:12.036834   30916 structlog.go:39]   	adapters[apacdex].disabled: false
I0820 23:05:12.036834   30916 structlog.go:42]   	adapters[apacdex].endpoint: http://useast.quantumdex.io/auction/pbs
I0820 23:05:12.037344   30916 structlog.go:42]   	adapters[apacdex].extra_info: 
I0820 23:05:12.037344   30916 structlog.go:42]   	adapters[apacdex].openrtb: <*config.OpenRTBInfo Value>
I0820 23:05:12.037344   30916 structlog.go:42]   	adapters[apacdex].maintainer: <*config.MaintainerInfo Value>
I0820 23:05:12.037344   30916 structlog.go:42]   	adapters[apacdex].capabilities: <*config.CapabilitiesInfo Value>
I0820 23:05:12.037851   30916 structlog.go:39]   	adapters[apacdex].modifyingVastXmlAllowed: false
I0820 23:05:12.037851   30916 structlog.go:42]   	adapters[apacdex].debug: <*config.DebugInfo Value>
I0820 23:05:12.037851   30916 structlog.go:35]   	adapters[apacdex].gvlVendorID: 0
I0820 23:05:12.037851   30916 structlog.go:42]   	adapters[apacdex].userSync: <*config.Syncer Value>
I0820 23:05:12.038358   30916 structlog.go:39]   	adapters[apacdex].experiment.adsCert.enabled: false
I0820 23:05:12.038358   30916 structlog.go:42]   	adapters[apacdex].xapi.username: 
I0820 23:05:12.038358   30916 structlog.go:56]   	adapters[apacdex].xapi.password: <REDACTED>
I0820 23:05:12.038358   30916 structlog.go:42]   	adapters[apacdex].xapi.tracker: 
I0820 23:05:12.038865   30916 structlog.go:42]   	adapters[apacdex].platform_id: 
I0820 23:05:12.038865   30916 structlog.go:42]   	adapters[apacdex].app_secret: 
I0820 23:05:12.038865   30916 structlog.go:42]   	adapters[apacdex].endpointCompression: 
I0820 23:05:12.038865   30916 structlog.go:42]   	adapters[yieldmo].aliasOf: 
I0820 23:05:12.039372   30916 structlog.go:39]   	adapters[yieldmo].whiteLabelOnly: false
I0820 23:05:12.039372   30916 structlog.go:39]   	adapters[yieldmo].disabled: false
I0820 23:05:12.039372   30916 structlog.go:42]   	adapters[yieldmo].endpoint: https://ads.yieldmo.com/exchange/prebid-server
I0820 23:05:12.039372   30916 structlog.go:42]   	adapters[yieldmo].extra_info: 
I0820 23:05:12.039882   30916 structlog.go:42]   	adapters[yieldmo].openrtb: <*config.OpenRTBInfo Value>
I0820 23:05:12.039882   30916 structlog.go:42]   	adapters[yieldmo].maintainer: <*config.MaintainerInfo Value>
I0820 23:05:12.039882   30916 structlog.go:42]   	adapters[yieldmo].capabilities: <*config.CapabilitiesInfo Value>
I0820 23:05:12.039882   30916 structlog.go:39]   	adapters[yieldmo].modifyingVastXmlAllowed: false
I0820 23:05:12.040390   30916 structlog.go:42]   	adapters[yieldmo].debug: <*config.DebugInfo Value>
I0820 23:05:12.040390   30916 structlog.go:35]   	adapters[yieldmo].gvlVendorID: 173
I0820 23:05:12.040390   30916 structlog.go:42]   	adapters[yieldmo].userSync: <*config.Syncer Value>
I0820 23:05:12.040390   30916 structlog.go:39]   	adapters[yieldmo].experiment.adsCert.enabled: false
I0820 23:05:12.040897   30916 structlog.go:42]   	adapters[yieldmo].xapi.username: 
I0820 23:05:12.040897   30916 structlog.go:56]   	adapters[yieldmo].xapi.password: <REDACTED>
I0820 23:05:12.040897   30916 structlog.go:42]   	adapters[yieldmo].xapi.tracker: 
I0820 23:05:12.040897   30916 structlog.go:42]   	adapters[yieldmo].platform_id: 
I0820 23:05:12.041405   30916 structlog.go:42]   	adapters[yieldmo].app_secret: 
I0820 23:05:12.041405   30916 structlog.go:42]   	adapters[yieldmo].endpointCompression: 
I0820 23:05:12.041405   30916 structlog.go:42]   	adapters[adelement].aliasOf: 
I0820 23:05:12.041405   30916 structlog.go:39]   	adapters[adelement].whiteLabelOnly: false
I0820 23:05:12.041913   30916 structlog.go:39]   	adapters[adelement].disabled: false
I0820 23:05:12.041913   30916 structlog.go:42]   	adapters[adelement].endpoint: https://amp.adelement.com/openrtb2/auction?supply_id={{.SupplyId}}
I0820 23:05:12.041913   30916 structlog.go:42]   	adapters[adelement].extra_info: 
I0820 23:05:12.041913   30916 structlog.go:42]   	adapters[adelement].openrtb: <*config.OpenRTBInfo Value>
I0820 23:05:12.042420   30916 structlog.go:42]   	adapters[adelement].maintainer: <*config.MaintainerInfo Value>
I0820 23:05:12.042420   30916 structlog.go:42]   	adapters[adelement].capabilities: <*config.CapabilitiesInfo Value>
I0820 23:05:12.042420   30916 structlog.go:39]   	adapters[adelement].modifyingVastXmlAllowed: false
I0820 23:05:12.042420   30916 structlog.go:42]   	adapters[adelement].debug: <*config.DebugInfo Value>
I0820 23:05:12.042930   30916 structlog.go:35]   	adapters[adelement].gvlVendorID: 196
I0820 23:05:12.042930   30916 structlog.go:42]   	adapters[adelement].userSync: <*config.Syncer Value>
I0820 23:05:12.042930   30916 structlog.go:39]   	adapters[adelement].experiment.adsCert.enabled: false
I0820 23:05:12.042930   30916 structlog.go:42]   	adapters[adelement].xapi.username: 
I0820 23:05:12.043438   30916 structlog.go:56]   	adapters[adelement].xapi.password: <REDACTED>
I0820 23:05:12.043438   30916 structlog.go:42]   	adapters[adelement].xapi.tracker: 
I0820 23:05:12.043438   30916 structlog.go:42]   	adapters[adelement].platform_id: 
I0820 23:05:12.043438   30916 structlog.go:42]   	adapters[adelement].app_secret: 
I0820 23:05:12.043945   30916 structlog.go:42]   	adapters[adelement].endpointCompression: gzip
I0820 23:05:12.043945   30916 structlog.go:42]   	adapters[vidazoo].aliasOf: 
I0820 23:05:12.043945   30916 structlog.go:39]   	adapters[vidazoo].whiteLabelOnly: false
I0820 23:05:12.043945   30916 structlog.go:39]   	adapters[vidazoo].disabled: false
I0820 23:05:12.044452   30916 structlog.go:42]   	adapters[vidazoo].endpoint: https://prebidsrvr.cootlogix.com/openrtb/
I0820 23:05:12.044452   30916 structlog.go:42]   	adapters[vidazoo].extra_info: 
I0820 23:05:12.044452   30916 structlog.go:42]   	adapters[vidazoo].openrtb: <*config.OpenRTBInfo Value>
I0820 23:05:12.044958   30916 structlog.go:42]   	adapters[vidazoo].maintainer: <*config.MaintainerInfo Value>
I0820 23:05:12.044958   30916 structlog.go:42]   	adapters[vidazoo].capabilities: <*config.CapabilitiesInfo Value>
I0820 23:05:12.044958   30916 structlog.go:39]   	adapters[vidazoo].modifyingVastXmlAllowed: false
I0820 23:05:12.044958   30916 structlog.go:42]   	adapters[vidazoo].debug: <*config.DebugInfo Value>
I0820 23:05:12.045467   30916 structlog.go:35]   	adapters[vidazoo].gvlVendorID: 744
I0820 23:05:12.045467   30916 structlog.go:42]   	adapters[vidazoo].userSync: <*config.Syncer Value>
I0820 23:05:12.046977   30916 structlog.go:39]   	adapters[vidazoo].experiment.adsCert.enabled: false
I0820 23:05:12.047811   30916 structlog.go:42]   	adapters[vidazoo].xapi.username: 
I0820 23:05:12.047811   30916 structlog.go:56]   	adapters[vidazoo].xapi.password: <REDACTED>
I0820 23:05:12.048325   30916 structlog.go:42]   	adapters[vidazoo].xapi.tracker: 
I0820 23:05:12.048325   30916 structlog.go:42]   	adapters[vidazoo].platform_id: 
I0820 23:05:12.048325   30916 structlog.go:42]   	adapters[vidazoo].app_secret: 
I0820 23:05:12.048325   30916 structlog.go:42]   	adapters[vidazoo].endpointCompression: gzip
I0820 23:05:12.048869   30916 structlog.go:42]   	adapters[triplelift_native].aliasOf: 
I0820 23:05:12.048869   30916 structlog.go:39]   	adapters[triplelift_native].whiteLabelOnly: false
I0820 23:05:12.049393   30916 structlog.go:39]   	adapters[triplelift_native].disabled: true
I0820 23:05:12.049393   30916 structlog.go:42]   	adapters[triplelift_native].endpoint: https://tlx.3lift.com/s2sn/auction?supplier_id=20
I0820 23:05:12.049393   30916 structlog.go:42]   	adapters[triplelift_native].extra_info: {"publisher_whitelist":[]}
I0820 23:05:12.049904   30916 structlog.go:42]   	adapters[triplelift_native].openrtb: <*config.OpenRTBInfo Value>
I0820 23:05:12.049904   30916 structlog.go:42]   	adapters[triplelift_native].maintainer: <*config.MaintainerInfo Value>
I0820 23:05:12.049904   30916 structlog.go:42]   	adapters[triplelift_native].capabilities: <*config.CapabilitiesInfo Value>
I0820 23:05:12.049904   30916 structlog.go:39]   	adapters[triplelift_native].modifyingVastXmlAllowed: false
I0820 23:05:12.050418   30916 structlog.go:42]   	adapters[triplelift_native].debug: <*config.DebugInfo Value>
I0820 23:05:12.050418   30916 structlog.go:35]   	adapters[triplelift_native].gvlVendorID: 28
I0820 23:05:12.050418   30916 structlog.go:42]   	adapters[triplelift_native].userSync: <*config.Syncer Value>
I0820 23:05:12.050941   30916 structlog.go:39]   	adapters[triplelift_native].experiment.adsCert.enabled: false
I0820 23:05:12.050941   30916 structlog.go:42]   	adapters[triplelift_native].xapi.username: 
I0820 23:05:12.050941   30916 structlog.go:56]   	adapters[triplelift_native].xapi.password: <REDACTED>
I0820 23:05:12.051454   30916 structlog.go:42]   	adapters[triplelift_native].xapi.tracker: 
I0820 23:05:12.051454   30916 structlog.go:42]   	adapters[triplelift_native].platform_id: 
I0820 23:05:12.051454   30916 structlog.go:42]   	adapters[triplelift_native].app_secret: 
I0820 23:05:12.051962   30916 structlog.go:42]   	adapters[triplelift_native].endpointCompression: 
I0820 23:05:12.051962   30916 structlog.go:42]   	adapters[1accord].aliasOf: nexx360
I0820 23:05:12.051962   30916 structlog.go:39]   	adapters[1accord].whiteLabelOnly: false
I0820 23:05:12.051962   30916 structlog.go:39]   	adapters[1accord].disabled: false
I0820 23:05:12.052471   30916 structlog.go:42]   	adapters[1accord].endpoint: http://fast.nexx360.io/prebid-server
I0820 23:05:12.052985   30916 structlog.go:42]   	adapters[1accord].extra_info: 
I0820 23:05:12.052985   30916 structlog.go:42]   	adapters[1accord].openrtb: <*config.OpenRTBInfo Value>
I0820 23:05:12.052985   30916 structlog.go:42]   	adapters[1accord].maintainer: <*config.MaintainerInfo Value>
I0820 23:05:12.053495   30916 structlog.go:42]   	adapters[1accord].capabilities: <*config.CapabilitiesInfo Value>
I0820 23:05:12.053495   30916 structlog.go:39]   	adapters[1accord].modifyingVastXmlAllowed: false
I0820 23:05:12.053495   30916 structlog.go:42]   	adapters[1accord].debug: <*config.DebugInfo Value>
I0820 23:05:12.054003   30916 structlog.go:35]   	adapters[1accord].gvlVendorID: 0
I0820 23:05:12.054003   30916 structlog.go:42]   	adapters[1accord].userSync: <*config.Syncer Value>
I0820 23:05:12.054003   30916 structlog.go:39]   	adapters[1accord].experiment.adsCert.enabled: false
I0820 23:05:12.054511   30916 structlog.go:42]   	adapters[1accord].xapi.username: 
I0820 23:05:12.054511   30916 structlog.go:56]   	adapters[1accord].xapi.password: <REDACTED>
I0820 23:05:12.054511   30916 structlog.go:42]   	adapters[1accord].xapi.tracker: 
I0820 23:05:12.054511   30916 structlog.go:42]   	adapters[1accord].platform_id: 
I0820 23:05:12.055020   30916 structlog.go:42]   	adapters[1accord].app_secret: 
I0820 23:05:12.055020   30916 structlog.go:42]   	adapters[1accord].endpointCompression: gzip
I0820 23:05:12.055020   30916 structlog.go:42]   	adapters[beintoo].aliasOf: 
I0820 23:05:12.055533   30916 structlog.go:39]   	adapters[beintoo].whiteLabelOnly: false
I0820 23:05:12.055533   30916 structlog.go:39]   	adapters[beintoo].disabled: false
I0820 23:05:12.055533   30916 structlog.go:42]   	adapters[beintoo].endpoint: https://ib.beintoo.com/um
I0820 23:05:12.056041   30916 structlog.go:42]   	adapters[beintoo].extra_info: 
I0820 23:05:12.056041   30916 structlog.go:42]   	adapters[beintoo].openrtb: <*config.OpenRTBInfo Value>
I0820 23:05:12.056041   30916 structlog.go:42]   	adapters[beintoo].maintainer: <*config.MaintainerInfo Value>
I0820 23:05:12.056549   30916 structlog.go:42]   	adapters[beintoo].capabilities: <*config.CapabilitiesInfo Value>
I0820 23:05:12.056549   30916 structlog.go:39]   	adapters[beintoo].modifyingVastXmlAllowed: false
I0820 23:05:12.056549   30916 structlog.go:42]   	adapters[beintoo].debug: <*config.DebugInfo Value>
I0820 23:05:12.057057   30916 structlog.go:35]   	adapters[beintoo].gvlVendorID: 618
I0820 23:05:12.057057   30916 structlog.go:42]   	adapters[beintoo].userSync: <*config.Syncer Value>
I0820 23:05:12.057057   30916 structlog.go:39]   	adapters[beintoo].experiment.adsCert.enabled: false
I0820 23:05:12.057565   30916 structlog.go:42]   	adapters[beintoo].xapi.username: 
I0820 23:05:12.057565   30916 structlog.go:56]   	adapters[beintoo].xapi.password: <REDACTED>
I0820 23:05:12.057565   30916 structlog.go:42]   	adapters[beintoo].xapi.tracker: 
I0820 23:05:12.057565   30916 structlog.go:42]   	adapters[beintoo].platform_id: 
I0820 23:05:12.058109   30916 structlog.go:42]   	adapters[beintoo].app_secret: 
I0820 23:05:12.058109   30916 structlog.go:42]   	adapters[beintoo].endpointCompression: 
I0820 23:05:12.058109   30916 structlog.go:42]   	adapters[sharethrough].aliasOf: 
I0820 23:05:12.058628   30916 structlog.go:39]   	adapters[sharethrough].whiteLabelOnly: false
I0820 23:05:12.058628   30916 structlog.go:39]   	adapters[sharethrough].disabled: false
I0820 23:05:12.058628   30916 structlog.go:42]   	adapters[sharethrough].endpoint: https://btlr.sharethrough.com/universal/v1?supply_id=FGMrCMMc
I0820 23:05:12.059138   30916 structlog.go:42]   	adapters[sharethrough].extra_info: 
I0820 23:05:12.059195   30916 structlog.go:42]   	adapters[sharethrough].openrtb: <*config.OpenRTBInfo Value>
I0820 23:05:12.059195   30916 structlog.go:42]   	adapters[sharethrough].maintainer: <*config.MaintainerInfo Value>
I0820 23:05:12.059195   30916 structlog.go:42]   	adapters[sharethrough].capabilities: <*config.CapabilitiesInfo Value>
I0820 23:05:12.059698   30916 structlog.go:39]   	adapters[sharethrough].modifyingVastXmlAllowed: false
I0820 23:05:12.059698   30916 structlog.go:42]   	adapters[sharethrough].debug: <*config.DebugInfo Value>
I0820 23:05:12.060206   30916 structlog.go:35]   	adapters[sharethrough].gvlVendorID: 80
I0820 23:05:12.060206   30916 structlog.go:42]   	adapters[sharethrough].userSync: <*config.Syncer Value>
I0820 23:05:12.060206   30916 structlog.go:39]   	adapters[sharethrough].experiment.adsCert.enabled: false
I0820 23:05:12.060714   30916 structlog.go:42]   	adapters[sharethrough].xapi.username: 
I0820 23:05:12.060714   30916 structlog.go:56]   	adapters[sharethrough].xapi.password: <REDACTED>
I0820 23:05:12.060714   30916 structlog.go:42]   	adapters[sharethrough].xapi.tracker: 
I0820 23:05:12.060714   30916 structlog.go:42]   	adapters[sharethrough].platform_id: 
I0820 23:05:12.061244   30916 structlog.go:42]   	adapters[sharethrough].app_secret: 
I0820 23:05:12.061244   30916 structlog.go:42]   	adapters[sharethrough].endpointCompression: 
I0820 23:05:12.061244   30916 structlog.go:42]   	adapters[dxkulture].aliasOf: 
I0820 23:05:12.061789   30916 structlog.go:39]   	adapters[dxkulture].whiteLabelOnly: false
I0820 23:05:12.061789   30916 structlog.go:39]   	adapters[dxkulture].disabled: false
I0820 23:05:12.061789   30916 structlog.go:42]   	adapters[dxkulture].endpoint: https://ads.dxkulture.com/pbs
I0820 23:05:12.062298   30916 structlog.go:42]   	adapters[dxkulture].extra_info: 
I0820 23:05:12.064576   30916 structlog.go:42]   	adapters[dxkulture].openrtb: <*config.OpenRTBInfo Value>
I0820 23:05:12.065290   30916 structlog.go:42]   	adapters[dxkulture].maintainer: <*config.MaintainerInfo Value>
I0820 23:05:12.065290   30916 structlog.go:42]   	adapters[dxkulture].capabilities: <*config.CapabilitiesInfo Value>
I0820 23:05:12.065290   30916 structlog.go:39]   	adapters[dxkulture].modifyingVastXmlAllowed: false
I0820 23:05:12.065805   30916 structlog.go:42]   	adapters[dxkulture].debug: <*config.DebugInfo Value>
I0820 23:05:12.065891   30916 structlog.go:35]   	adapters[dxkulture].gvlVendorID: 0
I0820 23:05:12.065891   30916 structlog.go:42]   	adapters[dxkulture].userSync: <*config.Syncer Value>
I0820 23:05:12.065891   30916 structlog.go:39]   	adapters[dxkulture].experiment.adsCert.enabled: false
I0820 23:05:12.066393   30916 structlog.go:42]   	adapters[dxkulture].xapi.username: 
I0820 23:05:12.066393   30916 structlog.go:56]   	adapters[dxkulture].xapi.password: <REDACTED>
I0820 23:05:12.066393   30916 structlog.go:42]   	adapters[dxkulture].xapi.tracker: 
I0820 23:05:12.066907   30916 structlog.go:42]   	adapters[dxkulture].platform_id: 
I0820 23:05:12.066907   30916 structlog.go:42]   	adapters[dxkulture].app_secret: 
I0820 23:05:12.066907   30916 structlog.go:42]   	adapters[dxkulture].endpointCompression: 
I0820 23:05:12.067458   30916 structlog.go:42]   	adapters[evtech].aliasOf: limelightDigital
I0820 23:05:12.067458   30916 structlog.go:39]   	adapters[evtech].whiteLabelOnly: false
I0820 23:05:12.067458   30916 structlog.go:39]   	adapters[evtech].disabled: false
I0820 23:05:12.067967   30916 structlog.go:42]   	adapters[evtech].endpoint: http://ads-pbs.direct.e-volution.ai/openrtb/{{.PublisherID}}?host={{.Host}}
I0820 23:05:12.067967   30916 structlog.go:42]   	adapters[evtech].extra_info: 
I0820 23:05:12.067967   30916 structlog.go:42]   	adapters[evtech].openrtb: <*config.OpenRTBInfo Value>
I0820 23:05:12.067967   30916 structlog.go:42]   	adapters[evtech].maintainer: <*config.MaintainerInfo Value>
I0820 23:05:12.068506   30916 structlog.go:42]   	adapters[evtech].capabilities: <*config.CapabilitiesInfo Value>
I0820 23:05:12.068506   30916 structlog.go:39]   	adapters[evtech].modifyingVastXmlAllowed: false
I0820 23:05:12.068506   30916 structlog.go:42]   	adapters[evtech].debug: <*config.DebugInfo Value>
I0820 23:05:12.069053   30916 structlog.go:35]   	adapters[evtech].gvlVendorID: 0
I0820 23:05:12.069053   30916 structlog.go:42]   	adapters[evtech].userSync: <*config.Syncer Value>
I0820 23:05:12.069053   30916 structlog.go:39]   	adapters[evtech].experiment.adsCert.enabled: false
I0820 23:05:12.069577   30916 structlog.go:42]   	adapters[evtech].xapi.username: 
I0820 23:05:12.069577   30916 structlog.go:56]   	adapters[evtech].xapi.password: <REDACTED>
I0820 23:05:12.069577   30916 structlog.go:42]   	adapters[evtech].xapi.tracker: 
I0820 23:05:12.069577   30916 structlog.go:42]   	adapters[evtech].platform_id: 
I0820 23:05:12.070115   30916 structlog.go:42]   	adapters[evtech].app_secret: 
I0820 23:05:12.070115   30916 structlog.go:42]   	adapters[evtech].endpointCompression: 
I0820 23:05:12.070115   30916 structlog.go:42]   	adapters[trustedstack].aliasOf: 
I0820 23:05:12.070645   30916 structlog.go:39]   	adapters[trustedstack].whiteLabelOnly: false
I0820 23:05:12.070645   30916 structlog.go:39]   	adapters[trustedstack].disabled: false
I0820 23:05:12.070645   30916 structlog.go:42]   	adapters[trustedstack].endpoint: https://prebid-adapter.trustedstack.com/rtb/pb/trustedstacks2s
I0820 23:05:12.070645   30916 structlog.go:42]   	adapters[trustedstack].extra_info: https://trustedstack.golang.pbs.com
I0820 23:05:12.071158   30916 structlog.go:42]   	adapters[trustedstack].openrtb: <*config.OpenRTBInfo Value>
I0820 23:05:12.071158   30916 structlog.go:42]   	adapters[trustedstack].maintainer: <*config.MaintainerInfo Value>
I0820 23:05:12.071158   30916 structlog.go:42]   	adapters[trustedstack].capabilities: <*config.CapabilitiesInfo Value>
I0820 23:05:12.071666   30916 structlog.go:39]   	adapters[trustedstack].modifyingVastXmlAllowed: true
I0820 23:05:12.071666   30916 structlog.go:42]   	adapters[trustedstack].debug: <*config.DebugInfo Value>
I0820 23:05:12.071666   30916 structlog.go:35]   	adapters[trustedstack].gvlVendorID: 1288
I0820 23:05:12.071666   30916 structlog.go:42]   	adapters[trustedstack].userSync: <*config.Syncer Value>
I0820 23:05:12.072181   30916 structlog.go:39]   	adapters[trustedstack].experiment.adsCert.enabled: false
I0820 23:05:12.072181   30916 structlog.go:42]   	adapters[trustedstack].xapi.username: 
I0820 23:05:12.072181   30916 structlog.go:56]   	adapters[trustedstack].xapi.password: <REDACTED>
I0820 23:05:12.072695   30916 structlog.go:42]   	adapters[trustedstack].xapi.tracker: 
I0820 23:05:12.072695   30916 structlog.go:42]   	adapters[trustedstack].platform_id: 
I0820 23:05:12.072695   30916 structlog.go:42]   	adapters[trustedstack].app_secret: 
I0820 23:05:12.072695   30916 structlog.go:42]   	adapters[trustedstack].endpointCompression: gzip
I0820 23:05:12.073203   30916 structlog.go:42]   	adapters[adocean].aliasOf: 
I0820 23:05:12.073203   30916 structlog.go:39]   	adapters[adocean].whiteLabelOnly: false
I0820 23:05:12.073203   30916 structlog.go:39]   	adapters[adocean].disabled: false
I0820 23:05:12.073735   30916 structlog.go:42]   	adapters[adocean].endpoint: https://{{.Host}}.adocean.pl
I0820 23:05:12.073735   30916 structlog.go:42]   	adapters[adocean].extra_info: 
I0820 23:05:12.073735   30916 structlog.go:42]   	adapters[adocean].openrtb: <*config.OpenRTBInfo Value>
I0820 23:05:12.074259   30916 structlog.go:42]   	adapters[adocean].maintainer: <*config.MaintainerInfo Value>
I0820 23:05:12.074259   30916 structlog.go:42]   	adapters[adocean].capabilities: <*config.CapabilitiesInfo Value>
I0820 23:05:12.074259   30916 structlog.go:39]   	adapters[adocean].modifyingVastXmlAllowed: false
I0820 23:05:12.074259   30916 structlog.go:42]   	adapters[adocean].debug: <*config.DebugInfo Value>
I0820 23:05:12.074806   30916 structlog.go:35]   	adapters[adocean].gvlVendorID: 328
I0820 23:05:12.074806   30916 structlog.go:42]   	adapters[adocean].userSync: <*config.Syncer Value>
I0820 23:05:12.074806   30916 structlog.go:39]   	adapters[adocean].experiment.adsCert.enabled: false
I0820 23:05:12.075318   30916 structlog.go:42]   	adapters[adocean].xapi.username: 
I0820 23:05:12.075318   30916 structlog.go:56]   	adapters[adocean].xapi.password: <REDACTED>
I0820 23:05:12.075318   30916 structlog.go:42]   	adapters[adocean].xapi.tracker: 
I0820 23:05:12.075318   30916 structlog.go:42]   	adapters[adocean].platform_id: 
I0820 23:05:12.075868   30916 structlog.go:42]   	adapters[adocean].app_secret: 
I0820 23:05:12.075868   30916 structlog.go:42]   	adapters[adocean].endpointCompression: 
I0820 23:05:12.075868   30916 structlog.go:42]   	adapters[mgidX].aliasOf: 
I0820 23:05:12.076403   30916 structlog.go:39]   	adapters[mgidX].whiteLabelOnly: false
I0820 23:05:12.076466   30916 structlog.go:39]   	adapters[mgidX].disabled: true
I0820 23:05:12.076466   30916 structlog.go:42]   	adapters[mgidX].endpoint: https://REGION.mgid.com/pserver
I0820 23:05:12.076968   30916 structlog.go:42]   	adapters[mgidX].extra_info: 
I0820 23:05:12.076968   30916 structlog.go:42]   	adapters[mgidX].openrtb: <*config.OpenRTBInfo Value>
I0820 23:05:12.076968   30916 structlog.go:42]   	adapters[mgidX].maintainer: <*config.MaintainerInfo Value>
I0820 23:05:12.077483   30916 structlog.go:42]   	adapters[mgidX].capabilities: <*config.CapabilitiesInfo Value>
I0820 23:05:12.077536   30916 structlog.go:39]   	adapters[mgidX].modifyingVastXmlAllowed: false
I0820 23:05:12.077536   30916 structlog.go:42]   	adapters[mgidX].debug: <*config.DebugInfo Value>
I0820 23:05:12.077536   30916 structlog.go:35]   	adapters[mgidX].gvlVendorID: 358
I0820 23:05:12.078039   30916 structlog.go:42]   	adapters[mgidX].userSync: <*config.Syncer Value>
I0820 23:05:12.078123   30916 structlog.go:39]   	adapters[mgidX].experiment.adsCert.enabled: false
I0820 23:05:12.078123   30916 structlog.go:42]   	adapters[mgidX].xapi.username: 
I0820 23:05:12.078123   30916 structlog.go:56]   	adapters[mgidX].xapi.password: <REDACTED>
I0820 23:05:12.078625   30916 structlog.go:42]   	adapters[mgidX].xapi.tracker: 
I0820 23:05:12.078625   30916 structlog.go:42]   	adapters[mgidX].platform_id: 
I0820 23:05:12.082159   30916 structlog.go:42]   	adapters[mgidX].app_secret: 
I0820 23:05:12.082159   30916 structlog.go:42]   	adapters[mgidX].endpointCompression: 
I0820 23:05:12.082159   30916 structlog.go:42]   	adapters[adrino].aliasOf: 
I0820 23:05:12.082684   30916 structlog.go:39]   	adapters[adrino].whiteLabelOnly: false
I0820 23:05:12.082684   30916 structlog.go:39]   	adapters[adrino].disabled: false
I0820 23:05:12.083210   30916 structlog.go:42]   	adapters[adrino].endpoint: https://prd-prebid-bidder.adrino.io/openrtb/bid
I0820 23:05:12.083210   30916 structlog.go:42]   	adapters[adrino].extra_info: 
I0820 23:05:12.083210   30916 structlog.go:42]   	adapters[adrino].openrtb: <*config.OpenRTBInfo Value>
I0820 23:05:12.083210   30916 structlog.go:42]   	adapters[adrino].maintainer: <*config.MaintainerInfo Value>
I0820 23:05:12.083719   30916 structlog.go:42]   	adapters[adrino].capabilities: <*config.CapabilitiesInfo Value>
I0820 23:05:12.083719   30916 structlog.go:39]   	adapters[adrino].modifyingVastXmlAllowed: false
I0820 23:05:12.083719   30916 structlog.go:42]   	adapters[adrino].debug: <*config.DebugInfo Value>
I0820 23:05:12.084230   30916 structlog.go:35]   	adapters[adrino].gvlVendorID: 1072
I0820 23:05:12.084230   30916 structlog.go:42]   	adapters[adrino].userSync: <*config.Syncer Value>
I0820 23:05:12.084230   30916 structlog.go:39]   	adapters[adrino].experiment.adsCert.enabled: false
I0820 23:05:12.084736   30916 structlog.go:42]   	adapters[adrino].xapi.username: 
I0820 23:05:12.084736   30916 structlog.go:56]   	adapters[adrino].xapi.password: <REDACTED>
I0820 23:05:12.085246   30916 structlog.go:42]   	adapters[adrino].xapi.tracker: 
I0820 23:05:12.085246   30916 structlog.go:42]   	adapters[adrino].platform_id: 
I0820 23:05:12.085246   30916 structlog.go:42]   	adapters[adrino].app_secret: 
I0820 23:05:12.085759   30916 structlog.go:42]   	adapters[adrino].endpointCompression: 
I0820 23:05:12.085759   30916 structlog.go:42]   	adapters[bidsmind].aliasOf: adverxo
I0820 23:05:12.085759   30916 structlog.go:39]   	adapters[bidsmind].whiteLabelOnly: false
I0820 23:05:12.085759   30916 structlog.go:39]   	adapters[bidsmind].disabled: false
I0820 23:05:12.086298   30916 structlog.go:42]   	adapters[bidsmind].endpoint: https://bidsmind.pbsadverxo.com/auction?id={{.AdUnit}}&auth={{.TokenID}}
I0820 23:05:12.086298   30916 structlog.go:42]   	adapters[bidsmind].extra_info: 
I0820 23:05:12.086298   30916 structlog.go:42]   	adapters[bidsmind].openrtb: <*config.OpenRTBInfo Value>
I0820 23:05:12.086809   30916 structlog.go:42]   	adapters[bidsmind].maintainer: <*config.MaintainerInfo Value>
I0820 23:05:12.086809   30916 structlog.go:42]   	adapters[bidsmind].capabilities: <*config.CapabilitiesInfo Value>
I0820 23:05:12.086809   30916 structlog.go:39]   	adapters[bidsmind].modifyingVastXmlAllowed: false
I0820 23:05:12.087315   30916 structlog.go:42]   	adapters[bidsmind].debug: <*config.DebugInfo Value>
I0820 23:05:12.087315   30916 structlog.go:35]   	adapters[bidsmind].gvlVendorID: 0
I0820 23:05:12.087315   30916 structlog.go:42]   	adapters[bidsmind].userSync: <*config.Syncer Value>
I0820 23:05:12.087315   30916 structlog.go:39]   	adapters[bidsmind].experiment.adsCert.enabled: false
I0820 23:05:12.087822   30916 structlog.go:42]   	adapters[bidsmind].xapi.username: 
I0820 23:05:12.087822   30916 structlog.go:56]   	adapters[bidsmind].xapi.password: <REDACTED>
I0820 23:05:12.087822   30916 structlog.go:42]   	adapters[bidsmind].xapi.tracker: 
I0820 23:05:12.088330   30916 structlog.go:42]   	adapters[bidsmind].platform_id: 
I0820 23:05:12.088330   30916 structlog.go:42]   	adapters[bidsmind].app_secret: 
I0820 23:05:12.088330   30916 structlog.go:42]   	adapters[bidsmind].endpointCompression: gzip
I0820 23:05:12.088837   30916 structlog.go:42]   	adapters[pubmatic].aliasOf: 
I0820 23:05:12.088837   30916 structlog.go:39]   	adapters[pubmatic].whiteLabelOnly: false
I0820 23:05:12.088837   30916 structlog.go:39]   	adapters[pubmatic].disabled: false
I0820 23:05:12.089345   30916 structlog.go:42]   	adapters[pubmatic].endpoint: https://hbopenbid.pubmatic.com/translator?source=prebid-server
I0820 23:05:12.089345   30916 structlog.go:42]   	adapters[pubmatic].extra_info: 
I0820 23:05:12.089345   30916 structlog.go:42]   	adapters[pubmatic].openrtb: <*config.OpenRTBInfo Value>
I0820 23:05:12.089345   30916 structlog.go:42]   	adapters[pubmatic].maintainer: <*config.MaintainerInfo Value>
I0820 23:05:12.089854   30916 structlog.go:42]   	adapters[pubmatic].capabilities: <*config.CapabilitiesInfo Value>
I0820 23:05:12.089854   30916 structlog.go:39]   	adapters[pubmatic].modifyingVastXmlAllowed: false
I0820 23:05:12.089854   30916 structlog.go:42]   	adapters[pubmatic].debug: <*config.DebugInfo Value>
I0820 23:05:12.090371   30916 structlog.go:35]   	adapters[pubmatic].gvlVendorID: 76
I0820 23:05:12.090371   30916 structlog.go:42]   	adapters[pubmatic].userSync: <*config.Syncer Value>
I0820 23:05:12.090371   30916 structlog.go:39]   	adapters[pubmatic].experiment.adsCert.enabled: false
I0820 23:05:12.090881   30916 structlog.go:42]   	adapters[pubmatic].xapi.username: 
I0820 23:05:12.090881   30916 structlog.go:56]   	adapters[pubmatic].xapi.password: <REDACTED>
I0820 23:05:12.090881   30916 structlog.go:42]   	adapters[pubmatic].xapi.tracker: 
I0820 23:05:12.091387   30916 structlog.go:42]   	adapters[pubmatic].platform_id: 
I0820 23:05:12.091387   30916 structlog.go:42]   	adapters[pubmatic].app_secret: 
I0820 23:05:12.091387   30916 structlog.go:42]   	adapters[pubmatic].endpointCompression: gzip
I0820 23:05:12.091895   30916 structlog.go:42]   	adapters[cwire].aliasOf: 
I0820 23:05:12.091895   30916 structlog.go:39]   	adapters[cwire].whiteLabelOnly: false
I0820 23:05:12.091895   30916 structlog.go:39]   	adapters[cwire].disabled: false
I0820 23:05:12.092402   30916 structlog.go:42]   	adapters[cwire].endpoint: https://ortb.cwi.re/v1/bid
I0820 23:05:12.092479   30916 structlog.go:42]   	adapters[cwire].extra_info: 
I0820 23:05:12.092479   30916 structlog.go:42]   	adapters[cwire].openrtb: <*config.OpenRTBInfo Value>
I0820 23:05:12.092982   30916 structlog.go:42]   	adapters[cwire].maintainer: <*config.MaintainerInfo Value>
I0820 23:05:12.092982   30916 structlog.go:42]   	adapters[cwire].capabilities: <*config.CapabilitiesInfo Value>
I0820 23:05:12.092982   30916 structlog.go:39]   	adapters[cwire].modifyingVastXmlAllowed: false
I0820 23:05:12.092982   30916 structlog.go:42]   	adapters[cwire].debug: <*config.DebugInfo Value>
I0820 23:05:12.093494   30916 structlog.go:35]   	adapters[cwire].gvlVendorID: 1081
I0820 23:05:12.093494   30916 structlog.go:42]   	adapters[cwire].userSync: <*config.Syncer Value>
I0820 23:05:12.093494   30916 structlog.go:39]   	adapters[cwire].experiment.adsCert.enabled: false
I0820 23:05:12.094002   30916 structlog.go:42]   	adapters[cwire].xapi.username: 
I0820 23:05:12.094002   30916 structlog.go:56]   	adapters[cwire].xapi.password: <REDACTED>
I0820 23:05:12.094002   30916 structlog.go:42]   	adapters[cwire].xapi.tracker: 
I0820 23:05:12.094511   30916 structlog.go:42]   	adapters[cwire].platform_id: 
I0820 23:05:12.094511   30916 structlog.go:42]   	adapters[cwire].app_secret: 
I0820 23:05:12.094511   30916 structlog.go:42]   	adapters[cwire].endpointCompression: gzip
I0820 23:05:12.095018   30916 structlog.go:42]   	adapters[copper6ssp].aliasOf: 
I0820 23:05:12.095018   30916 structlog.go:39]   	adapters[copper6ssp].whiteLabelOnly: false
I0820 23:05:12.095018   30916 structlog.go:39]   	adapters[copper6ssp].disabled: false
I0820 23:05:12.095537   30916 structlog.go:42]   	adapters[copper6ssp].endpoint: https://endpoint.copper6.com/pserver
I0820 23:05:12.095537   30916 structlog.go:42]   	adapters[copper6ssp].extra_info: 
I0820 23:05:12.097364   30916 structlog.go:42]   	adapters[copper6ssp].openrtb: <*config.OpenRTBInfo Value>
I0820 23:05:12.097364   30916 structlog.go:42]   	adapters[copper6ssp].maintainer: <*config.MaintainerInfo Value>
I0820 23:05:12.097867   30916 structlog.go:42]   	adapters[copper6ssp].capabilities: <*config.CapabilitiesInfo Value>
I0820 23:05:12.097867   30916 structlog.go:39]   	adapters[copper6ssp].modifyingVastXmlAllowed: false
I0820 23:05:12.097867   30916 structlog.go:42]   	adapters[copper6ssp].debug: <*config.DebugInfo Value>
I0820 23:05:12.097867   30916 structlog.go:35]   	adapters[copper6ssp].gvlVendorID: 1356
I0820 23:05:12.098379   30916 structlog.go:42]   	adapters[copper6ssp].userSync: <*config.Syncer Value>
I0820 23:05:12.098379   30916 structlog.go:39]   	adapters[copper6ssp].experiment.adsCert.enabled: false
I0820 23:05:12.098379   30916 structlog.go:42]   	adapters[copper6ssp].xapi.username: 
I0820 23:05:12.098976   30916 structlog.go:56]   	adapters[copper6ssp].xapi.password: <REDACTED>
I0820 23:05:12.098976   30916 structlog.go:42]   	adapters[copper6ssp].xapi.tracker: 
I0820 23:05:12.099479   30916 structlog.go:42]   	adapters[copper6ssp].platform_id: 
I0820 23:05:12.099479   30916 structlog.go:42]   	adapters[copper6ssp].app_secret: 
I0820 23:05:12.099479   30916 structlog.go:42]   	adapters[copper6ssp].endpointCompression: 
I0820 23:05:12.099479   30916 structlog.go:42]   	adapters[blis].aliasOf: 
I0820 23:05:12.100021   30916 structlog.go:39]   	adapters[blis].whiteLabelOnly: false
I0820 23:05:12.100021   30916 structlog.go:39]   	adapters[blis].disabled: false
I0820 23:05:12.100528   30916 structlog.go:42]   	adapters[blis].endpoint: https://prebid.lb.infinity.blismedia.com/rtb/213/{{.SupplyId}}
I0820 23:05:12.100528   30916 structlog.go:42]   	adapters[blis].extra_info: 
I0820 23:05:12.100528   30916 structlog.go:42]   	adapters[blis].openrtb: <*config.OpenRTBInfo Value>
I0820 23:05:12.101035   30916 structlog.go:42]   	adapters[blis].maintainer: <*config.MaintainerInfo Value>
I0820 23:05:12.101035   30916 structlog.go:42]   	adapters[blis].capabilities: <*config.CapabilitiesInfo Value>
I0820 23:05:12.101035   30916 structlog.go:39]   	adapters[blis].modifyingVastXmlAllowed: true
I0820 23:05:12.101544   30916 structlog.go:42]   	adapters[blis].debug: <*config.DebugInfo Value>
I0820 23:05:12.101544   30916 structlog.go:35]   	adapters[blis].gvlVendorID: 94
I0820 23:05:12.101544   30916 structlog.go:42]   	adapters[blis].userSync: <*config.Syncer Value>
I0820 23:05:12.102051   30916 structlog.go:39]   	adapters[blis].experiment.adsCert.enabled: false
I0820 23:05:12.102051   30916 structlog.go:42]   	adapters[blis].xapi.username: 
I0820 23:05:12.102051   30916 structlog.go:56]   	adapters[blis].xapi.password: <REDACTED>
I0820 23:05:12.102051   30916 structlog.go:42]   	adapters[blis].xapi.tracker: 
I0820 23:05:12.102563   30916 structlog.go:42]   	adapters[blis].platform_id: 
I0820 23:05:12.102563   30916 structlog.go:42]   	adapters[blis].app_secret: 
I0820 23:05:12.102563   30916 structlog.go:42]   	adapters[blis].endpointCompression: gzip
I0820 23:05:12.103070   30916 structlog.go:42]   	adapters[filmzie].aliasOf: limelightDigital
I0820 23:05:12.103070   30916 structlog.go:39]   	adapters[filmzie].whiteLabelOnly: false
I0820 23:05:12.103070   30916 structlog.go:39]   	adapters[filmzie].disabled: false
I0820 23:05:12.103578   30916 structlog.go:42]   	adapters[filmzie].endpoint: http://ads-pbs.ortb.net/openrtb/{{.PublisherID}}?host={{.Host}}
I0820 23:05:12.103578   30916 structlog.go:42]   	adapters[filmzie].extra_info: 
I0820 23:05:12.103578   30916 structlog.go:42]   	adapters[filmzie].openrtb: <*config.OpenRTBInfo Value>
I0820 23:05:12.104112   30916 structlog.go:42]   	adapters[filmzie].maintainer: <*config.MaintainerInfo Value>
I0820 23:05:12.104112   30916 structlog.go:42]   	adapters[filmzie].capabilities: <*config.CapabilitiesInfo Value>
I0820 23:05:12.104112   30916 structlog.go:39]   	adapters[filmzie].modifyingVastXmlAllowed: false
I0820 23:05:12.104620   30916 structlog.go:42]   	adapters[filmzie].debug: <*config.DebugInfo Value>
I0820 23:05:12.104620   30916 structlog.go:35]   	adapters[filmzie].gvlVendorID: 0
I0820 23:05:12.104620   30916 structlog.go:42]   	adapters[filmzie].userSync: <*config.Syncer Value>
I0820 23:05:12.104620   30916 structlog.go:39]   	adapters[filmzie].experiment.adsCert.enabled: false
I0820 23:05:12.105127   30916 structlog.go:42]   	adapters[filmzie].xapi.username: 
I0820 23:05:12.105127   30916 structlog.go:56]   	adapters[filmzie].xapi.password: <REDACTED>
I0820 23:05:12.105127   30916 structlog.go:42]   	adapters[filmzie].xapi.tracker: 
I0820 23:05:12.105634   30916 structlog.go:42]   	adapters[filmzie].platform_id: 
I0820 23:05:12.105634   30916 structlog.go:42]   	adapters[filmzie].app_secret: 
I0820 23:05:12.105634   30916 structlog.go:42]   	adapters[filmzie].endpointCompression: 
I0820 23:05:12.106140   30916 structlog.go:42]   	adapters[adform].aliasOf: adf
I0820 23:05:12.106140   30916 structlog.go:39]   	adapters[adform].whiteLabelOnly: false
I0820 23:05:12.106140   30916 structlog.go:39]   	adapters[adform].disabled: false
I0820 23:05:12.106650   30916 structlog.go:42]   	adapters[adform].endpoint: https://adx.adform.net/adx/openrtb
I0820 23:05:12.106650   30916 structlog.go:42]   	adapters[adform].extra_info: 
I0820 23:05:12.106650   30916 structlog.go:42]   	adapters[adform].openrtb: <*config.OpenRTBInfo Value>
I0820 23:05:12.106650   30916 structlog.go:42]   	adapters[adform].maintainer: <*config.MaintainerInfo Value>
I0820 23:05:12.107158   30916 structlog.go:42]   	adapters[adform].capabilities: <*config.CapabilitiesInfo Value>
I0820 23:05:12.107678   30916 structlog.go:39]   	adapters[adform].modifyingVastXmlAllowed: false
I0820 23:05:12.107856   30916 structlog.go:42]   	adapters[adform].debug: <*config.DebugInfo Value>
I0820 23:05:12.107856   30916 structlog.go:35]   	adapters[adform].gvlVendorID: 50
I0820 23:05:12.107856   30916 structlog.go:42]   	adapters[adform].userSync: <*config.Syncer Value>
I0820 23:05:12.108358   30916 structlog.go:39]   	adapters[adform].experiment.adsCert.enabled: false
I0820 23:05:12.108358   30916 structlog.go:42]   	adapters[adform].xapi.username: 
I0820 23:05:12.108358   30916 structlog.go:56]   	adapters[adform].xapi.password: <REDACTED>
I0820 23:05:12.108872   30916 structlog.go:42]   	adapters[adform].xapi.tracker: 
I0820 23:05:12.108872   30916 structlog.go:42]   	adapters[adform].platform_id: 
I0820 23:05:12.108872   30916 structlog.go:42]   	adapters[adform].app_secret: 
I0820 23:05:12.109393   30916 structlog.go:42]   	adapters[adform].endpointCompression: 
I0820 23:05:12.109393   30916 structlog.go:42]   	adapters[missena].aliasOf: 
I0820 23:05:12.109393   30916 structlog.go:39]   	adapters[missena].whiteLabelOnly: false
I0820 23:05:12.109393   30916 structlog.go:39]   	adapters[missena].disabled: false
I0820 23:05:12.109904   30916 structlog.go:42]   	adapters[missena].endpoint: https://bid.missena.io/?t={{.PublisherID}}
I0820 23:05:12.109904   30916 structlog.go:42]   	adapters[missena].extra_info: 
I0820 23:05:12.109904   30916 structlog.go:42]   	adapters[missena].openrtb: <*config.OpenRTBInfo Value>
I0820 23:05:12.110413   30916 structlog.go:42]   	adapters[missena].maintainer: <*config.MaintainerInfo Value>
I0820 23:05:12.110413   30916 structlog.go:42]   	adapters[missena].capabilities: <*config.CapabilitiesInfo Value>
I0820 23:05:12.110413   30916 structlog.go:39]   	adapters[missena].modifyingVastXmlAllowed: true
I0820 23:05:12.110931   30916 structlog.go:42]   	adapters[missena].debug: <*config.DebugInfo Value>
I0820 23:05:12.110931   30916 structlog.go:35]   	adapters[missena].gvlVendorID: 687
I0820 23:05:12.110931   30916 structlog.go:42]   	adapters[missena].userSync: <*config.Syncer Value>
I0820 23:05:12.111439   30916 structlog.go:39]   	adapters[missena].experiment.adsCert.enabled: false
I0820 23:05:12.111439   30916 structlog.go:42]   	adapters[missena].xapi.username: 
I0820 23:05:12.111439   30916 structlog.go:56]   	adapters[missena].xapi.password: <REDACTED>
I0820 23:05:12.111947   30916 structlog.go:42]   	adapters[missena].xapi.tracker: 
I0820 23:05:12.111947   30916 structlog.go:42]   	adapters[missena].platform_id: 
I0820 23:05:12.111947   30916 structlog.go:42]   	adapters[missena].app_secret: 
I0820 23:05:12.112456   30916 structlog.go:42]   	adapters[missena].endpointCompression: 
I0820 23:05:12.114136   30916 structlog.go:42]   	adapters[richaudience].aliasOf: 
I0820 23:05:12.114136   30916 structlog.go:39]   	adapters[richaudience].whiteLabelOnly: false
I0820 23:05:12.114652   30916 structlog.go:39]   	adapters[richaudience].disabled: false
I0820 23:05:12.114652   30916 structlog.go:42]   	adapters[richaudience].endpoint: https://ortb.richaudience.com/ortb/?bidder=pbs
I0820 23:05:12.114652   30916 structlog.go:42]   	adapters[richaudience].extra_info: 
I0820 23:05:12.114652   30916 structlog.go:42]   	adapters[richaudience].openrtb: <*config.OpenRTBInfo Value>
I0820 23:05:12.115166   30916 structlog.go:42]   	adapters[richaudience].maintainer: <*config.MaintainerInfo Value>
I0820 23:05:12.115166   30916 structlog.go:42]   	adapters[richaudience].capabilities: <*config.CapabilitiesInfo Value>
I0820 23:05:12.115166   30916 structlog.go:39]   	adapters[richaudience].modifyingVastXmlAllowed: true
I0820 23:05:12.115699   30916 structlog.go:42]   	adapters[richaudience].debug: <*config.DebugInfo Value>
I0820 23:05:12.115699   30916 structlog.go:35]   	adapters[richaudience].gvlVendorID: 108
I0820 23:05:12.115699   30916 structlog.go:42]   	adapters[richaudience].userSync: <*config.Syncer Value>
I0820 23:05:12.116209   30916 structlog.go:39]   	adapters[richaudience].experiment.adsCert.enabled: false
I0820 23:05:12.116209   30916 structlog.go:42]   	adapters[richaudience].xapi.username: 
I0820 23:05:12.116209   30916 structlog.go:56]   	adapters[richaudience].xapi.password: <REDACTED>
I0820 23:05:12.116798   30916 structlog.go:42]   	adapters[richaudience].xapi.tracker: 
I0820 23:05:12.116798   30916 structlog.go:42]   	adapters[richaudience].platform_id: 
I0820 23:05:12.116798   30916 structlog.go:42]   	adapters[richaudience].app_secret: 
I0820 23:05:12.116798   30916 structlog.go:42]   	adapters[richaudience].endpointCompression: 
I0820 23:05:12.116798   30916 structlog.go:42]   	adapters[decenterads].aliasOf: 
I0820 23:05:12.116798   30916 structlog.go:39]   	adapters[decenterads].whiteLabelOnly: false
I0820 23:05:12.117723   30916 structlog.go:39]   	adapters[decenterads].disabled: false
I0820 23:05:12.117723   30916 structlog.go:42]   	adapters[decenterads].endpoint: http://supply.decenterads.com/?c=o&m=rtb
I0820 23:05:12.117723   30916 structlog.go:42]   	adapters[decenterads].extra_info: 
I0820 23:05:12.117723   30916 structlog.go:42]   	adapters[decenterads].openrtb: <*config.OpenRTBInfo Value>
I0820 23:05:12.117723   30916 structlog.go:42]   	adapters[decenterads].maintainer: <*config.MaintainerInfo Value>
I0820 23:05:12.117723   30916 structlog.go:42]   	adapters[decenterads].capabilities: <*config.CapabilitiesInfo Value>
I0820 23:05:12.118715   30916 structlog.go:39]   	adapters[decenterads].modifyingVastXmlAllowed: true
I0820 23:05:12.118715   30916 structlog.go:42]   	adapters[decenterads].debug: <*config.DebugInfo Value>
I0820 23:05:12.118715   30916 structlog.go:35]   	adapters[decenterads].gvlVendorID: 0
I0820 23:05:12.119217   30916 structlog.go:42]   	adapters[decenterads].userSync: <*config.Syncer Value>
I0820 23:05:12.119365   30916 structlog.go:39]   	adapters[decenterads].experiment.adsCert.enabled: false
I0820 23:05:12.119365   30916 structlog.go:42]   	adapters[decenterads].xapi.username: 
I0820 23:05:12.119365   30916 structlog.go:56]   	adapters[decenterads].xapi.password: <REDACTED>
I0820 23:05:12.119365   30916 structlog.go:42]   	adapters[decenterads].xapi.tracker: 
I0820 23:05:12.119365   30916 structlog.go:42]   	adapters[decenterads].platform_id: 
I0820 23:05:12.119365   30916 structlog.go:42]   	adapters[decenterads].app_secret: 
I0820 23:05:12.120216   30916 structlog.go:42]   	adapters[decenterads].endpointCompression: 
I0820 23:05:12.120216   30916 structlog.go:42]   	adapters[bwx].aliasOf: 
I0820 23:05:12.120216   30916 structlog.go:39]   	adapters[bwx].whiteLabelOnly: false
I0820 23:05:12.120216   30916 structlog.go:39]   	adapters[bwx].disabled: false
I0820 23:05:12.120216   30916 structlog.go:42]   	adapters[bwx].endpoint: http://rtb.boldwin.live?pid={{.SourceId}}&host={{.Host}}&pbs=1
I0820 23:05:12.120216   30916 structlog.go:42]   	adapters[bwx].extra_info: 
I0820 23:05:12.121213   30916 structlog.go:42]   	adapters[bwx].openrtb: <*config.OpenRTBInfo Value>
I0820 23:05:12.121213   30916 structlog.go:42]   	adapters[bwx].maintainer: <*config.MaintainerInfo Value>
I0820 23:05:12.121213   30916 structlog.go:42]   	adapters[bwx].capabilities: <*config.CapabilitiesInfo Value>
I0820 23:05:12.121213   30916 structlog.go:39]   	adapters[bwx].modifyingVastXmlAllowed: false
I0820 23:05:12.121213   30916 structlog.go:42]   	adapters[bwx].debug: <*config.DebugInfo Value>
I0820 23:05:12.122211   30916 structlog.go:35]   	adapters[bwx].gvlVendorID: 0
I0820 23:05:12.122211   30916 structlog.go:42]   	adapters[bwx].userSync: <*config.Syncer Value>
I0820 23:05:12.122211   30916 structlog.go:39]   	adapters[bwx].experiment.adsCert.enabled: false
I0820 23:05:12.123393   30916 structlog.go:42]   	adapters[bwx].xapi.username: 
I0820 23:05:12.123393   30916 structlog.go:56]   	adapters[bwx].xapi.password: <REDACTED>
I0820 23:05:12.123393   30916 structlog.go:42]   	adapters[bwx].xapi.tracker: 
I0820 23:05:12.123917   30916 structlog.go:42]   	adapters[bwx].platform_id: 
I0820 23:05:12.123917   30916 structlog.go:42]   	adapters[bwx].app_secret: 
I0820 23:05:12.123917   30916 structlog.go:42]   	adapters[bwx].endpointCompression: 
I0820 23:05:12.123917   30916 structlog.go:42]   	adapters[ogury].aliasOf: 
I0820 23:05:12.124428   30916 structlog.go:39]   	adapters[ogury].whiteLabelOnly: false
I0820 23:05:12.124428   30916 structlog.go:39]   	adapters[ogury].disabled: false
I0820 23:05:12.124937   30916 structlog.go:42]   	adapters[ogury].endpoint: https://prebids2s.presage.io/api/header-bidding-request
I0820 23:05:12.124937   30916 structlog.go:42]   	adapters[ogury].extra_info: 
I0820 23:05:12.124937   30916 structlog.go:42]   	adapters[ogury].openrtb: <*config.OpenRTBInfo Value>
I0820 23:05:12.124937   30916 structlog.go:42]   	adapters[ogury].maintainer: <*config.MaintainerInfo Value>
I0820 23:05:12.125460   30916 structlog.go:42]   	adapters[ogury].capabilities: <*config.CapabilitiesInfo Value>
I0820 23:05:12.125460   30916 structlog.go:39]   	adapters[ogury].modifyingVastXmlAllowed: true
I0820 23:05:12.125460   30916 structlog.go:42]   	adapters[ogury].debug: <*config.DebugInfo Value>
I0820 23:05:12.125970   30916 structlog.go:35]   	adapters[ogury].gvlVendorID: 31
I0820 23:05:12.125970   30916 structlog.go:42]   	adapters[ogury].userSync: <*config.Syncer Value>
I0820 23:05:12.125970   30916 structlog.go:39]   	adapters[ogury].experiment.adsCert.enabled: false
I0820 23:05:12.126480   30916 structlog.go:42]   	adapters[ogury].xapi.username: 
I0820 23:05:12.126480   30916 structlog.go:56]   	adapters[ogury].xapi.password: <REDACTED>
I0820 23:05:12.126480   30916 structlog.go:42]   	adapters[ogury].xapi.tracker: 
I0820 23:05:12.126480   30916 structlog.go:42]   	adapters[ogury].platform_id: 
I0820 23:05:12.126989   30916 structlog.go:42]   	adapters[ogury].app_secret: 
I0820 23:05:12.126989   30916 structlog.go:42]   	adapters[ogury].endpointCompression: gzip
I0820 23:05:12.126989   30916 structlog.go:42]   	adapters[adsyield].aliasOf: limelightDigital
I0820 23:05:12.127508   30916 structlog.go:39]   	adapters[adsyield].whiteLabelOnly: false
I0820 23:05:12.127508   30916 structlog.go:39]   	adapters[adsyield].disabled: false
I0820 23:05:12.127508   30916 structlog.go:42]   	adapters[adsyield].endpoint: http://ads-pbs.open-adsyield.com/openrtb/{{.PublisherID}}?host={{.Host}}
I0820 23:05:12.128016   30916 structlog.go:42]   	adapters[adsyield].extra_info: 
I0820 23:05:12.128016   30916 structlog.go:42]   	adapters[adsyield].openrtb: <*config.OpenRTBInfo Value>
I0820 23:05:12.128016   30916 structlog.go:42]   	adapters[adsyield].maintainer: <*config.MaintainerInfo Value>
I0820 23:05:12.128524   30916 structlog.go:42]   	adapters[adsyield].capabilities: <*config.CapabilitiesInfo Value>
I0820 23:05:12.128524   30916 structlog.go:39]   	adapters[adsyield].modifyingVastXmlAllowed: false
I0820 23:05:12.128524   30916 structlog.go:42]   	adapters[adsyield].debug: <*config.DebugInfo Value>
I0820 23:05:12.128524   30916 structlog.go:35]   	adapters[adsyield].gvlVendorID: 0
I0820 23:05:12.129141   30916 structlog.go:42]   	adapters[adsyield].userSync: <*config.Syncer Value>
I0820 23:05:12.129141   30916 structlog.go:39]   	adapters[adsyield].experiment.adsCert.enabled: false
I0820 23:05:12.129646   30916 structlog.go:42]   	adapters[adsyield].xapi.username: 
I0820 23:05:12.129741   30916 structlog.go:56]   	adapters[adsyield].xapi.password: <REDACTED>
I0820 23:05:12.129741   30916 structlog.go:42]   	adapters[adsyield].xapi.tracker: 
I0820 23:05:12.129741   30916 structlog.go:42]   	adapters[adsyield].platform_id: 
I0820 23:05:12.130245   30916 structlog.go:42]   	adapters[adsyield].app_secret: 
I0820 23:05:12.130245   30916 structlog.go:42]   	adapters[adsyield].endpointCompression: 
I0820 23:05:12.130245   30916 structlog.go:42]   	adapters[edge226].aliasOf: 
I0820 23:05:12.130245   30916 structlog.go:39]   	adapters[edge226].whiteLabelOnly: false
I0820 23:05:12.130773   30916 structlog.go:39]   	adapters[edge226].disabled: false
I0820 23:05:12.130773   30916 structlog.go:42]   	adapters[edge226].endpoint: http://ssp.dauup.com/pserver
I0820 23:05:12.130773   30916 structlog.go:42]   	adapters[edge226].extra_info: 
I0820 23:05:12.131325   30916 structlog.go:42]   	adapters[edge226].openrtb: <*config.OpenRTBInfo Value>
I0820 23:05:12.131325   30916 structlog.go:42]   	adapters[edge226].maintainer: <*config.MaintainerInfo Value>
I0820 23:05:12.131325   30916 structlog.go:42]   	adapters[edge226].capabilities: <*config.CapabilitiesInfo Value>
I0820 23:05:12.131325   30916 structlog.go:39]   	adapters[edge226].modifyingVastXmlAllowed: false
I0820 23:05:12.131837   30916 structlog.go:42]   	adapters[edge226].debug: <*config.DebugInfo Value>
I0820 23:05:12.131837   30916 structlog.go:35]   	adapters[edge226].gvlVendorID: 1202
I0820 23:05:12.131837   30916 structlog.go:42]   	adapters[edge226].userSync: <*config.Syncer Value>
I0820 23:05:12.131837   30916 structlog.go:39]   	adapters[edge226].experiment.adsCert.enabled: false
I0820 23:05:12.132348   30916 structlog.go:42]   	adapters[edge226].xapi.username: 
I0820 23:05:12.132348   30916 structlog.go:56]   	adapters[edge226].xapi.password: <REDACTED>
I0820 23:05:12.132348   30916 structlog.go:42]   	adapters[edge226].xapi.tracker: 
I0820 23:05:12.132858   30916 structlog.go:42]   	adapters[edge226].platform_id: 
I0820 23:05:12.132858   30916 structlog.go:42]   	adapters[edge226].app_secret: 
I0820 23:05:12.132858   30916 structlog.go:42]   	adapters[edge226].endpointCompression: 
I0820 23:05:12.132858   30916 structlog.go:42]   	adapters[readpeak].aliasOf: 
I0820 23:05:12.133371   30916 structlog.go:39]   	adapters[readpeak].whiteLabelOnly: false
I0820 23:05:12.133371   30916 structlog.go:39]   	adapters[readpeak].disabled: false
I0820 23:05:12.133371   30916 structlog.go:42]   	adapters[readpeak].endpoint: https://dsp.readpeak.com/header/prebid
I0820 23:05:12.133371   30916 structlog.go:42]   	adapters[readpeak].extra_info: 
I0820 23:05:12.133880   30916 structlog.go:42]   	adapters[readpeak].openrtb: <*config.OpenRTBInfo Value>
I0820 23:05:12.133880   30916 structlog.go:42]   	adapters[readpeak].maintainer: <*config.MaintainerInfo Value>
I0820 23:05:12.133880   30916 structlog.go:42]   	adapters[readpeak].capabilities: <*config.CapabilitiesInfo Value>
I0820 23:05:12.133880   30916 structlog.go:39]   	adapters[readpeak].modifyingVastXmlAllowed: false
I0820 23:05:12.134387   30916 structlog.go:42]   	adapters[readpeak].debug: <*config.DebugInfo Value>
I0820 23:05:12.134387   30916 structlog.go:35]   	adapters[readpeak].gvlVendorID: 290
I0820 23:05:12.134387   30916 structlog.go:42]   	adapters[readpeak].userSync: <*config.Syncer Value>
I0820 23:05:12.134387   30916 structlog.go:39]   	adapters[readpeak].experiment.adsCert.enabled: false
I0820 23:05:12.134895   30916 structlog.go:42]   	adapters[readpeak].xapi.username: 
I0820 23:05:12.134895   30916 structlog.go:56]   	adapters[readpeak].xapi.password: <REDACTED>
I0820 23:05:12.134895   30916 structlog.go:42]   	adapters[readpeak].xapi.tracker: 
I0820 23:05:12.134895   30916 structlog.go:42]   	adapters[readpeak].platform_id: 
I0820 23:05:12.135403   30916 structlog.go:42]   	adapters[readpeak].app_secret: 
I0820 23:05:12.135403   30916 structlog.go:42]   	adapters[readpeak].endpointCompression: 
I0820 23:05:12.135403   30916 structlog.go:42]   	adapters[kidoz].aliasOf: 
I0820 23:05:12.135403   30916 structlog.go:39]   	adapters[kidoz].whiteLabelOnly: false
I0820 23:05:12.135910   30916 structlog.go:39]   	adapters[kidoz].disabled: false
I0820 23:05:12.135910   30916 structlog.go:42]   	adapters[kidoz].endpoint: http://prebid-adapter.kidoz.net/openrtb2/auction?src=prebid-server
I0820 23:05:12.135910   30916 structlog.go:42]   	adapters[kidoz].extra_info: 
I0820 23:05:12.135910   30916 structlog.go:42]   	adapters[kidoz].openrtb: <*config.OpenRTBInfo Value>
I0820 23:05:12.136418   30916 structlog.go:42]   	adapters[kidoz].maintainer: <*config.MaintainerInfo Value>
I0820 23:05:12.136418   30916 structlog.go:42]   	adapters[kidoz].capabilities: <*config.CapabilitiesInfo Value>
I0820 23:05:12.136418   30916 structlog.go:39]   	adapters[kidoz].modifyingVastXmlAllowed: false
I0820 23:05:12.136418   30916 structlog.go:42]   	adapters[kidoz].debug: <*config.DebugInfo Value>
I0820 23:05:12.136926   30916 structlog.go:35]   	adapters[kidoz].gvlVendorID: 0
I0820 23:05:12.136926   30916 structlog.go:42]   	adapters[kidoz].userSync: <*config.Syncer Value>
I0820 23:05:12.136926   30916 structlog.go:39]   	adapters[kidoz].experiment.adsCert.enabled: false
I0820 23:05:12.136926   30916 structlog.go:42]   	adapters[kidoz].xapi.username: 
I0820 23:05:12.137438   30916 structlog.go:56]   	adapters[kidoz].xapi.password: <REDACTED>
I0820 23:05:12.137438   30916 structlog.go:42]   	adapters[kidoz].xapi.tracker: 
I0820 23:05:12.137438   30916 structlog.go:42]   	adapters[kidoz].platform_id: 
I0820 23:05:12.137438   30916 structlog.go:42]   	adapters[kidoz].app_secret: 
I0820 23:05:12.137945   30916 structlog.go:42]   	adapters[kidoz].endpointCompression: 
I0820 23:05:12.137945   30916 structlog.go:42]   	adapters[oraki].aliasOf: 
I0820 23:05:12.137945   30916 structlog.go:39]   	adapters[oraki].whiteLabelOnly: false
I0820 23:05:12.137945   30916 structlog.go:39]   	adapters[oraki].disabled: false
I0820 23:05:12.138452   30916 structlog.go:42]   	adapters[oraki].endpoint: https://eu1.oraki.io/pserver
I0820 23:05:12.138452   30916 structlog.go:42]   	adapters[oraki].extra_info: 
I0820 23:05:12.138452   30916 structlog.go:42]   	adapters[oraki].openrtb: <*config.OpenRTBInfo Value>
I0820 23:05:12.138452   30916 structlog.go:42]   	adapters[oraki].maintainer: <*config.MaintainerInfo Value>
I0820 23:05:12.138959   30916 structlog.go:42]   	adapters[oraki].capabilities: <*config.CapabilitiesInfo Value>
I0820 23:05:12.138959   30916 structlog.go:39]   	adapters[oraki].modifyingVastXmlAllowed: false
I0820 23:05:12.138959   30916 structlog.go:42]   	adapters[oraki].debug: <*config.DebugInfo Value>
I0820 23:05:12.138959   30916 structlog.go:35]   	adapters[oraki].gvlVendorID: 0
I0820 23:05:12.139477   30916 structlog.go:42]   	adapters[oraki].userSync: <*config.Syncer Value>
I0820 23:05:12.139477   30916 structlog.go:39]   	adapters[oraki].experiment.adsCert.enabled: false
I0820 23:05:12.139477   30916 structlog.go:42]   	adapters[oraki].xapi.username: 
I0820 23:05:12.139986   30916 structlog.go:56]   	adapters[oraki].xapi.password: <REDACTED>
I0820 23:05:12.139986   30916 structlog.go:42]   	adapters[oraki].xapi.tracker: 
I0820 23:05:12.139986   30916 structlog.go:42]   	adapters[oraki].platform_id: 
I0820 23:05:12.139986   30916 structlog.go:42]   	adapters[oraki].app_secret: 
I0820 23:05:12.140525   30916 structlog.go:42]   	adapters[oraki].endpointCompression: 
I0820 23:05:12.140525   30916 structlog.go:42]   	adapters[pubnative].aliasOf: 
I0820 23:05:12.140525   30916 structlog.go:39]   	adapters[pubnative].whiteLabelOnly: false
I0820 23:05:12.140525   30916 structlog.go:39]   	adapters[pubnative].disabled: false
I0820 23:05:12.141032   30916 structlog.go:42]   	adapters[pubnative].endpoint: http://dsp.pubnative.net/bid/v1/request
I0820 23:05:12.141032   30916 structlog.go:42]   	adapters[pubnative].extra_info: 
I0820 23:05:12.141032   30916 structlog.go:42]   	adapters[pubnative].openrtb: <*config.OpenRTBInfo Value>
I0820 23:05:12.141032   30916 structlog.go:42]   	adapters[pubnative].maintainer: <*config.MaintainerInfo Value>
I0820 23:05:12.141540   30916 structlog.go:42]   	adapters[pubnative].capabilities: <*config.CapabilitiesInfo Value>
I0820 23:05:12.141540   30916 structlog.go:39]   	adapters[pubnative].modifyingVastXmlAllowed: false
I0820 23:05:12.141540   30916 structlog.go:42]   	adapters[pubnative].debug: <*config.DebugInfo Value>
I0820 23:05:12.142047   30916 structlog.go:35]   	adapters[pubnative].gvlVendorID: 512
I0820 23:05:12.142047   30916 structlog.go:42]   	adapters[pubnative].userSync: <*config.Syncer Value>
I0820 23:05:12.142047   30916 structlog.go:39]   	adapters[pubnative].experiment.adsCert.enabled: false
I0820 23:05:12.142047   30916 structlog.go:42]   	adapters[pubnative].xapi.username: 
I0820 23:05:12.142554   30916 structlog.go:56]   	adapters[pubnative].xapi.password: <REDACTED>
I0820 23:05:12.142554   30916 structlog.go:42]   	adapters[pubnative].xapi.tracker: 
I0820 23:05:12.142554   30916 structlog.go:42]   	adapters[pubnative].platform_id: 
I0820 23:05:12.142554   30916 structlog.go:42]   	adapters[pubnative].app_secret: 
I0820 23:05:12.143060   30916 structlog.go:42]   	adapters[pubnative].endpointCompression: 
I0820 23:05:12.143060   30916 structlog.go:42]   	adapters[valueimpression].aliasOf: apacdex
I0820 23:05:12.143060   30916 structlog.go:39]   	adapters[valueimpression].whiteLabelOnly: false
I0820 23:05:12.143060   30916 structlog.go:39]   	adapters[valueimpression].disabled: false
I0820 23:05:12.143060   30916 structlog.go:42]   	adapters[valueimpression].endpoint: http://useast.quantumdex.io/auction/pbs
I0820 23:05:12.143567   30916 structlog.go:42]   	adapters[valueimpression].extra_info: 
I0820 23:05:12.143567   30916 structlog.go:42]   	adapters[valueimpression].openrtb: <*config.OpenRTBInfo Value>
I0820 23:05:12.143567   30916 structlog.go:42]   	adapters[valueimpression].maintainer: <*config.MaintainerInfo Value>
I0820 23:05:12.144073   30916 structlog.go:42]   	adapters[valueimpression].capabilities: <*config.CapabilitiesInfo Value>
I0820 23:05:12.144073   30916 structlog.go:39]   	adapters[valueimpression].modifyingVastXmlAllowed: false
I0820 23:05:12.144073   30916 structlog.go:42]   	adapters[valueimpression].debug: <*config.DebugInfo Value>
I0820 23:05:12.144581   30916 structlog.go:35]   	adapters[valueimpression].gvlVendorID: 0
I0820 23:05:12.144581   30916 structlog.go:42]   	adapters[valueimpression].userSync: <*config.Syncer Value>
I0820 23:05:12.144581   30916 structlog.go:39]   	adapters[valueimpression].experiment.adsCert.enabled: false
I0820 23:05:12.144581   30916 structlog.go:42]   	adapters[valueimpression].xapi.username: 
I0820 23:05:12.145087   30916 structlog.go:56]   	adapters[valueimpression].xapi.password: <REDACTED>
I0820 23:05:12.145087   30916 structlog.go:42]   	adapters[valueimpression].xapi.tracker: 
I0820 23:05:12.145087   30916 structlog.go:42]   	adapters[valueimpression].platform_id: 
I0820 23:05:12.145593   30916 structlog.go:42]   	adapters[valueimpression].app_secret: 
I0820 23:05:12.145593   30916 structlog.go:42]   	adapters[valueimpression].endpointCompression: 
I0820 23:05:12.145593   30916 structlog.go:42]   	adapters[orangeclickmedia].aliasOf: limelightDigital
I0820 23:05:12.146100   30916 structlog.go:39]   	adapters[orangeclickmedia].whiteLabelOnly: false
I0820 23:05:12.146100   30916 structlog.go:39]   	adapters[orangeclickmedia].disabled: false
I0820 23:05:12.146100   30916 structlog.go:42]   	adapters[orangeclickmedia].endpoint: http://ads-pbs.scotty.orangeclickmedia.com/openrtb/{{.PublisherID}}?host={{.Host}}
I0820 23:05:12.146611   30916 structlog.go:42]   	adapters[orangeclickmedia].extra_info: 
I0820 23:05:12.146611   30916 structlog.go:42]   	adapters[orangeclickmedia].openrtb: <*config.OpenRTBInfo Value>
I0820 23:05:12.146611   30916 structlog.go:42]   	adapters[orangeclickmedia].maintainer: <*config.MaintainerInfo Value>
I0820 23:05:12.146611   30916 structlog.go:42]   	adapters[orangeclickmedia].capabilities: <*config.CapabilitiesInfo Value>
I0820 23:05:12.147130   30916 structlog.go:39]   	adapters[orangeclickmedia].modifyingVastXmlAllowed: false
I0820 23:05:12.147130   30916 structlog.go:42]   	adapters[orangeclickmedia].debug: <*config.DebugInfo Value>
I0820 23:05:12.147641   30916 structlog.go:35]   	adapters[orangeclickmedia].gvlVendorID: 0
I0820 23:05:12.147748   30916 structlog.go:42]   	adapters[orangeclickmedia].userSync: <*config.Syncer Value>
I0820 23:05:12.147748   30916 structlog.go:39]   	adapters[orangeclickmedia].experiment.adsCert.enabled: false
I0820 23:05:12.148252   30916 structlog.go:42]   	adapters[orangeclickmedia].xapi.username: 
I0820 23:05:12.148252   30916 structlog.go:56]   	adapters[orangeclickmedia].xapi.password: <REDACTED>
I0820 23:05:12.148252   30916 structlog.go:42]   	adapters[orangeclickmedia].xapi.tracker: 
I0820 23:05:12.148252   30916 structlog.go:42]   	adapters[orangeclickmedia].platform_id: 
I0820 23:05:12.148783   30916 structlog.go:42]   	adapters[orangeclickmedia].app_secret: 
I0820 23:05:12.148783   30916 structlog.go:42]   	adapters[orangeclickmedia].endpointCompression: 
I0820 23:05:12.148783   30916 structlog.go:42]   	adapters[consumable].aliasOf: 
I0820 23:05:12.149295   30916 structlog.go:39]   	adapters[consumable].whiteLabelOnly: false
I0820 23:05:12.149295   30916 structlog.go:39]   	adapters[consumable].disabled: false
I0820 23:05:12.149295   30916 structlog.go:42]   	adapters[consumable].endpoint: https://e.serverbid.com
I0820 23:05:12.149819   30916 structlog.go:42]   	adapters[consumable].extra_info: 
I0820 23:05:12.149819   30916 structlog.go:42]   	adapters[consumable].openrtb: <*config.OpenRTBInfo Value>
I0820 23:05:12.149819   30916 structlog.go:42]   	adapters[consumable].maintainer: <*config.MaintainerInfo Value>
I0820 23:05:12.150330   30916 structlog.go:42]   	adapters[consumable].capabilities: <*config.CapabilitiesInfo Value>
I0820 23:05:12.150330   30916 structlog.go:39]   	adapters[consumable].modifyingVastXmlAllowed: false
I0820 23:05:12.150330   30916 structlog.go:42]   	adapters[consumable].debug: <*config.DebugInfo Value>
I0820 23:05:12.150839   30916 structlog.go:35]   	adapters[consumable].gvlVendorID: 591
I0820 23:05:12.150839   30916 structlog.go:42]   	adapters[consumable].userSync: <*config.Syncer Value>
I0820 23:05:12.150839   30916 structlog.go:39]   	adapters[consumable].experiment.adsCert.enabled: false
I0820 23:05:12.151348   30916 structlog.go:42]   	adapters[consumable].xapi.username: 
I0820 23:05:12.151348   30916 structlog.go:56]   	adapters[consumable].xapi.password: <REDACTED>
I0820 23:05:12.151348   30916 structlog.go:42]   	adapters[consumable].xapi.tracker: 
I0820 23:05:12.151348   30916 structlog.go:42]   	adapters[consumable].platform_id: 
I0820 23:05:12.151857   30916 structlog.go:42]   	adapters[consumable].app_secret: 
I0820 23:05:12.151857   30916 structlog.go:42]   	adapters[consumable].endpointCompression: gzip
I0820 23:05:12.151857   30916 structlog.go:42]   	adapters[avocet].aliasOf: 
I0820 23:05:12.151857   30916 structlog.go:39]   	adapters[avocet].whiteLabelOnly: false
I0820 23:05:12.152366   30916 structlog.go:39]   	adapters[avocet].disabled: true
I0820 23:05:12.152366   30916 structlog.go:42]   	adapters[avocet].endpoint: 
I0820 23:05:12.152366   30916 structlog.go:42]   	adapters[avocet].extra_info: 
I0820 23:05:12.152366   30916 structlog.go:42]   	adapters[avocet].openrtb: <*config.OpenRTBInfo Value>
I0820 23:05:12.152875   30916 structlog.go:42]   	adapters[avocet].maintainer: <*config.MaintainerInfo Value>
I0820 23:05:12.152875   30916 structlog.go:42]   	adapters[avocet].capabilities: <*config.CapabilitiesInfo Value>
I0820 23:05:12.152875   30916 structlog.go:39]   	adapters[avocet].modifyingVastXmlAllowed: false
I0820 23:05:12.153384   30916 structlog.go:42]   	adapters[avocet].debug: <*config.DebugInfo Value>
I0820 23:05:12.153384   30916 structlog.go:35]   	adapters[avocet].gvlVendorID: 63
I0820 23:05:12.153384   30916 structlog.go:42]   	adapters[avocet].userSync: <*config.Syncer Value>
I0820 23:05:12.153384   30916 structlog.go:39]   	adapters[avocet].experiment.adsCert.enabled: false
I0820 23:05:12.153892   30916 structlog.go:42]   	adapters[avocet].xapi.username: 
I0820 23:05:12.153892   30916 structlog.go:56]   	adapters[avocet].xapi.password: <REDACTED>
I0820 23:05:12.153892   30916 structlog.go:42]   	adapters[avocet].xapi.tracker: 
I0820 23:05:12.153892   30916 structlog.go:42]   	adapters[avocet].platform_id: 
I0820 23:05:12.154402   30916 structlog.go:42]   	adapters[avocet].app_secret: 
I0820 23:05:12.154402   30916 structlog.go:42]   	adapters[avocet].endpointCompression: 
I0820 23:05:12.154402   30916 structlog.go:42]   	adapters[nativo].aliasOf: 
I0820 23:05:12.154402   30916 structlog.go:39]   	adapters[nativo].whiteLabelOnly: false
I0820 23:05:12.154913   30916 structlog.go:39]   	adapters[nativo].disabled: false
I0820 23:05:12.154913   30916 structlog.go:42]   	adapters[nativo].endpoint: https://exchange.postrelease.com/esi?ntv_epid=7
I0820 23:05:12.154913   30916 structlog.go:42]   	adapters[nativo].extra_info: 
I0820 23:05:12.154913   30916 structlog.go:42]   	adapters[nativo].openrtb: <*config.OpenRTBInfo Value>
I0820 23:05:12.155421   30916 structlog.go:42]   	adapters[nativo].maintainer: <*config.MaintainerInfo Value>
I0820 23:05:12.155421   30916 structlog.go:42]   	adapters[nativo].capabilities: <*config.CapabilitiesInfo Value>
I0820 23:05:12.155421   30916 structlog.go:39]   	adapters[nativo].modifyingVastXmlAllowed: false
I0820 23:05:12.155421   30916 structlog.go:42]   	adapters[nativo].debug: <*config.DebugInfo Value>
I0820 23:05:12.155929   30916 structlog.go:35]   	adapters[nativo].gvlVendorID: 263
I0820 23:05:12.155929   30916 structlog.go:42]   	adapters[nativo].userSync: <*config.Syncer Value>
I0820 23:05:12.155929   30916 structlog.go:39]   	adapters[nativo].experiment.adsCert.enabled: false
I0820 23:05:12.155929   30916 structlog.go:42]   	adapters[nativo].xapi.username: 
I0820 23:05:12.156437   30916 structlog.go:56]   	adapters[nativo].xapi.password: <REDACTED>
I0820 23:05:12.156437   30916 structlog.go:42]   	adapters[nativo].xapi.tracker: 
I0820 23:05:12.156437   30916 structlog.go:42]   	adapters[nativo].platform_id: 
I0820 23:05:12.156437   30916 structlog.go:42]   	adapters[nativo].app_secret: 
I0820 23:05:12.156945   30916 structlog.go:42]   	adapters[nativo].endpointCompression: 
I0820 23:05:12.156945   30916 structlog.go:42]   	adapters[beyondmedia].aliasOf: 
I0820 23:05:12.156945   30916 structlog.go:39]   	adapters[beyondmedia].whiteLabelOnly: false
I0820 23:05:12.156945   30916 structlog.go:39]   	adapters[beyondmedia].disabled: false
I0820 23:05:12.157455   30916 structlog.go:42]   	adapters[beyondmedia].endpoint: http://backend.andbeyond.media/pserver
I0820 23:05:12.157455   30916 structlog.go:42]   	adapters[beyondmedia].extra_info: 
I0820 23:05:12.157455   30916 structlog.go:42]   	adapters[beyondmedia].openrtb: <*config.OpenRTBInfo Value>
I0820 23:05:12.157455   30916 structlog.go:42]   	adapters[beyondmedia].maintainer: <*config.MaintainerInfo Value>
I0820 23:05:12.157963   30916 structlog.go:42]   	adapters[beyondmedia].capabilities: <*config.CapabilitiesInfo Value>
I0820 23:05:12.157963   30916 structlog.go:39]   	adapters[beyondmedia].modifyingVastXmlAllowed: false
I0820 23:05:12.157963   30916 structlog.go:42]   	adapters[beyondmedia].debug: <*config.DebugInfo Value>
I0820 23:05:12.157963   30916 structlog.go:35]   	adapters[beyondmedia].gvlVendorID: 0
I0820 23:05:12.158470   30916 structlog.go:42]   	adapters[beyondmedia].userSync: <*config.Syncer Value>
I0820 23:05:12.158470   30916 structlog.go:39]   	adapters[beyondmedia].experiment.adsCert.enabled: false
I0820 23:05:12.158470   30916 structlog.go:42]   	adapters[beyondmedia].xapi.username: 
I0820 23:05:12.158470   30916 structlog.go:56]   	adapters[beyondmedia].xapi.password: <REDACTED>
I0820 23:05:12.158978   30916 structlog.go:42]   	adapters[beyondmedia].xapi.tracker: 
I0820 23:05:12.158978   30916 structlog.go:42]   	adapters[beyondmedia].platform_id: 
I0820 23:05:12.158978   30916 structlog.go:42]   	adapters[beyondmedia].app_secret: 
I0820 23:05:12.158978   30916 structlog.go:42]   	adapters[beyondmedia].endpointCompression: 
I0820 23:05:12.159486   30916 structlog.go:42]   	adapters[grid].aliasOf: 
I0820 23:05:12.159486   30916 structlog.go:39]   	adapters[grid].whiteLabelOnly: false
I0820 23:05:12.159486   30916 structlog.go:39]   	adapters[grid].disabled: false
I0820 23:05:12.159486   30916 structlog.go:42]   	adapters[grid].endpoint: https://grid.bidswitch.net/sp_bid?sp=prebid
I0820 23:05:12.159993   30916 structlog.go:42]   	adapters[grid].extra_info: 
I0820 23:05:12.159993   30916 structlog.go:42]   	adapters[grid].openrtb: <*config.OpenRTBInfo Value>
I0820 23:05:12.159993   30916 structlog.go:42]   	adapters[grid].maintainer: <*config.MaintainerInfo Value>
I0820 23:05:12.159993   30916 structlog.go:42]   	adapters[grid].capabilities: <*config.CapabilitiesInfo Value>
I0820 23:05:12.160501   30916 structlog.go:39]   	adapters[grid].modifyingVastXmlAllowed: false
I0820 23:05:12.160501   30916 structlog.go:42]   	adapters[grid].debug: <*config.DebugInfo Value>
I0820 23:05:12.160501   30916 structlog.go:35]   	adapters[grid].gvlVendorID: 686
I0820 23:05:12.160501   30916 structlog.go:42]   	adapters[grid].userSync: <*config.Syncer Value>
I0820 23:05:12.161010   30916 structlog.go:39]   	adapters[grid].experiment.adsCert.enabled: false
I0820 23:05:12.161010   30916 structlog.go:42]   	adapters[grid].xapi.username: 
I0820 23:05:12.161010   30916 structlog.go:56]   	adapters[grid].xapi.password: <REDACTED>
I0820 23:05:12.161010   30916 structlog.go:42]   	adapters[grid].xapi.tracker: 
I0820 23:05:12.161518   30916 structlog.go:42]   	adapters[grid].platform_id: 
I0820 23:05:12.161518   30916 structlog.go:42]   	adapters[grid].app_secret: 
I0820 23:05:12.161518   30916 structlog.go:42]   	adapters[grid].endpointCompression: 
I0820 23:05:12.161518   30916 structlog.go:42]   	adapters[adtrgtme].aliasOf: 
I0820 23:05:12.162025   30916 structlog.go:39]   	adapters[adtrgtme].whiteLabelOnly: false
I0820 23:05:12.162025   30916 structlog.go:39]   	adapters[adtrgtme].disabled: false
I0820 23:05:12.162025   30916 structlog.go:42]   	adapters[adtrgtme].endpoint: https://z.cdn.adtarget.market/ssp
I0820 23:05:12.162025   30916 structlog.go:42]   	adapters[adtrgtme].extra_info: 
I0820 23:05:12.162533   30916 structlog.go:42]   	adapters[adtrgtme].openrtb: <*config.OpenRTBInfo Value>
I0820 23:05:12.162533   30916 structlog.go:42]   	adapters[adtrgtme].maintainer: <*config.MaintainerInfo Value>
I0820 23:05:12.162533   30916 structlog.go:42]   	adapters[adtrgtme].capabilities: <*config.CapabilitiesInfo Value>
I0820 23:05:12.162533   30916 structlog.go:39]   	adapters[adtrgtme].modifyingVastXmlAllowed: false
I0820 23:05:12.163070   30916 structlog.go:42]   	adapters[adtrgtme].debug: <*config.DebugInfo Value>
I0820 23:05:12.163070   30916 structlog.go:35]   	adapters[adtrgtme].gvlVendorID: 0
I0820 23:05:12.163070   30916 structlog.go:42]   	adapters[adtrgtme].userSync: <*config.Syncer Value>
I0820 23:05:12.163070   30916 structlog.go:39]   	adapters[adtrgtme].experiment.adsCert.enabled: false
I0820 23:05:12.163587   30916 structlog.go:42]   	adapters[adtrgtme].xapi.username: 
I0820 23:05:12.163587   30916 structlog.go:56]   	adapters[adtrgtme].xapi.password: <REDACTED>
I0820 23:05:12.163587   30916 structlog.go:42]   	adapters[adtrgtme].xapi.tracker: 
I0820 23:05:12.164109   30916 structlog.go:42]   	adapters[adtrgtme].platform_id: 
I0820 23:05:12.164109   30916 structlog.go:42]   	adapters[adtrgtme].app_secret: 
I0820 23:05:12.164109   30916 structlog.go:42]   	adapters[adtrgtme].endpointCompression: 
I0820 23:05:12.164638   30916 structlog.go:42]   	adapters[audienceNetwork].aliasOf: 
I0820 23:05:12.164638   30916 structlog.go:39]   	adapters[audienceNetwork].whiteLabelOnly: false
I0820 23:05:12.164638   30916 structlog.go:39]   	adapters[audienceNetwork].disabled: true
I0820 23:05:12.164638   30916 structlog.go:42]   	adapters[audienceNetwork].endpoint: https://an.facebook.com/placementbid.ortb
I0820 23:05:12.165150   30916 structlog.go:42]   	adapters[audienceNetwork].extra_info: 
I0820 23:05:12.165150   30916 structlog.go:42]   	adapters[audienceNetwork].openrtb: <*config.OpenRTBInfo Value>
I0820 23:05:12.165150   30916 structlog.go:42]   	adapters[audienceNetwork].maintainer: <*config.MaintainerInfo Value>
I0820 23:05:12.165662   30916 structlog.go:42]   	adapters[audienceNetwork].capabilities: <*config.CapabilitiesInfo Value>
I0820 23:05:12.165662   30916 structlog.go:39]   	adapters[audienceNetwork].modifyingVastXmlAllowed: false
I0820 23:05:12.165662   30916 structlog.go:42]   	adapters[audienceNetwork].debug: <*config.DebugInfo Value>
I0820 23:05:12.165662   30916 structlog.go:35]   	adapters[audienceNetwork].gvlVendorID: 0
I0820 23:05:12.166172   30916 structlog.go:42]   	adapters[audienceNetwork].userSync: <*config.Syncer Value>
I0820 23:05:12.166172   30916 structlog.go:39]   	adapters[audienceNetwork].experiment.adsCert.enabled: false
I0820 23:05:12.166830   30916 structlog.go:42]   	adapters[audienceNetwork].xapi.username: 
I0820 23:05:12.166830   30916 structlog.go:56]   	adapters[audienceNetwork].xapi.password: <REDACTED>
I0820 23:05:12.167413   30916 structlog.go:42]   	adapters[audienceNetwork].xapi.tracker: 
I0820 23:05:12.167413   30916 structlog.go:42]   	adapters[audienceNetwork].platform_id: 
I0820 23:05:12.167413   30916 structlog.go:42]   	adapters[audienceNetwork].app_secret: 
I0820 23:05:12.167916   30916 structlog.go:42]   	adapters[audienceNetwork].endpointCompression: 
I0820 23:05:12.167916   30916 structlog.go:42]   	adapters[adkernelAdn].aliasOf: 
I0820 23:05:12.167916   30916 structlog.go:39]   	adapters[adkernelAdn].whiteLabelOnly: false
I0820 23:05:12.167916   30916 structlog.go:39]   	adapters[adkernelAdn].disabled: false
I0820 23:05:12.168430   30916 structlog.go:42]   	adapters[adkernelAdn].endpoint: https://pbs2.adksrv.com/rtbpub?account={{.PublisherID}}
I0820 23:05:12.168430   30916 structlog.go:42]   	adapters[adkernelAdn].extra_info: 
I0820 23:05:12.168430   30916 structlog.go:42]   	adapters[adkernelAdn].openrtb: <*config.OpenRTBInfo Value>
I0820 23:05:12.168430   30916 structlog.go:42]   	adapters[adkernelAdn].maintainer: <*config.MaintainerInfo Value>
I0820 23:05:12.168939   30916 structlog.go:42]   	adapters[adkernelAdn].capabilities: <*config.CapabilitiesInfo Value>
I0820 23:05:12.168939   30916 structlog.go:39]   	adapters[adkernelAdn].modifyingVastXmlAllowed: false
I0820 23:05:12.168939   30916 structlog.go:42]   	adapters[adkernelAdn].debug: <*config.DebugInfo Value>
I0820 23:05:12.168939   30916 structlog.go:35]   	adapters[adkernelAdn].gvlVendorID: 14
I0820 23:05:12.169448   30916 structlog.go:42]   	adapters[adkernelAdn].userSync: <*config.Syncer Value>
I0820 23:05:12.169448   30916 structlog.go:39]   	adapters[adkernelAdn].experiment.adsCert.enabled: false
I0820 23:05:12.169448   30916 structlog.go:42]   	adapters[adkernelAdn].xapi.username: 
I0820 23:05:12.169448   30916 structlog.go:56]   	adapters[adkernelAdn].xapi.password: <REDACTED>
I0820 23:05:12.169956   30916 structlog.go:42]   	adapters[adkernelAdn].xapi.tracker: 
I0820 23:05:12.170955   30916 structlog.go:42]   	adapters[adkernelAdn].platform_id: 
I0820 23:05:12.170955   30916 structlog.go:42]   	adapters[adkernelAdn].app_secret: 
I0820 23:05:12.170955   30916 structlog.go:42]   	adapters[adkernelAdn].endpointCompression: 
I0820 23:05:12.170955   30916 structlog.go:42]   	adapters[vimayx].aliasOf: smarthub
I0820 23:05:12.170955   30916 structlog.go:39]   	adapters[vimayx].whiteLabelOnly: false
I0820 23:05:12.170955   30916 structlog.go:39]   	adapters[vimayx].disabled: false
I0820 23:05:12.170955   30916 structlog.go:42]   	adapters[vimayx].endpoint: https://vimayx-prebid.attekmi.com/pbserver/?seat={{.AccountID}}&token={{.SourceId}}
I0820 23:05:12.170955   30916 structlog.go:42]   	adapters[vimayx].extra_info: 
I0820 23:05:12.171952   30916 structlog.go:42]   	adapters[vimayx].openrtb: <*config.OpenRTBInfo Value>
I0820 23:05:12.171952   30916 structlog.go:42]   	adapters[vimayx].maintainer: <*config.MaintainerInfo Value>
I0820 23:05:12.171952   30916 structlog.go:42]   	adapters[vimayx].capabilities: <*config.CapabilitiesInfo Value>
I0820 23:05:12.171952   30916 structlog.go:39]   	adapters[vimayx].modifyingVastXmlAllowed: false
I0820 23:05:12.171952   30916 structlog.go:42]   	adapters[vimayx].debug: <*config.DebugInfo Value>
I0820 23:05:12.171952   30916 structlog.go:35]   	adapters[vimayx].gvlVendorID: 0
I0820 23:05:12.171952   30916 structlog.go:42]   	adapters[vimayx].userSync: <*config.Syncer Value>
I0820 23:05:12.172950   30916 structlog.go:39]   	adapters[vimayx].experiment.adsCert.enabled: false
I0820 23:05:12.172950   30916 structlog.go:42]   	adapters[vimayx].xapi.username: 
I0820 23:05:12.172950   30916 structlog.go:56]   	adapters[vimayx].xapi.password: <REDACTED>
I0820 23:05:12.172950   30916 structlog.go:42]   	adapters[vimayx].xapi.tracker: 
I0820 23:05:12.172950   30916 structlog.go:42]   	adapters[vimayx].platform_id: 
I0820 23:05:12.172950   30916 structlog.go:42]   	adapters[vimayx].app_secret: 
I0820 23:05:12.172950   30916 structlog.go:42]   	adapters[vimayx].endpointCompression: 
I0820 23:05:12.172950   30916 structlog.go:42]   	adapters[motorik].aliasOf: 
I0820 23:05:12.173947   30916 structlog.go:39]   	adapters[motorik].whiteLabelOnly: false
I0820 23:05:12.173947   30916 structlog.go:39]   	adapters[motorik].disabled: false
I0820 23:05:12.173947   30916 structlog.go:42]   	adapters[motorik].endpoint: http://lb-east.motorik.io/?k={{.AccountID}}&name={{.SourceId}}
I0820 23:05:12.173947   30916 structlog.go:42]   	adapters[motorik].extra_info: 
I0820 23:05:12.173947   30916 structlog.go:42]   	adapters[motorik].openrtb: <*config.OpenRTBInfo Value>
I0820 23:05:12.173947   30916 structlog.go:42]   	adapters[motorik].maintainer: <*config.MaintainerInfo Value>
I0820 23:05:12.173947   30916 structlog.go:42]   	adapters[motorik].capabilities: <*config.CapabilitiesInfo Value>
I0820 23:05:12.174944   30916 structlog.go:39]   	adapters[motorik].modifyingVastXmlAllowed: false
I0820 23:05:12.174944   30916 structlog.go:42]   	adapters[motorik].debug: <*config.DebugInfo Value>
I0820 23:05:12.174944   30916 structlog.go:35]   	adapters[motorik].gvlVendorID: 0
I0820 23:05:12.174944   30916 structlog.go:42]   	adapters[motorik].userSync: <*config.Syncer Value>
I0820 23:05:12.174944   30916 structlog.go:39]   	adapters[motorik].experiment.adsCert.enabled: false
I0820 23:05:12.174944   30916 structlog.go:42]   	adapters[motorik].xapi.username: 
I0820 23:05:12.174944   30916 structlog.go:56]   	adapters[motorik].xapi.password: <REDACTED>
I0820 23:05:12.174944   30916 structlog.go:42]   	adapters[motorik].xapi.tracker: 
I0820 23:05:12.175941   30916 structlog.go:42]   	adapters[motorik].platform_id: 
I0820 23:05:12.175941   30916 structlog.go:42]   	adapters[motorik].app_secret: 
I0820 23:05:12.175941   30916 structlog.go:42]   	adapters[motorik].endpointCompression: 
I0820 23:05:12.175941   30916 structlog.go:42]   	adapters[pgam].aliasOf: adtelligent
I0820 23:05:12.175941   30916 structlog.go:39]   	adapters[pgam].whiteLabelOnly: false
I0820 23:05:12.175941   30916 structlog.go:39]   	adapters[pgam].disabled: false
I0820 23:05:12.175941   30916 structlog.go:42]   	adapters[pgam].endpoint: http://ghb.pgamssp.com/pbs/ortb
I0820 23:05:12.175941   30916 structlog.go:42]   	adapters[pgam].extra_info: 
I0820 23:05:12.176939   30916 structlog.go:42]   	adapters[pgam].openrtb: <*config.OpenRTBInfo Value>
I0820 23:05:12.176939   30916 structlog.go:42]   	adapters[pgam].maintainer: <*config.MaintainerInfo Value>
I0820 23:05:12.176939   30916 structlog.go:42]   	adapters[pgam].capabilities: <*config.CapabilitiesInfo Value>
I0820 23:05:12.176939   30916 structlog.go:39]   	adapters[pgam].modifyingVastXmlAllowed: false
I0820 23:05:12.176939   30916 structlog.go:42]   	adapters[pgam].debug: <*config.DebugInfo Value>
I0820 23:05:12.176939   30916 structlog.go:35]   	adapters[pgam].gvlVendorID: 410
I0820 23:05:12.176939   30916 structlog.go:42]   	adapters[pgam].userSync: <*config.Syncer Value>
I0820 23:05:12.176939   30916 structlog.go:39]   	adapters[pgam].experiment.adsCert.enabled: false
I0820 23:05:12.177936   30916 structlog.go:42]   	adapters[pgam].xapi.username: 
I0820 23:05:12.177936   30916 structlog.go:56]   	adapters[pgam].xapi.password: <REDACTED>
I0820 23:05:12.177936   30916 structlog.go:42]   	adapters[pgam].xapi.tracker: 
I0820 23:05:12.177936   30916 structlog.go:42]   	adapters[pgam].platform_id: 
I0820 23:05:12.177936   30916 structlog.go:42]   	adapters[pgam].app_secret: 
I0820 23:05:12.177936   30916 structlog.go:42]   	adapters[pgam].endpointCompression: 
I0820 23:05:12.177936   30916 structlog.go:42]   	adapters[streamkey].aliasOf: adtelligent
I0820 23:05:12.177936   30916 structlog.go:39]   	adapters[streamkey].whiteLabelOnly: false
I0820 23:05:12.178933   30916 structlog.go:39]   	adapters[streamkey].disabled: false
I0820 23:05:12.180929   30916 structlog.go:42]   	adapters[streamkey].endpoint: http://ghb.hb.streamkey.net/pbs/ortb
I0820 23:05:12.180929   30916 structlog.go:42]   	adapters[streamkey].extra_info: 
I0820 23:05:12.180929   30916 structlog.go:42]   	adapters[streamkey].openrtb: <*config.OpenRTBInfo Value>
I0820 23:05:12.180929   30916 structlog.go:42]   	adapters[streamkey].maintainer: <*config.MaintainerInfo Value>
I0820 23:05:12.181625   30916 structlog.go:42]   	adapters[streamkey].capabilities: <*config.CapabilitiesInfo Value>
I0820 23:05:12.181625   30916 structlog.go:39]   	adapters[streamkey].modifyingVastXmlAllowed: false
I0820 23:05:12.181625   30916 structlog.go:42]   	adapters[streamkey].debug: <*config.DebugInfo Value>
I0820 23:05:12.181625   30916 structlog.go:35]   	adapters[streamkey].gvlVendorID: 410
I0820 23:05:12.182166   30916 structlog.go:42]   	adapters[streamkey].userSync: <*config.Syncer Value>
I0820 23:05:12.182166   30916 structlog.go:39]   	adapters[streamkey].experiment.adsCert.enabled: false
I0820 23:05:12.182166   30916 structlog.go:42]   	adapters[streamkey].xapi.username: 
I0820 23:05:12.182166   30916 structlog.go:56]   	adapters[streamkey].xapi.password: <REDACTED>
I0820 23:05:12.182683   30916 structlog.go:42]   	adapters[streamkey].xapi.tracker: 
I0820 23:05:12.182683   30916 structlog.go:42]   	adapters[streamkey].platform_id: 
I0820 23:05:12.182683   30916 structlog.go:42]   	adapters[streamkey].app_secret: 
I0820 23:05:12.182683   30916 structlog.go:42]   	adapters[streamkey].endpointCompression: 
I0820 23:05:12.183192   30916 structlog.go:42]   	adapters[onetag].aliasOf: 
I0820 23:05:12.183192   30916 structlog.go:39]   	adapters[onetag].whiteLabelOnly: false
I0820 23:05:12.183192   30916 structlog.go:39]   	adapters[onetag].disabled: false
I0820 23:05:12.183192   30916 structlog.go:42]   	adapters[onetag].endpoint: https://prebid-server.onetag-sys.com/prebid-server/{{.PublisherID}}
I0820 23:05:12.183701   30916 structlog.go:42]   	adapters[onetag].extra_info: 
I0820 23:05:12.183701   30916 structlog.go:42]   	adapters[onetag].openrtb: <*config.OpenRTBInfo Value>
I0820 23:05:12.183701   30916 structlog.go:42]   	adapters[onetag].maintainer: <*config.MaintainerInfo Value>
I0820 23:05:12.183701   30916 structlog.go:42]   	adapters[onetag].capabilities: <*config.CapabilitiesInfo Value>
I0820 23:05:12.184205   30916 structlog.go:39]   	adapters[onetag].modifyingVastXmlAllowed: false
I0820 23:05:12.184205   30916 structlog.go:42]   	adapters[onetag].debug: <*config.DebugInfo Value>
I0820 23:05:12.184205   30916 structlog.go:35]   	adapters[onetag].gvlVendorID: 241
I0820 23:05:12.184205   30916 structlog.go:42]   	adapters[onetag].userSync: <*config.Syncer Value>
I0820 23:05:12.184714   30916 structlog.go:39]   	adapters[onetag].experiment.adsCert.enabled: false
I0820 23:05:12.184714   30916 structlog.go:42]   	adapters[onetag].xapi.username: 
I0820 23:05:12.184714   30916 structlog.go:56]   	adapters[onetag].xapi.password: <REDACTED>
I0820 23:05:12.184714   30916 structlog.go:42]   	adapters[onetag].xapi.tracker: 
I0820 23:05:12.185388   30916 structlog.go:42]   	adapters[onetag].platform_id: 
I0820 23:05:12.185388   30916 structlog.go:42]   	adapters[onetag].app_secret: 
I0820 23:05:12.185388   30916 structlog.go:42]   	adapters[onetag].endpointCompression: GZIP
I0820 23:05:12.185892   30916 structlog.go:42]   	adapters[gothamads].aliasOf: 
I0820 23:05:12.185892   30916 structlog.go:39]   	adapters[gothamads].whiteLabelOnly: false
I0820 23:05:12.185892   30916 structlog.go:39]   	adapters[gothamads].disabled: false
I0820 23:05:12.185892   30916 structlog.go:42]   	adapters[gothamads].endpoint: http://us-e-node1.gothamads.com/?pass={{.AccountID}}
I0820 23:05:12.186420   30916 structlog.go:42]   	adapters[gothamads].extra_info: 
I0820 23:05:12.186420   30916 structlog.go:42]   	adapters[gothamads].openrtb: <*config.OpenRTBInfo Value>
I0820 23:05:12.186420   30916 structlog.go:42]   	adapters[gothamads].maintainer: <*config.MaintainerInfo Value>
I0820 23:05:12.186420   30916 structlog.go:42]   	adapters[gothamads].capabilities: <*config.CapabilitiesInfo Value>
I0820 23:05:12.186932   30916 structlog.go:39]   	adapters[gothamads].modifyingVastXmlAllowed: false
I0820 23:05:12.186932   30916 structlog.go:42]   	adapters[gothamads].debug: <*config.DebugInfo Value>
I0820 23:05:12.186932   30916 structlog.go:35]   	adapters[gothamads].gvlVendorID: 0
I0820 23:05:12.186932   30916 structlog.go:42]   	adapters[gothamads].userSync: <*config.Syncer Value>
I0820 23:05:12.187444   30916 structlog.go:39]   	adapters[gothamads].experiment.adsCert.enabled: false
I0820 23:05:12.187444   30916 structlog.go:42]   	adapters[gothamads].xapi.username: 
I0820 23:05:12.187444   30916 structlog.go:56]   	adapters[gothamads].xapi.password: <REDACTED>
I0820 23:05:12.187444   30916 structlog.go:42]   	adapters[gothamads].xapi.tracker: 
I0820 23:05:12.187952   30916 structlog.go:42]   	adapters[gothamads].platform_id: 
I0820 23:05:12.187952   30916 structlog.go:42]   	adapters[gothamads].app_secret: 
I0820 23:05:12.187952   30916 structlog.go:42]   	adapters[gothamads].endpointCompression: 
I0820 23:05:12.187952   30916 structlog.go:42]   	adapters[jambojar].aliasOf: smarthub
I0820 23:05:12.188460   30916 structlog.go:39]   	adapters[jambojar].whiteLabelOnly: false
I0820 23:05:12.188460   30916 structlog.go:39]   	adapters[jambojar].disabled: false
I0820 23:05:12.188460   30916 structlog.go:42]   	adapters[jambojar].endpoint: https://jambojar-prebid.attekmi.com/pbserver/?seat={{.AccountID}}&token={{.SourceId}}
I0820 23:05:12.188460   30916 structlog.go:42]   	adapters[jambojar].extra_info: 
I0820 23:05:12.188968   30916 structlog.go:42]   	adapters[jambojar].openrtb: <*config.OpenRTBInfo Value>
I0820 23:05:12.188968   30916 structlog.go:42]   	adapters[jambojar].maintainer: <*config.MaintainerInfo Value>
I0820 23:05:12.188968   30916 structlog.go:42]   	adapters[jambojar].capabilities: <*config.CapabilitiesInfo Value>
I0820 23:05:12.188968   30916 structlog.go:39]   	adapters[jambojar].modifyingVastXmlAllowed: false
I0820 23:05:12.189480   30916 structlog.go:42]   	adapters[jambojar].debug: <*config.DebugInfo Value>
I0820 23:05:12.189480   30916 structlog.go:35]   	adapters[jambojar].gvlVendorID: 0
I0820 23:05:12.189480   30916 structlog.go:42]   	adapters[jambojar].userSync: <*config.Syncer Value>
I0820 23:05:12.189480   30916 structlog.go:39]   	adapters[jambojar].experiment.adsCert.enabled: false
I0820 23:05:12.189987   30916 structlog.go:42]   	adapters[jambojar].xapi.username: 
I0820 23:05:12.189987   30916 structlog.go:56]   	adapters[jambojar].xapi.password: <REDACTED>
I0820 23:05:12.189987   30916 structlog.go:42]   	adapters[jambojar].xapi.tracker: 
I0820 23:05:12.189987   30916 structlog.go:42]   	adapters[jambojar].platform_id: 
I0820 23:05:12.190495   30916 structlog.go:42]   	adapters[jambojar].app_secret: 
I0820 23:05:12.190495   30916 structlog.go:42]   	adapters[jambojar].endpointCompression: 
I0820 23:05:12.190495   30916 structlog.go:42]   	adapters[pixad].aliasOf: admatic
I0820 23:05:12.190495   30916 structlog.go:39]   	adapters[pixad].whiteLabelOnly: false
I0820 23:05:12.191003   30916 structlog.go:39]   	adapters[pixad].disabled: false
I0820 23:05:12.191003   30916 structlog.go:42]   	adapters[pixad].endpoint: http://pbs.admatic.com.tr?host={{.Host}}
I0820 23:05:12.191003   30916 structlog.go:42]   	adapters[pixad].extra_info: 
I0820 23:05:12.191003   30916 structlog.go:42]   	adapters[pixad].openrtb: <*config.OpenRTBInfo Value>
I0820 23:05:12.191511   30916 structlog.go:42]   	adapters[pixad].maintainer: <*config.MaintainerInfo Value>
I0820 23:05:12.191511   30916 structlog.go:42]   	adapters[pixad].capabilities: <*config.CapabilitiesInfo Value>
I0820 23:05:12.191511   30916 structlog.go:39]   	adapters[pixad].modifyingVastXmlAllowed: false
I0820 23:05:12.191511   30916 structlog.go:42]   	adapters[pixad].debug: <*config.DebugInfo Value>
I0820 23:05:12.192019   30916 structlog.go:35]   	adapters[pixad].gvlVendorID: 1281
I0820 23:05:12.192019   30916 structlog.go:42]   	adapters[pixad].userSync: <*config.Syncer Value>
I0820 23:05:12.192019   30916 structlog.go:39]   	adapters[pixad].experiment.adsCert.enabled: false
I0820 23:05:12.192019   30916 structlog.go:42]   	adapters[pixad].xapi.username: 
I0820 23:05:12.192527   30916 structlog.go:56]   	adapters[pixad].xapi.password: <REDACTED>
I0820 23:05:12.192527   30916 structlog.go:42]   	adapters[pixad].xapi.tracker: 
I0820 23:05:12.192527   30916 structlog.go:42]   	adapters[pixad].platform_id: 
I0820 23:05:12.192527   30916 structlog.go:42]   	adapters[pixad].app_secret: 
I0820 23:05:12.193035   30916 structlog.go:42]   	adapters[pixad].endpointCompression: 
I0820 23:05:12.193035   30916 structlog.go:42]   	adapters[yahooAdvertising].aliasOf: yahooAds
I0820 23:05:12.193035   30916 structlog.go:39]   	adapters[yahooAdvertising].whiteLabelOnly: false
I0820 23:05:12.193545   30916 structlog.go:39]   	adapters[yahooAdvertising].disabled: false
I0820 23:05:12.193545   30916 structlog.go:42]   	adapters[yahooAdvertising].endpoint: https://s2shb.ssp.yahoo.com/admax/bid/partners/PBS
I0820 23:05:12.193545   30916 structlog.go:42]   	adapters[yahooAdvertising].extra_info: 
I0820 23:05:12.193545   30916 structlog.go:42]   	adapters[yahooAdvertising].openrtb: <*config.OpenRTBInfo Value>
I0820 23:05:12.194053   30916 structlog.go:42]   	adapters[yahooAdvertising].maintainer: <*config.MaintainerInfo Value>
I0820 23:05:12.194053   30916 structlog.go:42]   	adapters[yahooAdvertising].capabilities: <*config.CapabilitiesInfo Value>
I0820 23:05:12.194053   30916 structlog.go:39]   	adapters[yahooAdvertising].modifyingVastXmlAllowed: false
I0820 23:05:12.194053   30916 structlog.go:42]   	adapters[yahooAdvertising].debug: <*config.DebugInfo Value>
I0820 23:05:12.194561   30916 structlog.go:35]   	adapters[yahooAdvertising].gvlVendorID: 25
I0820 23:05:12.194617   30916 structlog.go:42]   	adapters[yahooAdvertising].userSync: <*config.Syncer Value>
I0820 23:05:12.194617   30916 structlog.go:39]   	adapters[yahooAdvertising].experiment.adsCert.enabled: false
I0820 23:05:12.194617   30916 structlog.go:42]   	adapters[yahooAdvertising].xapi.username: 
I0820 23:05:12.194617   30916 structlog.go:56]   	adapters[yahooAdvertising].xapi.password: <REDACTED>
I0820 23:05:12.195120   30916 structlog.go:42]   	adapters[yahooAdvertising].xapi.tracker: 
I0820 23:05:12.195120   30916 structlog.go:42]   	adapters[yahooAdvertising].platform_id: 
I0820 23:05:12.195120   30916 structlog.go:42]   	adapters[yahooAdvertising].app_secret: 
I0820 23:05:12.195120   30916 structlog.go:42]   	adapters[yahooAdvertising].endpointCompression: 
I0820 23:05:12.195628   30916 structlog.go:42]   	adapters[yieldlab].aliasOf: 
I0820 23:05:12.195628   30916 structlog.go:39]   	adapters[yieldlab].whiteLabelOnly: false
I0820 23:05:12.195628   30916 structlog.go:39]   	adapters[yieldlab].disabled: false
I0820 23:05:12.196136   30916 structlog.go:42]   	adapters[yieldlab].endpoint: https://ad.yieldlab.net/yp/
I0820 23:05:12.196136   30916 structlog.go:42]   	adapters[yieldlab].extra_info: 
I0820 23:05:12.196136   30916 structlog.go:42]   	adapters[yieldlab].openrtb: <*config.OpenRTBInfo Value>
I0820 23:05:12.196136   30916 structlog.go:42]   	adapters[yieldlab].maintainer: <*config.MaintainerInfo Value>
I0820 23:05:12.196650   30916 structlog.go:42]   	adapters[yieldlab].capabilities: <*config.CapabilitiesInfo Value>
I0820 23:05:12.196650   30916 structlog.go:39]   	adapters[yieldlab].modifyingVastXmlAllowed: false
I0820 23:05:12.196650   30916 structlog.go:42]   	adapters[yieldlab].debug: <*config.DebugInfo Value>
I0820 23:05:12.196650   30916 structlog.go:35]   	adapters[yieldlab].gvlVendorID: 70
I0820 23:05:12.197180   30916 structlog.go:42]   	adapters[yieldlab].userSync: <*config.Syncer Value>
I0820 23:05:12.197180   30916 structlog.go:39]   	adapters[yieldlab].experiment.adsCert.enabled: false
I0820 23:05:12.197180   30916 structlog.go:42]   	adapters[yieldlab].xapi.username: 
I0820 23:05:12.197714   30916 structlog.go:56]   	adapters[yieldlab].xapi.password: <REDACTED>
I0820 23:05:12.197714   30916 structlog.go:42]   	adapters[yieldlab].xapi.tracker: 
I0820 23:05:12.197714   30916 structlog.go:42]   	adapters[yieldlab].platform_id: 
I0820 23:05:12.198237   30916 structlog.go:42]   	adapters[yieldlab].app_secret: 
I0820 23:05:12.198237   30916 structlog.go:42]   	adapters[yieldlab].endpointCompression: 
I0820 23:05:12.198237   30916 structlog.go:42]   	adapters[adquery].aliasOf: 
I0820 23:05:12.198237   30916 structlog.go:39]   	adapters[adquery].whiteLabelOnly: false
I0820 23:05:12.198748   30916 structlog.go:39]   	adapters[adquery].disabled: false
I0820 23:05:12.198748   30916 structlog.go:42]   	adapters[adquery].endpoint: https://bidder2.adquery.io/prebid/bid
I0820 23:05:12.198748   30916 structlog.go:42]   	adapters[adquery].extra_info: 
I0820 23:05:12.198748   30916 structlog.go:42]   	adapters[adquery].openrtb: <*config.OpenRTBInfo Value>
I0820 23:05:12.199260   30916 structlog.go:42]   	adapters[adquery].maintainer: <*config.MaintainerInfo Value>
I0820 23:05:12.199260   30916 structlog.go:42]   	adapters[adquery].capabilities: <*config.CapabilitiesInfo Value>
I0820 23:05:12.199260   30916 structlog.go:39]   	adapters[adquery].modifyingVastXmlAllowed: false
I0820 23:05:12.199260   30916 structlog.go:42]   	adapters[adquery].debug: <*config.DebugInfo Value>
I0820 23:05:12.199770   30916 structlog.go:35]   	adapters[adquery].gvlVendorID: 902
I0820 23:05:12.199770   30916 structlog.go:42]   	adapters[adquery].userSync: <*config.Syncer Value>
I0820 23:05:12.199770   30916 structlog.go:39]   	adapters[adquery].experiment.adsCert.enabled: false
I0820 23:05:12.199770   30916 structlog.go:42]   	adapters[adquery].xapi.username: 
I0820 23:05:12.200279   30916 structlog.go:56]   	adapters[adquery].xapi.password: <REDACTED>
I0820 23:05:12.200279   30916 structlog.go:42]   	adapters[adquery].xapi.tracker: 
I0820 23:05:12.200279   30916 structlog.go:42]   	adapters[adquery].platform_id: 
I0820 23:05:12.200279   30916 structlog.go:42]   	adapters[adquery].app_secret: 
I0820 23:05:12.200788   30916 structlog.go:42]   	adapters[adquery].endpointCompression: 
I0820 23:05:12.200788   30916 structlog.go:42]   	adapters[33across].aliasOf: 
I0820 23:05:12.200788   30916 structlog.go:39]   	adapters[33across].whiteLabelOnly: false
I0820 23:05:12.201300   30916 structlog.go:39]   	adapters[33across].disabled: false
I0820 23:05:12.201300   30916 structlog.go:42]   	adapters[33across].endpoint: https://ssc.33across.com/api/v1/s2s
I0820 23:05:12.201300   30916 structlog.go:42]   	adapters[33across].extra_info: 
I0820 23:05:12.201300   30916 structlog.go:42]   	adapters[33across].openrtb: <*config.OpenRTBInfo Value>
I0820 23:05:12.201815   30916 structlog.go:42]   	adapters[33across].maintainer: <*config.MaintainerInfo Value>
I0820 23:05:12.201815   30916 structlog.go:42]   	adapters[33across].capabilities: <*config.CapabilitiesInfo Value>
I0820 23:05:12.201815   30916 structlog.go:39]   	adapters[33across].modifyingVastXmlAllowed: false
I0820 23:05:12.201815   30916 structlog.go:42]   	adapters[33across].debug: <*config.DebugInfo Value>
I0820 23:05:12.202325   30916 structlog.go:35]   	adapters[33across].gvlVendorID: 58
I0820 23:05:12.202325   30916 structlog.go:42]   	adapters[33across].userSync: <*config.Syncer Value>
I0820 23:05:12.202325   30916 structlog.go:39]   	adapters[33across].experiment.adsCert.enabled: false
I0820 23:05:12.202325   30916 structlog.go:42]   	adapters[33across].xapi.username: 
I0820 23:05:12.202835   30916 structlog.go:56]   	adapters[33across].xapi.password: <REDACTED>
I0820 23:05:12.202835   30916 structlog.go:42]   	adapters[33across].xapi.tracker: 
I0820 23:05:12.202835   30916 structlog.go:42]   	adapters[33across].platform_id: 
I0820 23:05:12.202835   30916 structlog.go:42]   	adapters[33across].app_secret: 
I0820 23:05:12.203344   30916 structlog.go:42]   	adapters[33across].endpointCompression: 
I0820 23:05:12.203344   30916 structlog.go:42]   	adapters[interactiveoffers].aliasOf: 
I0820 23:05:12.203344   30916 structlog.go:39]   	adapters[interactiveoffers].whiteLabelOnly: false
I0820 23:05:12.203344   30916 structlog.go:39]   	adapters[interactiveoffers].disabled: false
I0820 23:05:12.203853   30916 structlog.go:42]   	adapters[interactiveoffers].endpoint: https://prebid-server.ioadx.com/bidRequest/?partnerId={{.AccountID}}
I0820 23:05:12.203853   30916 structlog.go:42]   	adapters[interactiveoffers].extra_info: 
I0820 23:05:12.203853   30916 structlog.go:42]   	adapters[interactiveoffers].openrtb: <*config.OpenRTBInfo Value>
I0820 23:05:12.203853   30916 structlog.go:42]   	adapters[interactiveoffers].maintainer: <*config.MaintainerInfo Value>
I0820 23:05:12.204362   30916 structlog.go:42]   	adapters[interactiveoffers].capabilities: <*config.CapabilitiesInfo Value>
I0820 23:05:12.204362   30916 structlog.go:39]   	adapters[interactiveoffers].modifyingVastXmlAllowed: false
I0820 23:05:12.204362   30916 structlog.go:42]   	adapters[interactiveoffers].debug: <*config.DebugInfo Value>
I0820 23:05:12.204362   30916 structlog.go:35]   	adapters[interactiveoffers].gvlVendorID: 0
I0820 23:05:12.204878   30916 structlog.go:42]   	adapters[interactiveoffers].userSync: <*config.Syncer Value>
I0820 23:05:12.204878   30916 structlog.go:39]   	adapters[interactiveoffers].experiment.adsCert.enabled: false
I0820 23:05:12.204878   30916 structlog.go:42]   	adapters[interactiveoffers].xapi.username: 
I0820 23:05:12.204878   30916 structlog.go:56]   	adapters[interactiveoffers].xapi.password: <REDACTED>
I0820 23:05:12.205387   30916 structlog.go:42]   	adapters[interactiveoffers].xapi.tracker: 
I0820 23:05:12.205387   30916 structlog.go:42]   	adapters[interactiveoffers].platform_id: 
I0820 23:05:12.205387   30916 structlog.go:42]   	adapters[interactiveoffers].app_secret: 
I0820 23:05:12.205387   30916 structlog.go:42]   	adapters[interactiveoffers].endpointCompression: 
I0820 23:05:12.205895   30916 structlog.go:42]   	adapters[openweb].aliasOf: 
I0820 23:05:12.205895   30916 structlog.go:39]   	adapters[openweb].whiteLabelOnly: false
I0820 23:05:12.205895   30916 structlog.go:39]   	adapters[openweb].disabled: false
I0820 23:05:12.205895   30916 structlog.go:42]   	adapters[openweb].endpoint: https://pbs.openwebmp.com/pbs
I0820 23:05:12.206404   30916 structlog.go:42]   	adapters[openweb].extra_info: 
I0820 23:05:12.206404   30916 structlog.go:42]   	adapters[openweb].openrtb: <*config.OpenRTBInfo Value>
I0820 23:05:12.206404   30916 structlog.go:42]   	adapters[openweb].maintainer: <*config.MaintainerInfo Value>
I0820 23:05:12.206404   30916 structlog.go:42]   	adapters[openweb].capabilities: <*config.CapabilitiesInfo Value>
I0820 23:05:12.206918   30916 structlog.go:39]   	adapters[openweb].modifyingVastXmlAllowed: true
I0820 23:05:12.206918   30916 structlog.go:42]   	adapters[openweb].debug: <*config.DebugInfo Value>
I0820 23:05:12.206918   30916 structlog.go:35]   	adapters[openweb].gvlVendorID: 280
I0820 23:05:12.207426   30916 structlog.go:42]   	adapters[openweb].userSync: <*config.Syncer Value>
I0820 23:05:12.207426   30916 structlog.go:39]   	adapters[openweb].experiment.adsCert.enabled: false
I0820 23:05:12.207426   30916 structlog.go:42]   	adapters[openweb].xapi.username: 
I0820 23:05:12.207933   30916 structlog.go:56]   	adapters[openweb].xapi.password: <REDACTED>
I0820 23:05:12.207933   30916 structlog.go:42]   	adapters[openweb].xapi.tracker: 
I0820 23:05:12.207933   30916 structlog.go:42]   	adapters[openweb].platform_id: 
I0820 23:05:12.207933   30916 structlog.go:42]   	adapters[openweb].app_secret: 
I0820 23:05:12.208441   30916 structlog.go:42]   	adapters[openweb].endpointCompression: 
I0820 23:05:12.208441   30916 structlog.go:42]   	adapters[lockerdome].aliasOf: 
I0820 23:05:12.208441   30916 structlog.go:39]   	adapters[lockerdome].whiteLabelOnly: false
I0820 23:05:12.208949   30916 structlog.go:39]   	adapters[lockerdome].disabled: false
I0820 23:05:12.208949   30916 structlog.go:42]   	adapters[lockerdome].endpoint: https://lockerdome.com/ladbid/prebidserver/openrtb2
I0820 23:05:12.208949   30916 structlog.go:42]   	adapters[lockerdome].extra_info: 
I0820 23:05:12.209473   30916 structlog.go:42]   	adapters[lockerdome].openrtb: <*config.OpenRTBInfo Value>
I0820 23:05:12.209473   30916 structlog.go:42]   	adapters[lockerdome].maintainer: <*config.MaintainerInfo Value>
I0820 23:05:12.209473   30916 structlog.go:42]   	adapters[lockerdome].capabilities: <*config.CapabilitiesInfo Value>
I0820 23:05:12.209983   30916 structlog.go:39]   	adapters[lockerdome].modifyingVastXmlAllowed: false
I0820 23:05:12.209983   30916 structlog.go:42]   	adapters[lockerdome].debug: <*config.DebugInfo Value>
I0820 23:05:12.209983   30916 structlog.go:35]   	adapters[lockerdome].gvlVendorID: 0
I0820 23:05:12.210493   30916 structlog.go:42]   	adapters[lockerdome].userSync: <*config.Syncer Value>
I0820 23:05:12.210493   30916 structlog.go:39]   	adapters[lockerdome].experiment.adsCert.enabled: false
I0820 23:05:12.210493   30916 structlog.go:42]   	adapters[lockerdome].xapi.username: 
I0820 23:05:12.211002   30916 structlog.go:56]   	adapters[lockerdome].xapi.password: <REDACTED>
I0820 23:05:12.211002   30916 structlog.go:42]   	adapters[lockerdome].xapi.tracker: 
I0820 23:05:12.211002   30916 structlog.go:42]   	adapters[lockerdome].platform_id: 
I0820 23:05:12.211510   30916 structlog.go:42]   	adapters[lockerdome].app_secret: 
I0820 23:05:12.211510   30916 structlog.go:42]   	adapters[lockerdome].endpointCompression: 
I0820 23:05:12.211510   30916 structlog.go:42]   	adapters[addigi].aliasOf: smarthub
I0820 23:05:12.212018   30916 structlog.go:39]   	adapters[addigi].whiteLabelOnly: false
I0820 23:05:12.212018   30916 structlog.go:39]   	adapters[addigi].disabled: false
I0820 23:05:12.212018   30916 structlog.go:42]   	adapters[addigi].endpoint: https://addigi-prebid.attekmi.com/pbserver/?seat={{.AccountID}}&token={{.SourceId}}
I0820 23:05:12.212526   30916 structlog.go:42]   	adapters[addigi].extra_info: 
I0820 23:05:12.212526   30916 structlog.go:42]   	adapters[addigi].openrtb: <*config.OpenRTBInfo Value>
I0820 23:05:12.212526   30916 structlog.go:42]   	adapters[addigi].maintainer: <*config.MaintainerInfo Value>
I0820 23:05:12.213041   30916 structlog.go:42]   	adapters[addigi].capabilities: <*config.CapabilitiesInfo Value>
I0820 23:05:12.213041   30916 structlog.go:39]   	adapters[addigi].modifyingVastXmlAllowed: false
I0820 23:05:12.213041   30916 structlog.go:42]   	adapters[addigi].debug: <*config.DebugInfo Value>
I0820 23:05:12.213563   30916 structlog.go:35]   	adapters[addigi].gvlVendorID: 0
I0820 23:05:12.213563   30916 structlog.go:42]   	adapters[addigi].userSync: <*config.Syncer Value>
I0820 23:05:12.213563   30916 structlog.go:39]   	adapters[addigi].experiment.adsCert.enabled: false
I0820 23:05:12.214090   30916 structlog.go:42]   	adapters[addigi].xapi.username: 
I0820 23:05:12.214090   30916 structlog.go:56]   	adapters[addigi].xapi.password: <REDACTED>
I0820 23:05:12.214090   30916 structlog.go:42]   	adapters[addigi].xapi.tracker: 
I0820 23:05:12.214691   30916 structlog.go:42]   	adapters[addigi].platform_id: 
I0820 23:05:12.214691   30916 structlog.go:42]   	adapters[addigi].app_secret: 
I0820 23:05:12.215194   30916 structlog.go:42]   	adapters[addigi].endpointCompression: 
I0820 23:05:12.215194   30916 structlog.go:42]   	adapters[colossus].aliasOf: 
I0820 23:05:12.215194   30916 structlog.go:39]   	adapters[colossus].whiteLabelOnly: false
I0820 23:05:12.215707   30916 structlog.go:39]   	adapters[colossus].disabled: false
I0820 23:05:12.215707   30916 structlog.go:42]   	adapters[colossus].endpoint: http://colossusssp.com/?c=o&m=rtb
I0820 23:05:12.215707   30916 structlog.go:42]   	adapters[colossus].extra_info: 
I0820 23:05:12.215707   30916 structlog.go:42]   	adapters[colossus].openrtb: <*config.OpenRTBInfo Value>
I0820 23:05:12.216283   30916 structlog.go:42]   	adapters[colossus].maintainer: <*config.MaintainerInfo Value>
I0820 23:05:12.216283   30916 structlog.go:42]   	adapters[colossus].capabilities: <*config.CapabilitiesInfo Value>
I0820 23:05:12.216786   30916 structlog.go:39]   	adapters[colossus].modifyingVastXmlAllowed: false
I0820 23:05:12.216786   30916 structlog.go:42]   	adapters[colossus].debug: <*config.DebugInfo Value>
I0820 23:05:12.216786   30916 structlog.go:35]   	adapters[colossus].gvlVendorID: 0
I0820 23:05:12.216786   30916 structlog.go:42]   	adapters[colossus].userSync: <*config.Syncer Value>
I0820 23:05:12.217296   30916 structlog.go:39]   	adapters[colossus].experiment.adsCert.enabled: false
I0820 23:05:12.217296   30916 structlog.go:42]   	adapters[colossus].xapi.username: 
I0820 23:05:12.217296   30916 structlog.go:56]   	adapters[colossus].xapi.password: <REDACTED>
I0820 23:05:12.217804   30916 structlog.go:42]   	adapters[colossus].xapi.tracker: 
I0820 23:05:12.217804   30916 structlog.go:42]   	adapters[colossus].platform_id: 
I0820 23:05:12.217804   30916 structlog.go:42]   	adapters[colossus].app_secret: 
I0820 23:05:12.218315   30916 structlog.go:42]   	adapters[colossus].endpointCompression: 
I0820 23:05:12.218315   30916 structlog.go:42]   	adapters[appnexus].aliasOf: 
I0820 23:05:12.218315   30916 structlog.go:39]   	adapters[appnexus].whiteLabelOnly: false
I0820 23:05:12.218830   30916 structlog.go:39]   	adapters[appnexus].disabled: false
I0820 23:05:12.218830   30916 structlog.go:42]   	adapters[appnexus].endpoint: http://ib.adnxs.com/openrtb2
I0820 23:05:12.218830   30916 structlog.go:42]   	adapters[appnexus].extra_info: 
I0820 23:05:12.218830   30916 structlog.go:42]   	adapters[appnexus].openrtb: <*config.OpenRTBInfo Value>
I0820 23:05:12.219337   30916 structlog.go:42]   	adapters[appnexus].maintainer: <*config.MaintainerInfo Value>
I0820 23:05:12.219337   30916 structlog.go:42]   	adapters[appnexus].capabilities: <*config.CapabilitiesInfo Value>
I0820 23:05:12.219337   30916 structlog.go:39]   	adapters[appnexus].modifyingVastXmlAllowed: false
I0820 23:05:12.219851   30916 structlog.go:42]   	adapters[appnexus].debug: <*config.DebugInfo Value>
I0820 23:05:12.219851   30916 structlog.go:35]   	adapters[appnexus].gvlVendorID: 32
I0820 23:05:12.219851   30916 structlog.go:42]   	adapters[appnexus].userSync: <*config.Syncer Value>
I0820 23:05:12.220358   30916 structlog.go:39]   	adapters[appnexus].experiment.adsCert.enabled: false
I0820 23:05:12.220358   30916 structlog.go:42]   	adapters[appnexus].xapi.username: 
I0820 23:05:12.220358   30916 structlog.go:56]   	adapters[appnexus].xapi.password: <REDACTED>
I0820 23:05:12.220358   30916 structlog.go:42]   	adapters[appnexus].xapi.tracker: 
I0820 23:05:12.220867   30916 structlog.go:42]   	adapters[appnexus].platform_id: 5
I0820 23:05:12.220867   30916 structlog.go:42]   	adapters[appnexus].app_secret: 
I0820 23:05:12.220867   30916 structlog.go:42]   	adapters[appnexus].endpointCompression: 
I0820 23:05:12.221374   30916 structlog.go:42]   	adapters[criteo].aliasOf: 
I0820 23:05:12.221374   30916 structlog.go:39]   	adapters[criteo].whiteLabelOnly: false
I0820 23:05:12.221374   30916 structlog.go:39]   	adapters[criteo].disabled: false
I0820 23:05:12.221894   30916 structlog.go:42]   	adapters[criteo].endpoint: https://ssp-bidder.criteo.com/openrtb/pbs/auction/request?profile=230
I0820 23:05:12.221894   30916 structlog.go:42]   	adapters[criteo].extra_info: 
I0820 23:05:12.221894   30916 structlog.go:42]   	adapters[criteo].openrtb: <*config.OpenRTBInfo Value>
I0820 23:05:12.221894   30916 structlog.go:42]   	adapters[criteo].maintainer: <*config.MaintainerInfo Value>
I0820 23:05:12.222401   30916 structlog.go:42]   	adapters[criteo].capabilities: <*config.CapabilitiesInfo Value>
I0820 23:05:12.222401   30916 structlog.go:39]   	adapters[criteo].modifyingVastXmlAllowed: false
I0820 23:05:12.222401   30916 structlog.go:42]   	adapters[criteo].debug: <*config.DebugInfo Value>
I0820 23:05:12.222908   30916 structlog.go:35]   	adapters[criteo].gvlVendorID: 91
I0820 23:05:12.222908   30916 structlog.go:42]   	adapters[criteo].userSync: <*config.Syncer Value>
I0820 23:05:12.222908   30916 structlog.go:39]   	adapters[criteo].experiment.adsCert.enabled: false
I0820 23:05:12.223415   30916 structlog.go:42]   	adapters[criteo].xapi.username: 
I0820 23:05:12.223415   30916 structlog.go:56]   	adapters[criteo].xapi.password: <REDACTED>
I0820 23:05:12.223415   30916 structlog.go:42]   	adapters[criteo].xapi.tracker: 
I0820 23:05:12.223921   30916 structlog.go:42]   	adapters[criteo].platform_id: 
I0820 23:05:12.223921   30916 structlog.go:42]   	adapters[criteo].app_secret: 
I0820 23:05:12.223921   30916 structlog.go:42]   	adapters[criteo].endpointCompression: 
I0820 23:05:12.223921   30916 structlog.go:42]   	adapters[optidigital].aliasOf: 
I0820 23:05:12.224428   30916 structlog.go:39]   	adapters[optidigital].whiteLabelOnly: false
I0820 23:05:12.224428   30916 structlog.go:39]   	adapters[optidigital].disabled: false
I0820 23:05:12.224428   30916 structlog.go:42]   	adapters[optidigital].endpoint: https://pbs.optidigital.com/bidder/openrtb2
I0820 23:05:12.224950   30916 structlog.go:42]   	adapters[optidigital].extra_info: 
I0820 23:05:12.224950   30916 structlog.go:42]   	adapters[optidigital].openrtb: <*config.OpenRTBInfo Value>
I0820 23:05:12.224950   30916 structlog.go:42]   	adapters[optidigital].maintainer: <*config.MaintainerInfo Value>
I0820 23:05:12.225458   30916 structlog.go:42]   	adapters[optidigital].capabilities: <*config.CapabilitiesInfo Value>
I0820 23:05:12.225458   30916 structlog.go:39]   	adapters[optidigital].modifyingVastXmlAllowed: false
I0820 23:05:12.225458   30916 structlog.go:42]   	adapters[optidigital].debug: <*config.DebugInfo Value>
I0820 23:05:12.225458   30916 structlog.go:35]   	adapters[optidigital].gvlVendorID: 915
I0820 23:05:12.225965   30916 structlog.go:42]   	adapters[optidigital].userSync: <*config.Syncer Value>
I0820 23:05:12.225965   30916 structlog.go:39]   	adapters[optidigital].experiment.adsCert.enabled: false
I0820 23:05:12.225965   30916 structlog.go:42]   	adapters[optidigital].xapi.username: 
I0820 23:05:12.225965   30916 structlog.go:56]   	adapters[optidigital].xapi.password: <REDACTED>
I0820 23:05:12.226472   30916 structlog.go:42]   	adapters[optidigital].xapi.tracker: 
I0820 23:05:12.226472   30916 structlog.go:42]   	adapters[optidigital].platform_id: 
I0820 23:05:12.226472   30916 structlog.go:42]   	adapters[optidigital].app_secret: 
I0820 23:05:12.226472   30916 structlog.go:42]   	adapters[optidigital].endpointCompression: gzip
I0820 23:05:12.226472   30916 structlog.go:42]   	adapters[jixie].aliasOf: 
I0820 23:05:12.226979   30916 structlog.go:39]   	adapters[jixie].whiteLabelOnly: false
I0820 23:05:12.226979   30916 structlog.go:39]   	adapters[jixie].disabled: false
I0820 23:05:12.226979   30916 structlog.go:42]   	adapters[jixie].endpoint: https://hb.jixie.io/v2/hbsvrpost
I0820 23:05:12.227485   30916 structlog.go:42]   	adapters[jixie].extra_info: 
I0820 23:05:12.227485   30916 structlog.go:42]   	adapters[jixie].openrtb: <*config.OpenRTBInfo Value>
I0820 23:05:12.227485   30916 structlog.go:42]   	adapters[jixie].maintainer: <*config.MaintainerInfo Value>
I0820 23:05:12.227485   30916 structlog.go:42]   	adapters[jixie].capabilities: <*config.CapabilitiesInfo Value>
I0820 23:05:12.227992   30916 structlog.go:39]   	adapters[jixie].modifyingVastXmlAllowed: true
I0820 23:05:12.227992   30916 structlog.go:42]   	adapters[jixie].debug: <*config.DebugInfo Value>
I0820 23:05:12.227992   30916 structlog.go:35]   	adapters[jixie].gvlVendorID: 0
I0820 23:05:12.227992   30916 structlog.go:42]   	adapters[jixie].userSync: <*config.Syncer Value>
I0820 23:05:12.228499   30916 structlog.go:39]   	adapters[jixie].experiment.adsCert.enabled: false
I0820 23:05:12.228499   30916 structlog.go:42]   	adapters[jixie].xapi.username: 
I0820 23:05:12.228499   30916 structlog.go:56]   	adapters[jixie].xapi.password: <REDACTED>
I0820 23:05:12.228499   30916 structlog.go:42]   	adapters[jixie].xapi.tracker: 
I0820 23:05:12.229005   30916 structlog.go:42]   	adapters[jixie].platform_id: 
I0820 23:05:12.229005   30916 structlog.go:42]   	adapters[jixie].app_secret: 
I0820 23:05:12.229005   30916 structlog.go:42]   	adapters[jixie].endpointCompression: 
I0820 23:05:12.229005   30916 structlog.go:42]   	adapters[jdpmedia].aliasOf: smarthub
I0820 23:05:12.229515   30916 structlog.go:39]   	adapters[jdpmedia].whiteLabelOnly: false
I0820 23:05:12.229515   30916 structlog.go:39]   	adapters[jdpmedia].disabled: false
I0820 23:05:12.229515   30916 structlog.go:42]   	adapters[jdpmedia].endpoint: https://jdpmedia-prebid.attekmi.com/pbserver/?seat={{.AccountID}}&token={{.SourceId}}
I0820 23:05:12.229515   30916 structlog.go:42]   	adapters[jdpmedia].extra_info: 
I0820 23:05:12.230028   30916 structlog.go:42]   	adapters[jdpmedia].openrtb: <*config.OpenRTBInfo Value>
I0820 23:05:12.230028   30916 structlog.go:42]   	adapters[jdpmedia].maintainer: <*config.MaintainerInfo Value>
I0820 23:05:12.230028   30916 structlog.go:42]   	adapters[jdpmedia].capabilities: <*config.CapabilitiesInfo Value>
I0820 23:05:12.230028   30916 structlog.go:39]   	adapters[jdpmedia].modifyingVastXmlAllowed: false
I0820 23:05:12.230598   30916 structlog.go:42]   	adapters[jdpmedia].debug: <*config.DebugInfo Value>
I0820 23:05:12.230598   30916 structlog.go:35]   	adapters[jdpmedia].gvlVendorID: 0
I0820 23:05:12.231107   30916 structlog.go:42]   	adapters[jdpmedia].userSync: <*config.Syncer Value>
I0820 23:05:12.231107   30916 structlog.go:39]   	adapters[jdpmedia].experiment.adsCert.enabled: false
I0820 23:05:12.231107   30916 structlog.go:42]   	adapters[jdpmedia].xapi.username: 
I0820 23:05:12.231107   30916 structlog.go:56]   	adapters[jdpmedia].xapi.password: <REDACTED>
I0820 23:05:12.231709   30916 structlog.go:42]   	adapters[jdpmedia].xapi.tracker: 
I0820 23:05:12.231709   30916 structlog.go:42]   	adapters[jdpmedia].platform_id: 
I0820 23:05:12.231709   30916 structlog.go:42]   	adapters[jdpmedia].app_secret: 
I0820 23:05:12.231709   30916 structlog.go:42]   	adapters[jdpmedia].endpointCompression: 
I0820 23:05:12.232213   30916 structlog.go:42]   	adapters[greedygame].aliasOf: limelightDigital
I0820 23:05:12.232213   30916 structlog.go:39]   	adapters[greedygame].whiteLabelOnly: false
I0820 23:05:12.232213   30916 structlog.go:39]   	adapters[greedygame].disabled: false
I0820 23:05:12.232213   30916 structlog.go:42]   	adapters[greedygame].endpoint: http://ads-pbs.rtb-greedygame.com/openrtb/{{.PublisherID}}?host={{.Host}}
I0820 23:05:12.232725   30916 structlog.go:42]   	adapters[greedygame].extra_info: 
I0820 23:05:12.232725   30916 structlog.go:42]   	adapters[greedygame].openrtb: <*config.OpenRTBInfo Value>
I0820 23:05:12.232725   30916 structlog.go:42]   	adapters[greedygame].maintainer: <*config.MaintainerInfo Value>
I0820 23:05:12.233235   30916 structlog.go:42]   	adapters[greedygame].capabilities: <*config.CapabilitiesInfo Value>
I0820 23:05:12.233235   30916 structlog.go:39]   	adapters[greedygame].modifyingVastXmlAllowed: false
I0820 23:05:12.233235   30916 structlog.go:42]   	adapters[greedygame].debug: <*config.DebugInfo Value>
I0820 23:05:12.233235   30916 structlog.go:35]   	adapters[greedygame].gvlVendorID: 0
I0820 23:05:12.233748   30916 structlog.go:42]   	adapters[greedygame].userSync: <*config.Syncer Value>
I0820 23:05:12.233748   30916 structlog.go:39]   	adapters[greedygame].experiment.adsCert.enabled: false
I0820 23:05:12.233748   30916 structlog.go:42]   	adapters[greedygame].xapi.username: 
I0820 23:05:12.233748   30916 structlog.go:56]   	adapters[greedygame].xapi.password: <REDACTED>
I0820 23:05:12.234256   30916 structlog.go:42]   	adapters[greedygame].xapi.tracker: 
I0820 23:05:12.234256   30916 structlog.go:42]   	adapters[greedygame].platform_id: 
I0820 23:05:12.234256   30916 structlog.go:42]   	adapters[greedygame].app_secret: 
I0820 23:05:12.234256   30916 structlog.go:42]   	adapters[greedygame].endpointCompression: 
I0820 23:05:12.234763   30916 structlog.go:42]   	adapters[smartyads].aliasOf: 
I0820 23:05:12.234763   30916 structlog.go:39]   	adapters[smartyads].whiteLabelOnly: false
I0820 23:05:12.234763   30916 structlog.go:39]   	adapters[smartyads].disabled: false
I0820 23:05:12.235271   30916 structlog.go:42]   	adapters[smartyads].endpoint: http://{{.Host}}.smartyads.com/bid?rtb_seat_id={{.SourceId}}&secret_key={{.AccountID}}
I0820 23:05:12.235271   30916 structlog.go:42]   	adapters[smartyads].extra_info: 
I0820 23:05:12.235779   30916 structlog.go:42]   	adapters[smartyads].openrtb: <*config.OpenRTBInfo Value>
I0820 23:05:12.235779   30916 structlog.go:42]   	adapters[smartyads].maintainer: <*config.MaintainerInfo Value>
I0820 23:05:12.236293   30916 structlog.go:42]   	adapters[smartyads].capabilities: <*config.CapabilitiesInfo Value>
I0820 23:05:12.236293   30916 structlog.go:39]   	adapters[smartyads].modifyingVastXmlAllowed: false
I0820 23:05:12.236800   30916 structlog.go:42]   	adapters[smartyads].debug: <*config.DebugInfo Value>
I0820 23:05:12.236800   30916 structlog.go:35]   	adapters[smartyads].gvlVendorID: 534
I0820 23:05:12.236800   30916 structlog.go:42]   	adapters[smartyads].userSync: <*config.Syncer Value>
I0820 23:05:12.237321   30916 structlog.go:39]   	adapters[smartyads].experiment.adsCert.enabled: false
I0820 23:05:12.237321   30916 structlog.go:42]   	adapters[smartyads].xapi.username: 
I0820 23:05:12.237321   30916 structlog.go:56]   	adapters[smartyads].xapi.password: <REDACTED>
I0820 23:05:12.237321   30916 structlog.go:42]   	adapters[smartyads].xapi.tracker: 
I0820 23:05:12.237874   30916 structlog.go:42]   	adapters[smartyads].platform_id: 
I0820 23:05:12.237874   30916 structlog.go:42]   	adapters[smartyads].app_secret: 
I0820 23:05:12.238385   30916 structlog.go:42]   	adapters[smartyads].endpointCompression: 
I0820 23:05:12.238385   30916 structlog.go:42]   	adapters[embimedia].aliasOf: limelightDigital
I0820 23:05:12.238385   30916 structlog.go:39]   	adapters[embimedia].whiteLabelOnly: false
I0820 23:05:12.238894   30916 structlog.go:39]   	adapters[embimedia].disabled: false
I0820 23:05:12.238894   30916 structlog.go:42]   	adapters[embimedia].endpoint: http://ads-pbs.bidder-embi.media/openrtb/{{.PublisherID}}?host={{.Host}}
I0820 23:05:12.238894   30916 structlog.go:42]   	adapters[embimedia].extra_info: 
I0820 23:05:12.239403   30916 structlog.go:42]   	adapters[embimedia].openrtb: <*config.OpenRTBInfo Value>
I0820 23:05:12.239403   30916 structlog.go:42]   	adapters[embimedia].maintainer: <*config.MaintainerInfo Value>
I0820 23:05:12.239403   30916 structlog.go:42]   	adapters[embimedia].capabilities: <*config.CapabilitiesInfo Value>
I0820 23:05:12.239948   30916 structlog.go:39]   	adapters[embimedia].modifyingVastXmlAllowed: false
I0820 23:05:12.239948   30916 structlog.go:42]   	adapters[embimedia].debug: <*config.DebugInfo Value>
I0820 23:05:12.239948   30916 structlog.go:35]   	adapters[embimedia].gvlVendorID: 0
I0820 23:05:12.239948   30916 structlog.go:42]   	adapters[embimedia].userSync: <*config.Syncer Value>
I0820 23:05:12.240484   30916 structlog.go:39]   	adapters[embimedia].experiment.adsCert.enabled: false
I0820 23:05:12.240484   30916 structlog.go:42]   	adapters[embimedia].xapi.username: 
I0820 23:05:12.240484   30916 structlog.go:56]   	adapters[embimedia].xapi.password: <REDACTED>
I0820 23:05:12.241022   30916 structlog.go:42]   	adapters[embimedia].xapi.tracker: 
I0820 23:05:12.241022   30916 structlog.go:42]   	adapters[embimedia].platform_id: 
I0820 23:05:12.241533   30916 structlog.go:42]   	adapters[embimedia].app_secret: 
I0820 23:05:12.241533   30916 structlog.go:42]   	adapters[embimedia].endpointCompression: 
I0820 23:05:12.242057   30916 structlog.go:42]   	adapters[aduptech].aliasOf: 
I0820 23:05:12.242057   30916 structlog.go:39]   	adapters[aduptech].whiteLabelOnly: false
I0820 23:05:12.242057   30916 structlog.go:39]   	adapters[aduptech].disabled: false
I0820 23:05:12.242566   30916 structlog.go:42]   	adapters[aduptech].endpoint: https://rtb.d.adup-tech.com/rtb/bid
I0820 23:05:12.242566   30916 structlog.go:42]   	adapters[aduptech].extra_info: {"target_currency": "EUR"}
I0820 23:05:12.242566   30916 structlog.go:42]   	adapters[aduptech].openrtb: <*config.OpenRTBInfo Value>
I0820 23:05:12.243080   30916 structlog.go:42]   	adapters[aduptech].maintainer: <*config.MaintainerInfo Value>
I0820 23:05:12.243080   30916 structlog.go:42]   	adapters[aduptech].capabilities: <*config.CapabilitiesInfo Value>
I0820 23:05:12.243080   30916 structlog.go:39]   	adapters[aduptech].modifyingVastXmlAllowed: false
I0820 23:05:12.243080   30916 structlog.go:42]   	adapters[aduptech].debug: <*config.DebugInfo Value>
I0820 23:05:12.243603   30916 structlog.go:35]   	adapters[aduptech].gvlVendorID: 647
I0820 23:05:12.243603   30916 structlog.go:42]   	adapters[aduptech].userSync: <*config.Syncer Value>
I0820 23:05:12.243603   30916 structlog.go:39]   	adapters[aduptech].experiment.adsCert.enabled: false
I0820 23:05:12.244110   30916 structlog.go:42]   	adapters[aduptech].xapi.username: 
I0820 23:05:12.244110   30916 structlog.go:56]   	adapters[aduptech].xapi.password: <REDACTED>
I0820 23:05:12.244110   30916 structlog.go:42]   	adapters[aduptech].xapi.tracker: 
I0820 23:05:12.244620   30916 structlog.go:42]   	adapters[aduptech].platform_id: 
I0820 23:05:12.244620   30916 structlog.go:42]   	adapters[aduptech].app_secret: 
I0820 23:05:12.244620   30916 structlog.go:42]   	adapters[aduptech].endpointCompression: 
I0820 23:05:12.245129   30916 structlog.go:42]   	adapters[connectad].aliasOf: 
I0820 23:05:12.245129   30916 structlog.go:39]   	adapters[connectad].whiteLabelOnly: false
I0820 23:05:12.245129   30916 structlog.go:39]   	adapters[connectad].disabled: false
I0820 23:05:12.245129   30916 structlog.go:42]   	adapters[connectad].endpoint: http://bidder.connectad.io/API?src=pbs
I0820 23:05:12.245637   30916 structlog.go:42]   	adapters[connectad].extra_info: 
I0820 23:05:12.245637   30916 structlog.go:42]   	adapters[connectad].openrtb: <*config.OpenRTBInfo Value>
I0820 23:05:12.245637   30916 structlog.go:42]   	adapters[connectad].maintainer: <*config.MaintainerInfo Value>
I0820 23:05:12.246145   30916 structlog.go:42]   	adapters[connectad].capabilities: <*config.CapabilitiesInfo Value>
I0820 23:05:12.246145   30916 structlog.go:39]   	adapters[connectad].modifyingVastXmlAllowed: false
I0820 23:05:12.246145   30916 structlog.go:42]   	adapters[connectad].debug: <*config.DebugInfo Value>
I0820 23:05:12.246657   30916 structlog.go:35]   	adapters[connectad].gvlVendorID: 138
I0820 23:05:12.246657   30916 structlog.go:42]   	adapters[connectad].userSync: <*config.Syncer Value>
I0820 23:05:12.246657   30916 structlog.go:39]   	adapters[connectad].experiment.adsCert.enabled: false
I0820 23:05:12.248417   30916 structlog.go:42]   	adapters[connectad].xapi.username: 
I0820 23:05:12.248417   30916 structlog.go:56]   	adapters[connectad].xapi.password: <REDACTED>
I0820 23:05:12.248921   30916 structlog.go:42]   	adapters[connectad].xapi.tracker: 
I0820 23:05:12.248921   30916 structlog.go:42]   	adapters[connectad].platform_id: 
I0820 23:05:12.249467   30916 structlog.go:42]   	adapters[connectad].app_secret: 
I0820 23:05:12.249467   30916 structlog.go:42]   	adapters[connectad].endpointCompression: gzip
I0820 23:05:12.249978   30916 structlog.go:42]   	adapters[kobler].aliasOf: 
I0820 23:05:12.249978   30916 structlog.go:39]   	adapters[kobler].whiteLabelOnly: false
I0820 23:05:12.250489   30916 structlog.go:39]   	adapters[kobler].disabled: false
I0820 23:05:12.250489   30916 structlog.go:42]   	adapters[kobler].endpoint: https://bid.essrtb.com/bid/prebid_server_rtb_call
I0820 23:05:12.251014   30916 structlog.go:42]   	adapters[kobler].extra_info: 
I0820 23:05:12.251014   30916 structlog.go:42]   	adapters[kobler].openrtb: <*config.OpenRTBInfo Value>
I0820 23:05:12.251526   30916 structlog.go:42]   	adapters[kobler].maintainer: <*config.MaintainerInfo Value>
I0820 23:05:12.251526   30916 structlog.go:42]   	adapters[kobler].capabilities: <*config.CapabilitiesInfo Value>
I0820 23:05:12.252038   30916 structlog.go:39]   	adapters[kobler].modifyingVastXmlAllowed: false
I0820 23:05:12.252038   30916 structlog.go:42]   	adapters[kobler].debug: <*config.DebugInfo Value>
I0820 23:05:12.252038   30916 structlog.go:35]   	adapters[kobler].gvlVendorID: 0
I0820 23:05:12.252552   30916 structlog.go:42]   	adapters[kobler].userSync: <*config.Syncer Value>
I0820 23:05:12.252552   30916 structlog.go:39]   	adapters[kobler].experiment.adsCert.enabled: false
I0820 23:05:12.253077   30916 structlog.go:42]   	adapters[kobler].xapi.username: 
I0820 23:05:12.253077   30916 structlog.go:56]   	adapters[kobler].xapi.password: <REDACTED>
I0820 23:05:12.253077   30916 structlog.go:42]   	adapters[kobler].xapi.tracker: 
I0820 23:05:12.253589   30916 structlog.go:42]   	adapters[kobler].platform_id: 
I0820 23:05:12.253589   30916 structlog.go:42]   	adapters[kobler].app_secret: 
I0820 23:05:12.253589   30916 structlog.go:42]   	adapters[kobler].endpointCompression: gzip
I0820 23:05:12.254112   30916 structlog.go:42]   	adapters[sa_lunamedia].aliasOf: 
I0820 23:05:12.254112   30916 structlog.go:39]   	adapters[sa_lunamedia].whiteLabelOnly: false
I0820 23:05:12.254112   30916 structlog.go:39]   	adapters[sa_lunamedia].disabled: false
I0820 23:05:12.254112   30916 structlog.go:42]   	adapters[sa_lunamedia].endpoint: http://balancer.lmgssp.com/pserver
I0820 23:05:12.254112   30916 structlog.go:42]   	adapters[sa_lunamedia].extra_info: 
I0820 23:05:12.254112   30916 structlog.go:42]   	adapters[sa_lunamedia].openrtb: <*config.OpenRTBInfo Value>
I0820 23:05:12.255111   30916 structlog.go:42]   	adapters[sa_lunamedia].maintainer: <*config.MaintainerInfo Value>
I0820 23:05:12.255111   30916 structlog.go:42]   	adapters[sa_lunamedia].capabilities: <*config.CapabilitiesInfo Value>
I0820 23:05:12.255111   30916 structlog.go:39]   	adapters[sa_lunamedia].modifyingVastXmlAllowed: false
I0820 23:05:12.255111   30916 structlog.go:42]   	adapters[sa_lunamedia].debug: <*config.DebugInfo Value>
I0820 23:05:12.255111   30916 structlog.go:35]   	adapters[sa_lunamedia].gvlVendorID: 998
I0820 23:05:12.255111   30916 structlog.go:42]   	adapters[sa_lunamedia].userSync: <*config.Syncer Value>
I0820 23:05:12.256108   30916 structlog.go:39]   	adapters[sa_lunamedia].experiment.adsCert.enabled: false
I0820 23:05:12.256108   30916 structlog.go:42]   	adapters[sa_lunamedia].xapi.username: 
I0820 23:05:12.256108   30916 structlog.go:56]   	adapters[sa_lunamedia].xapi.password: <REDACTED>
I0820 23:05:12.256620   30916 structlog.go:42]   	adapters[sa_lunamedia].xapi.tracker: 
I0820 23:05:12.256620   30916 structlog.go:42]   	adapters[sa_lunamedia].platform_id: 
I0820 23:05:12.256620   30916 structlog.go:42]   	adapters[sa_lunamedia].app_secret: 
I0820 23:05:12.256620   30916 structlog.go:42]   	adapters[sa_lunamedia].endpointCompression: 
I0820 23:05:12.257623   30916 structlog.go:42]   	adapters[e_volution].aliasOf: 
I0820 23:05:12.257623   30916 structlog.go:39]   	adapters[e_volution].whiteLabelOnly: false
I0820 23:05:12.257623   30916 structlog.go:39]   	adapters[e_volution].disabled: false
I0820 23:05:12.257623   30916 structlog.go:42]   	adapters[e_volution].endpoint: http://service.e-volution.ai/pbserver
I0820 23:05:12.257623   30916 structlog.go:42]   	adapters[e_volution].extra_info: 
I0820 23:05:12.257623   30916 structlog.go:42]   	adapters[e_volution].openrtb: <*config.OpenRTBInfo Value>
I0820 23:05:12.257623   30916 structlog.go:42]   	adapters[e_volution].maintainer: <*config.MaintainerInfo Value>
I0820 23:05:12.258616   30916 structlog.go:42]   	adapters[e_volution].capabilities: <*config.CapabilitiesInfo Value>
I0820 23:05:12.258616   30916 structlog.go:39]   	adapters[e_volution].modifyingVastXmlAllowed: false
I0820 23:05:12.258616   30916 structlog.go:42]   	adapters[e_volution].debug: <*config.DebugInfo Value>
I0820 23:05:12.258616   30916 structlog.go:35]   	adapters[e_volution].gvlVendorID: 957
I0820 23:05:12.258616   30916 structlog.go:42]   	adapters[e_volution].userSync: <*config.Syncer Value>
I0820 23:05:12.258616   30916 structlog.go:39]   	adapters[e_volution].experiment.adsCert.enabled: false
I0820 23:05:12.259613   30916 structlog.go:42]   	adapters[e_volution].xapi.username: 
I0820 23:05:12.259613   30916 structlog.go:56]   	adapters[e_volution].xapi.password: <REDACTED>
I0820 23:05:12.259613   30916 structlog.go:42]   	adapters[e_volution].xapi.tracker: 
I0820 23:05:12.259613   30916 structlog.go:42]   	adapters[e_volution].platform_id: 
I0820 23:05:12.259613   30916 structlog.go:42]   	adapters[e_volution].app_secret: 
I0820 23:05:12.259613   30916 structlog.go:42]   	adapters[e_volution].endpointCompression: 
I0820 23:05:12.260611   30916 structlog.go:42]   	adapters[intertech].aliasOf: 
I0820 23:05:12.260611   30916 structlog.go:39]   	adapters[intertech].whiteLabelOnly: false
I0820 23:05:12.260611   30916 structlog.go:39]   	adapters[intertech].disabled: false
I0820 23:05:12.260611   30916 structlog.go:42]   	adapters[intertech].endpoint: https://prebid.intertechsrvcs.com/prebid/{{.PageID}}?imp-id={{.ImpID}}&ssp-id=10500
I0820 23:05:12.260611   30916 structlog.go:42]   	adapters[intertech].extra_info: 
I0820 23:05:12.260611   30916 structlog.go:42]   	adapters[intertech].openrtb: <*config.OpenRTBInfo Value>
I0820 23:05:12.260611   30916 structlog.go:42]   	adapters[intertech].maintainer: <*config.MaintainerInfo Value>
I0820 23:05:12.261608   30916 structlog.go:42]   	adapters[intertech].capabilities: <*config.CapabilitiesInfo Value>
I0820 23:05:12.261608   30916 structlog.go:39]   	adapters[intertech].modifyingVastXmlAllowed: false
I0820 23:05:12.261608   30916 structlog.go:42]   	adapters[intertech].debug: <*config.DebugInfo Value>
I0820 23:05:12.261608   30916 structlog.go:35]   	adapters[intertech].gvlVendorID: 0
I0820 23:05:12.261608   30916 structlog.go:42]   	adapters[intertech].userSync: <*config.Syncer Value>
I0820 23:05:12.261608   30916 structlog.go:39]   	adapters[intertech].experiment.adsCert.enabled: false
I0820 23:05:12.263609   30916 structlog.go:42]   	adapters[intertech].xapi.username: 
I0820 23:05:12.265704   30916 structlog.go:56]   	adapters[intertech].xapi.password: <REDACTED>
I0820 23:05:12.266208   30916 structlog.go:42]   	adapters[intertech].xapi.tracker: 
I0820 23:05:12.266208   30916 structlog.go:42]   	adapters[intertech].platform_id: 
I0820 23:05:12.266208   30916 structlog.go:42]   	adapters[intertech].app_secret: 
I0820 23:05:12.267076   30916 structlog.go:42]   	adapters[intertech].endpointCompression: GZIP
I0820 23:05:12.267076   30916 structlog.go:42]   	adapters[bigoad].aliasOf: 
I0820 23:05:12.267076   30916 structlog.go:39]   	adapters[bigoad].whiteLabelOnly: false
I0820 23:05:12.267579   30916 structlog.go:39]   	adapters[bigoad].disabled: false
I0820 23:05:12.267579   30916 structlog.go:42]   	adapters[bigoad].endpoint: https://api.imotech.tech/Ad/GetAdOut?sspid={{.SspId}}
I0820 23:05:12.268119   30916 structlog.go:42]   	adapters[bigoad].extra_info: 
I0820 23:05:12.268119   30916 structlog.go:42]   	adapters[bigoad].openrtb: <*config.OpenRTBInfo Value>
I0820 23:05:12.268119   30916 structlog.go:42]   	adapters[bigoad].maintainer: <*config.MaintainerInfo Value>
I0820 23:05:12.268119   30916 structlog.go:42]   	adapters[bigoad].capabilities: <*config.CapabilitiesInfo Value>
I0820 23:05:12.268659   30916 structlog.go:39]   	adapters[bigoad].modifyingVastXmlAllowed: true
I0820 23:05:12.268659   30916 structlog.go:42]   	adapters[bigoad].debug: <*config.DebugInfo Value>
I0820 23:05:12.268659   30916 structlog.go:35]   	adapters[bigoad].gvlVendorID: 0
I0820 23:05:12.268659   30916 structlog.go:42]   	adapters[bigoad].userSync: <*config.Syncer Value>
I0820 23:05:12.269172   30916 structlog.go:39]   	adapters[bigoad].experiment.adsCert.enabled: false
I0820 23:05:12.269172   30916 structlog.go:42]   	adapters[bigoad].xapi.username: 
I0820 23:05:12.269172   30916 structlog.go:56]   	adapters[bigoad].xapi.password: <REDACTED>
I0820 23:05:12.269683   30916 structlog.go:42]   	adapters[bigoad].xapi.tracker: 
I0820 23:05:12.269683   30916 structlog.go:42]   	adapters[bigoad].platform_id: 
I0820 23:05:12.269683   30916 structlog.go:42]   	adapters[bigoad].app_secret: 
I0820 23:05:12.269683   30916 structlog.go:42]   	adapters[bigoad].endpointCompression: gzip
I0820 23:05:12.270194   30916 structlog.go:42]   	adapters[stroeerCore].aliasOf: 
I0820 23:05:12.270194   30916 structlog.go:39]   	adapters[stroeerCore].whiteLabelOnly: false
I0820 23:05:12.270194   30916 structlog.go:39]   	adapters[stroeerCore].disabled: true
I0820 23:05:12.270194   30916 structlog.go:42]   	adapters[stroeerCore].endpoint: http://mhb.adscale.de/s2sdsh
I0820 23:05:12.270707   30916 structlog.go:42]   	adapters[stroeerCore].extra_info: 
I0820 23:05:12.270707   30916 structlog.go:42]   	adapters[stroeerCore].openrtb: <*config.OpenRTBInfo Value>
I0820 23:05:12.270707   30916 structlog.go:42]   	adapters[stroeerCore].maintainer: <*config.MaintainerInfo Value>
I0820 23:05:12.270707   30916 structlog.go:42]   	adapters[stroeerCore].capabilities: <*config.CapabilitiesInfo Value>
I0820 23:05:12.271218   30916 structlog.go:39]   	adapters[stroeerCore].modifyingVastXmlAllowed: false
I0820 23:05:12.271218   30916 structlog.go:42]   	adapters[stroeerCore].debug: <*config.DebugInfo Value>
I0820 23:05:12.271218   30916 structlog.go:35]   	adapters[stroeerCore].gvlVendorID: 136
I0820 23:05:12.271218   30916 structlog.go:42]   	adapters[stroeerCore].userSync: <*config.Syncer Value>
I0820 23:05:12.271728   30916 structlog.go:39]   	adapters[stroeerCore].experiment.adsCert.enabled: false
I0820 23:05:12.271728   30916 structlog.go:42]   	adapters[stroeerCore].xapi.username: 
I0820 23:05:12.271728   30916 structlog.go:56]   	adapters[stroeerCore].xapi.password: <REDACTED>
I0820 23:05:12.271728   30916 structlog.go:42]   	adapters[stroeerCore].xapi.tracker: 
I0820 23:05:12.272238   30916 structlog.go:42]   	adapters[stroeerCore].platform_id: 
I0820 23:05:12.272238   30916 structlog.go:42]   	adapters[stroeerCore].app_secret: 
I0820 23:05:12.272762   30916 structlog.go:42]   	adapters[stroeerCore].endpointCompression: 
I0820 23:05:12.272762   30916 structlog.go:42]   	adapters[bidstack].aliasOf: 
I0820 23:05:12.272762   30916 structlog.go:39]   	adapters[bidstack].whiteLabelOnly: false
I0820 23:05:12.272762   30916 structlog.go:39]   	adapters[bidstack].disabled: false
I0820 23:05:12.273308   30916 structlog.go:42]   	adapters[bidstack].endpoint: https://server.bidstack.com/openrtb
I0820 23:05:12.273308   30916 structlog.go:42]   	adapters[bidstack].extra_info: 
I0820 23:05:12.273308   30916 structlog.go:42]   	adapters[bidstack].openrtb: <*config.OpenRTBInfo Value>
I0820 23:05:12.273826   30916 structlog.go:42]   	adapters[bidstack].maintainer: <*config.MaintainerInfo Value>
I0820 23:05:12.273826   30916 structlog.go:42]   	adapters[bidstack].capabilities: <*config.CapabilitiesInfo Value>
I0820 23:05:12.273826   30916 structlog.go:39]   	adapters[bidstack].modifyingVastXmlAllowed: true
I0820 23:05:12.274343   30916 structlog.go:42]   	adapters[bidstack].debug: <*config.DebugInfo Value>
I0820 23:05:12.274343   30916 structlog.go:35]   	adapters[bidstack].gvlVendorID: 462
I0820 23:05:12.274343   30916 structlog.go:42]   	adapters[bidstack].userSync: <*config.Syncer Value>
I0820 23:05:12.274343   30916 structlog.go:39]   	adapters[bidstack].experiment.adsCert.enabled: false
I0820 23:05:12.274910   30916 structlog.go:42]   	adapters[bidstack].xapi.username: 
I0820 23:05:12.274910   30916 structlog.go:56]   	adapters[bidstack].xapi.password: <REDACTED>
I0820 23:05:12.274910   30916 structlog.go:42]   	adapters[bidstack].xapi.tracker: 
I0820 23:05:12.275413   30916 structlog.go:42]   	adapters[bidstack].platform_id: 
I0820 23:05:12.275413   30916 structlog.go:42]   	adapters[bidstack].app_secret: 
I0820 23:05:12.275413   30916 structlog.go:42]   	adapters[bidstack].endpointCompression: gzip
I0820 23:05:12.275927   30916 structlog.go:42]   	adapters[limelightDigital].aliasOf: 
I0820 23:05:12.275927   30916 structlog.go:39]   	adapters[limelightDigital].whiteLabelOnly: false
I0820 23:05:12.275927   30916 structlog.go:39]   	adapters[limelightDigital].disabled: false
I0820 23:05:12.275927   30916 structlog.go:42]   	adapters[limelightDigital].endpoint: http://ads-pbs.ortb.net/openrtb/{{.PublisherID}}?host={{.Host}}
I0820 23:05:12.276438   30916 structlog.go:42]   	adapters[limelightDigital].extra_info: 
I0820 23:05:12.276438   30916 structlog.go:42]   	adapters[limelightDigital].openrtb: <*config.OpenRTBInfo Value>
I0820 23:05:12.276947   30916 structlog.go:42]   	adapters[limelightDigital].maintainer: <*config.MaintainerInfo Value>
I0820 23:05:12.276947   30916 structlog.go:42]   	adapters[limelightDigital].capabilities: <*config.CapabilitiesInfo Value>
I0820 23:05:12.276947   30916 structlog.go:39]   	adapters[limelightDigital].modifyingVastXmlAllowed: false
I0820 23:05:12.277457   30916 structlog.go:42]   	adapters[limelightDigital].debug: <*config.DebugInfo Value>
I0820 23:05:12.277457   30916 structlog.go:35]   	adapters[limelightDigital].gvlVendorID: 0
I0820 23:05:12.277457   30916 structlog.go:42]   	adapters[limelightDigital].userSync: <*config.Syncer Value>
I0820 23:05:12.277457   30916 structlog.go:39]   	adapters[limelightDigital].experiment.adsCert.enabled: false
I0820 23:05:12.277966   30916 structlog.go:42]   	adapters[limelightDigital].xapi.username: 
I0820 23:05:12.277966   30916 structlog.go:56]   	adapters[limelightDigital].xapi.password: <REDACTED>
I0820 23:05:12.277966   30916 structlog.go:42]   	adapters[limelightDigital].xapi.tracker: 
I0820 23:05:12.278496   30916 structlog.go:42]   	adapters[limelightDigital].platform_id: 
I0820 23:05:12.278496   30916 structlog.go:42]   	adapters[limelightDigital].app_secret: 
I0820 23:05:12.278496   30916 structlog.go:42]   	adapters[limelightDigital].endpointCompression: 
I0820 23:05:12.278496   30916 structlog.go:42]   	adapters[zmaticoo].aliasOf: 
I0820 23:05:12.279006   30916 structlog.go:39]   	adapters[zmaticoo].whiteLabelOnly: false
I0820 23:05:12.279006   30916 structlog.go:39]   	adapters[zmaticoo].disabled: false
I0820 23:05:12.279577   30916 structlog.go:42]   	adapters[zmaticoo].endpoint: https://bid.zmaticoo.com/prebid/bid
I0820 23:05:12.279577   30916 structlog.go:42]   	adapters[zmaticoo].extra_info: 
I0820 23:05:12.279577   30916 structlog.go:42]   	adapters[zmaticoo].openrtb: <*config.OpenRTBInfo Value>
I0820 23:05:12.280080   30916 structlog.go:42]   	adapters[zmaticoo].maintainer: <*config.MaintainerInfo Value>
I0820 23:05:12.280080   30916 structlog.go:42]   	adapters[zmaticoo].capabilities: <*config.CapabilitiesInfo Value>
I0820 23:05:12.280608   30916 structlog.go:39]   	adapters[zmaticoo].modifyingVastXmlAllowed: false
I0820 23:05:12.280608   30916 structlog.go:42]   	adapters[zmaticoo].debug: <*config.DebugInfo Value>
I0820 23:05:12.281128   30916 structlog.go:35]   	adapters[zmaticoo].gvlVendorID: 0
I0820 23:05:12.281128   30916 structlog.go:42]   	adapters[zmaticoo].userSync: <*config.Syncer Value>
I0820 23:05:12.281128   30916 structlog.go:39]   	adapters[zmaticoo].experiment.adsCert.enabled: false
I0820 23:05:12.281128   30916 structlog.go:42]   	adapters[zmaticoo].xapi.username: 
I0820 23:05:12.281646   30916 structlog.go:56]   	adapters[zmaticoo].xapi.password: <REDACTED>
I0820 23:05:12.281646   30916 structlog.go:42]   	adapters[zmaticoo].xapi.tracker: 
I0820 23:05:12.281646   30916 structlog.go:42]   	adapters[zmaticoo].platform_id: 
I0820 23:05:12.282158   30916 structlog.go:42]   	adapters[zmaticoo].app_secret: 
I0820 23:05:12.282158   30916 structlog.go:42]   	adapters[zmaticoo].endpointCompression: 
I0820 23:05:12.282158   30916 structlog.go:42]   	adapters[marsmedia].aliasOf: 
I0820 23:05:12.282676   30916 structlog.go:39]   	adapters[marsmedia].whiteLabelOnly: false
I0820 23:05:12.282676   30916 structlog.go:39]   	adapters[marsmedia].disabled: false
I0820 23:05:12.282676   30916 structlog.go:42]   	adapters[marsmedia].endpoint: https://bid306.rtbsrv.com/bidder/?bid=f3xtet
I0820 23:05:12.283203   30916 structlog.go:42]   	adapters[marsmedia].extra_info: 
I0820 23:05:12.283203   30916 structlog.go:42]   	adapters[marsmedia].openrtb: <*config.OpenRTBInfo Value>
I0820 23:05:12.283203   30916 structlog.go:42]   	adapters[marsmedia].maintainer: <*config.MaintainerInfo Value>
I0820 23:05:12.283203   30916 structlog.go:42]   	adapters[marsmedia].capabilities: <*config.CapabilitiesInfo Value>
I0820 23:05:12.283714   30916 structlog.go:39]   	adapters[marsmedia].modifyingVastXmlAllowed: false
I0820 23:05:12.283714   30916 structlog.go:42]   	adapters[marsmedia].debug: <*config.DebugInfo Value>
I0820 23:05:12.283714   30916 structlog.go:35]   	adapters[marsmedia].gvlVendorID: 776
I0820 23:05:12.284226   30916 structlog.go:42]   	adapters[marsmedia].userSync: <*config.Syncer Value>
I0820 23:05:12.284226   30916 structlog.go:39]   	adapters[marsmedia].experiment.adsCert.enabled: false
I0820 23:05:12.284226   30916 structlog.go:42]   	adapters[marsmedia].xapi.username: 
I0820 23:05:12.284226   30916 structlog.go:56]   	adapters[marsmedia].xapi.password: <REDACTED>
I0820 23:05:12.284736   30916 structlog.go:42]   	adapters[marsmedia].xapi.tracker: 
I0820 23:05:12.284736   30916 structlog.go:42]   	adapters[marsmedia].platform_id: 
I0820 23:05:12.284736   30916 structlog.go:42]   	adapters[marsmedia].app_secret: 
I0820 23:05:12.284736   30916 structlog.go:42]   	adapters[marsmedia].endpointCompression: 
I0820 23:05:12.285245   30916 structlog.go:42]   	adapters[appush].aliasOf: 
I0820 23:05:12.285245   30916 structlog.go:39]   	adapters[appush].whiteLabelOnly: false
I0820 23:05:12.285245   30916 structlog.go:39]   	adapters[appush].disabled: false
I0820 23:05:12.285756   30916 structlog.go:42]   	adapters[appush].endpoint: http://hb.appush.com/pserver
I0820 23:05:12.285756   30916 structlog.go:42]   	adapters[appush].extra_info: 
I0820 23:05:12.285756   30916 structlog.go:42]   	adapters[appush].openrtb: <*config.OpenRTBInfo Value>
I0820 23:05:12.285756   30916 structlog.go:42]   	adapters[appush].maintainer: <*config.MaintainerInfo Value>
I0820 23:05:12.286301   30916 structlog.go:42]   	adapters[appush].capabilities: <*config.CapabilitiesInfo Value>
I0820 23:05:12.286301   30916 structlog.go:39]   	adapters[appush].modifyingVastXmlAllowed: false
I0820 23:05:12.286301   30916 structlog.go:42]   	adapters[appush].debug: <*config.DebugInfo Value>
I0820 23:05:12.286301   30916 structlog.go:35]   	adapters[appush].gvlVendorID: 879
I0820 23:05:12.286816   30916 structlog.go:42]   	adapters[appush].userSync: <*config.Syncer Value>
I0820 23:05:12.286816   30916 structlog.go:39]   	adapters[appush].experiment.adsCert.enabled: false
I0820 23:05:12.286816   30916 structlog.go:42]   	adapters[appush].xapi.username: 
I0820 23:05:12.286816   30916 structlog.go:56]   	adapters[appush].xapi.password: <REDACTED>
I0820 23:05:12.287327   30916 structlog.go:42]   	adapters[appush].xapi.tracker: 
I0820 23:05:12.287327   30916 structlog.go:42]   	adapters[appush].platform_id: 
I0820 23:05:12.287327   30916 structlog.go:42]   	adapters[appush].app_secret: 
I0820 23:05:12.287327   30916 structlog.go:42]   	adapters[appush].endpointCompression: 
I0820 23:05:12.287836   30916 structlog.go:42]   	adapters[fwssp].aliasOf: 
I0820 23:05:12.287836   30916 structlog.go:39]   	adapters[fwssp].whiteLabelOnly: false
I0820 23:05:12.288347   30916 structlog.go:39]   	adapters[fwssp].disabled: false
I0820 23:05:12.288347   30916 structlog.go:42]   	adapters[fwssp].endpoint: https://prebid.v.fwmrm.net/ortb/ssp
I0820 23:05:12.288347   30916 structlog.go:42]   	adapters[fwssp].extra_info: 
I0820 23:05:12.288856   30916 structlog.go:42]   	adapters[fwssp].openrtb: <*config.OpenRTBInfo Value>
I0820 23:05:12.288856   30916 structlog.go:42]   	adapters[fwssp].maintainer: <*config.MaintainerInfo Value>
I0820 23:05:12.288856   30916 structlog.go:42]   	adapters[fwssp].capabilities: <*config.CapabilitiesInfo Value>
I0820 23:05:12.288856   30916 structlog.go:39]   	adapters[fwssp].modifyingVastXmlAllowed: true
I0820 23:05:12.289367   30916 structlog.go:42]   	adapters[fwssp].debug: <*config.DebugInfo Value>
I0820 23:05:12.289367   30916 structlog.go:35]   	adapters[fwssp].gvlVendorID: 285
I0820 23:05:12.289367   30916 structlog.go:42]   	adapters[fwssp].userSync: <*config.Syncer Value>
I0820 23:05:12.289367   30916 structlog.go:39]   	adapters[fwssp].experiment.adsCert.enabled: false
I0820 23:05:12.289878   30916 structlog.go:42]   	adapters[fwssp].xapi.username: 
I0820 23:05:12.289878   30916 structlog.go:56]   	adapters[fwssp].xapi.password: <REDACTED>
I0820 23:05:12.289878   30916 structlog.go:42]   	adapters[fwssp].xapi.tracker: 
I0820 23:05:12.290387   30916 structlog.go:42]   	adapters[fwssp].platform_id: 
I0820 23:05:12.290387   30916 structlog.go:42]   	adapters[fwssp].app_secret: 
I0820 23:05:12.290387   30916 structlog.go:42]   	adapters[fwssp].endpointCompression: gzip
I0820 23:05:12.290387   30916 structlog.go:42]   	adapters[outbrain].aliasOf: 
I0820 23:05:12.290897   30916 structlog.go:39]   	adapters[outbrain].whiteLabelOnly: false
I0820 23:05:12.290897   30916 structlog.go:39]   	adapters[outbrain].disabled: false
I0820 23:05:12.290897   30916 structlog.go:42]   	adapters[outbrain].endpoint: https://prebidtest.zemanta.com/api/bidder/prebidtest/bid/
I0820 23:05:12.290897   30916 structlog.go:42]   	adapters[outbrain].extra_info: 
I0820 23:05:12.291408   30916 structlog.go:42]   	adapters[outbrain].openrtb: <*config.OpenRTBInfo Value>
I0820 23:05:12.291408   30916 structlog.go:42]   	adapters[outbrain].maintainer: <*config.MaintainerInfo Value>
I0820 23:05:12.291408   30916 structlog.go:42]   	adapters[outbrain].capabilities: <*config.CapabilitiesInfo Value>
I0820 23:05:12.291918   30916 structlog.go:39]   	adapters[outbrain].modifyingVastXmlAllowed: false
I0820 23:05:12.291918   30916 structlog.go:42]   	adapters[outbrain].debug: <*config.DebugInfo Value>
I0820 23:05:12.291918   30916 structlog.go:35]   	adapters[outbrain].gvlVendorID: 164
I0820 23:05:12.291918   30916 structlog.go:42]   	adapters[outbrain].userSync: <*config.Syncer Value>
I0820 23:05:12.292465   30916 structlog.go:39]   	adapters[outbrain].experiment.adsCert.enabled: false
I0820 23:05:12.292465   30916 structlog.go:42]   	adapters[outbrain].xapi.username: 
I0820 23:05:12.292465   30916 structlog.go:56]   	adapters[outbrain].xapi.password: <REDACTED>
I0820 23:05:12.292465   30916 structlog.go:42]   	adapters[outbrain].xapi.tracker: 
I0820 23:05:12.292976   30916 structlog.go:42]   	adapters[outbrain].platform_id: 
I0820 23:05:12.292976   30916 structlog.go:42]   	adapters[outbrain].app_secret: 
I0820 23:05:12.292976   30916 structlog.go:42]   	adapters[outbrain].endpointCompression: 
I0820 23:05:12.292976   30916 structlog.go:42]   	adapters[trustx].aliasOf: grid
I0820 23:05:12.293554   30916 structlog.go:39]   	adapters[trustx].whiteLabelOnly: false
I0820 23:05:12.293554   30916 structlog.go:39]   	adapters[trustx].disabled: false
I0820 23:05:12.293554   30916 structlog.go:42]   	adapters[trustx].endpoint: https://grid.bidswitch.net/sp_bid?sp=prebid
I0820 23:05:12.294057   30916 structlog.go:42]   	adapters[trustx].extra_info: 
I0820 23:05:12.294057   30916 structlog.go:42]   	adapters[trustx].openrtb: <*config.OpenRTBInfo Value>
I0820 23:05:12.294057   30916 structlog.go:42]   	adapters[trustx].maintainer: <*config.MaintainerInfo Value>
I0820 23:05:12.294057   30916 structlog.go:42]   	adapters[trustx].capabilities: <*config.CapabilitiesInfo Value>
I0820 23:05:12.294570   30916 structlog.go:39]   	adapters[trustx].modifyingVastXmlAllowed: false
I0820 23:05:12.294570   30916 structlog.go:42]   	adapters[trustx].debug: <*config.DebugInfo Value>
I0820 23:05:12.294570   30916 structlog.go:35]   	adapters[trustx].gvlVendorID: 686
I0820 23:05:12.294570   30916 structlog.go:42]   	adapters[trustx].userSync: <*config.Syncer Value>
I0820 23:05:12.295083   30916 structlog.go:39]   	adapters[trustx].experiment.adsCert.enabled: false
I0820 23:05:12.295083   30916 structlog.go:42]   	adapters[trustx].xapi.username: 
I0820 23:05:12.295083   30916 structlog.go:56]   	adapters[trustx].xapi.password: <REDACTED>
I0820 23:05:12.295083   30916 structlog.go:42]   	adapters[trustx].xapi.tracker: 
I0820 23:05:12.295593   30916 structlog.go:42]   	adapters[trustx].platform_id: 
I0820 23:05:12.295593   30916 structlog.go:42]   	adapters[trustx].app_secret: 
I0820 23:05:12.296105   30916 structlog.go:42]   	adapters[trustx].endpointCompression: 
I0820 23:05:12.296175   30916 structlog.go:42]   	adapters[compass].aliasOf: 
I0820 23:05:12.296175   30916 structlog.go:39]   	adapters[compass].whiteLabelOnly: false
I0820 23:05:12.296175   30916 structlog.go:39]   	adapters[compass].disabled: false
I0820 23:05:12.296776   30916 structlog.go:42]   	adapters[compass].endpoint: http://sa-lb.deliverimp.com/pserver
I0820 23:05:12.296776   30916 structlog.go:42]   	adapters[compass].extra_info: 
I0820 23:05:12.296776   30916 structlog.go:42]   	adapters[compass].openrtb: <*config.OpenRTBInfo Value>
I0820 23:05:12.296776   30916 structlog.go:42]   	adapters[compass].maintainer: <*config.MaintainerInfo Value>
I0820 23:05:12.297279   30916 structlog.go:42]   	adapters[compass].capabilities: <*config.CapabilitiesInfo Value>
I0820 23:05:12.297279   30916 structlog.go:39]   	adapters[compass].modifyingVastXmlAllowed: false
I0820 23:05:12.297279   30916 structlog.go:42]   	adapters[compass].debug: <*config.DebugInfo Value>
I0820 23:05:12.297795   30916 structlog.go:35]   	adapters[compass].gvlVendorID: 883
I0820 23:05:12.297795   30916 structlog.go:42]   	adapters[compass].userSync: <*config.Syncer Value>
I0820 23:05:12.297795   30916 structlog.go:39]   	adapters[compass].experiment.adsCert.enabled: false
I0820 23:05:12.298308   30916 structlog.go:42]   	adapters[compass].xapi.username: 
I0820 23:05:12.298308   30916 structlog.go:56]   	adapters[compass].xapi.password: <REDACTED>
I0820 23:05:12.298308   30916 structlog.go:42]   	adapters[compass].xapi.tracker: 
I0820 23:05:12.298308   30916 structlog.go:42]   	adapters[compass].platform_id: 
I0820 23:05:12.298821   30916 structlog.go:42]   	adapters[compass].app_secret: 
I0820 23:05:12.298821   30916 structlog.go:42]   	adapters[compass].endpointCompression: 
I0820 23:05:12.298821   30916 structlog.go:42]   	adapters[screencore].aliasOf: 
I0820 23:05:12.298821   30916 structlog.go:39]   	adapters[screencore].whiteLabelOnly: false
I0820 23:05:12.299336   30916 structlog.go:39]   	adapters[screencore].disabled: false
I0820 23:05:12.299336   30916 structlog.go:42]   	adapters[screencore].endpoint: http://h1.screencore.io/?kp={{.AccountID}}&kn={{.SourceId}}
I0820 23:05:12.299336   30916 structlog.go:42]   	adapters[screencore].extra_info: 
I0820 23:05:12.299336   30916 structlog.go:42]   	adapters[screencore].openrtb: <*config.OpenRTBInfo Value>
I0820 23:05:12.299845   30916 structlog.go:42]   	adapters[screencore].maintainer: <*config.MaintainerInfo Value>
I0820 23:05:12.299845   30916 structlog.go:42]   	adapters[screencore].capabilities: <*config.CapabilitiesInfo Value>
I0820 23:05:12.299845   30916 structlog.go:39]   	adapters[screencore].modifyingVastXmlAllowed: false
I0820 23:05:12.299845   30916 structlog.go:42]   	adapters[screencore].debug: <*config.DebugInfo Value>
I0820 23:05:12.300357   30916 structlog.go:35]   	adapters[screencore].gvlVendorID: 0
I0820 23:05:12.300357   30916 structlog.go:42]   	adapters[screencore].userSync: <*config.Syncer Value>
I0820 23:05:12.300357   30916 structlog.go:39]   	adapters[screencore].experiment.adsCert.enabled: false
I0820 23:05:12.300357   30916 structlog.go:42]   	adapters[screencore].xapi.username: 
I0820 23:05:12.300866   30916 structlog.go:56]   	adapters[screencore].xapi.password: <REDACTED>
I0820 23:05:12.300866   30916 structlog.go:42]   	adapters[screencore].xapi.tracker: 
I0820 23:05:12.300866   30916 structlog.go:42]   	adapters[screencore].platform_id: 
I0820 23:05:12.300866   30916 structlog.go:42]   	adapters[screencore].app_secret: 
I0820 23:05:12.301378   30916 structlog.go:42]   	adapters[screencore].endpointCompression: 
I0820 23:05:12.301378   30916 structlog.go:42]   	adapters[silvermob].aliasOf: 
I0820 23:05:12.301378   30916 structlog.go:39]   	adapters[silvermob].whiteLabelOnly: false
I0820 23:05:12.301378   30916 structlog.go:39]   	adapters[silvermob].disabled: false
I0820 23:05:12.301886   30916 structlog.go:42]   	adapters[silvermob].endpoint: http://{{.Host}}.silvermob.com/marketplace/api/dsp/bid/{{.ZoneID}}
I0820 23:05:12.301886   30916 structlog.go:42]   	adapters[silvermob].extra_info: 
I0820 23:05:12.301886   30916 structlog.go:42]   	adapters[silvermob].openrtb: <*config.OpenRTBInfo Value>
I0820 23:05:12.302394   30916 structlog.go:42]   	adapters[silvermob].maintainer: <*config.MaintainerInfo Value>
I0820 23:05:12.302394   30916 structlog.go:42]   	adapters[silvermob].capabilities: <*config.CapabilitiesInfo Value>
I0820 23:05:12.302394   30916 structlog.go:39]   	adapters[silvermob].modifyingVastXmlAllowed: false
I0820 23:05:12.302394   30916 structlog.go:42]   	adapters[silvermob].debug: <*config.DebugInfo Value>
I0820 23:05:12.302902   30916 structlog.go:35]   	adapters[silvermob].gvlVendorID: 0
I0820 23:05:12.302902   30916 structlog.go:42]   	adapters[silvermob].userSync: <*config.Syncer Value>
I0820 23:05:12.302902   30916 structlog.go:39]   	adapters[silvermob].experiment.adsCert.enabled: false
I0820 23:05:12.302902   30916 structlog.go:42]   	adapters[silvermob].xapi.username: 
I0820 23:05:12.302902   30916 structlog.go:56]   	adapters[silvermob].xapi.password: <REDACTED>
I0820 23:05:12.302902   30916 structlog.go:42]   	adapters[silvermob].xapi.tracker: 
I0820 23:05:12.302902   30916 structlog.go:42]   	adapters[silvermob].platform_id: 
I0820 23:05:12.302902   30916 structlog.go:42]   	adapters[silvermob].app_secret: 
I0820 23:05:12.303902   30916 structlog.go:42]   	adapters[silvermob].endpointCompression: 
I0820 23:05:12.303902   30916 structlog.go:42]   	adapters[relevantdigital].aliasOf: 
I0820 23:05:12.303902   30916 structlog.go:39]   	adapters[relevantdigital].whiteLabelOnly: false
I0820 23:05:12.303902   30916 structlog.go:39]   	adapters[relevantdigital].disabled: false
I0820 23:05:12.303902   30916 structlog.go:42]   	adapters[relevantdigital].endpoint: https://{{.Host}}.relevant-digital.com/openrtb2/auction
I0820 23:05:12.303902   30916 structlog.go:42]   	adapters[relevantdigital].extra_info: 
I0820 23:05:12.303902   30916 structlog.go:42]   	adapters[relevantdigital].openrtb: <*config.OpenRTBInfo Value>
I0820 23:05:12.303902   30916 structlog.go:42]   	adapters[relevantdigital].maintainer: <*config.MaintainerInfo Value>
I0820 23:05:12.304898   30916 structlog.go:42]   	adapters[relevantdigital].capabilities: <*config.CapabilitiesInfo Value>
I0820 23:05:12.304898   30916 structlog.go:39]   	adapters[relevantdigital].modifyingVastXmlAllowed: false
I0820 23:05:12.304898   30916 structlog.go:42]   	adapters[relevantdigital].debug: <*config.DebugInfo Value>
I0820 23:05:12.304898   30916 structlog.go:35]   	adapters[relevantdigital].gvlVendorID: 1100
I0820 23:05:12.304898   30916 structlog.go:42]   	adapters[relevantdigital].userSync: <*config.Syncer Value>
I0820 23:05:12.304898   30916 structlog.go:39]   	adapters[relevantdigital].experiment.adsCert.enabled: false
I0820 23:05:12.304898   30916 structlog.go:42]   	adapters[relevantdigital].xapi.username: 
I0820 23:05:12.304898   30916 structlog.go:56]   	adapters[relevantdigital].xapi.password: <REDACTED>
I0820 23:05:12.305978   30916 structlog.go:42]   	adapters[relevantdigital].xapi.tracker: 
I0820 23:05:12.306102   30916 structlog.go:42]   	adapters[relevantdigital].platform_id: 
I0820 23:05:12.306228   30916 structlog.go:42]   	adapters[relevantdigital].app_secret: 
I0820 23:05:12.306352   30916 structlog.go:42]   	adapters[relevantdigital].endpointCompression: 
I0820 23:05:12.306478   30916 structlog.go:42]   	adapters[iionads].aliasOf: limelightDigital
I0820 23:05:12.306603   30916 structlog.go:39]   	adapters[iionads].whiteLabelOnly: false
I0820 23:05:12.306729   30916 structlog.go:39]   	adapters[iionads].disabled: false
I0820 23:05:12.306854   30916 structlog.go:42]   	adapters[iionads].endpoint: http://ads-pbs.iionads.com/openrtb/{{.PublisherID}}?host={{.Host}}
I0820 23:05:12.306981   30916 structlog.go:42]   	adapters[iionads].extra_info: 
I0820 23:05:12.307108   30916 structlog.go:42]   	adapters[iionads].openrtb: <*config.OpenRTBInfo Value>
I0820 23:05:12.307233   30916 structlog.go:42]   	adapters[iionads].maintainer: <*config.MaintainerInfo Value>
I0820 23:05:12.307371   30916 structlog.go:42]   	adapters[iionads].capabilities: <*config.CapabilitiesInfo Value>
I0820 23:05:12.307447   30916 structlog.go:39]   	adapters[iionads].modifyingVastXmlAllowed: false
I0820 23:05:12.307447   30916 structlog.go:42]   	adapters[iionads].debug: <*config.DebugInfo Value>
I0820 23:05:12.307447   30916 structlog.go:35]   	adapters[iionads].gvlVendorID: 1358
I0820 23:05:12.307447   30916 structlog.go:42]   	adapters[iionads].userSync: <*config.Syncer Value>
I0820 23:05:12.307447   30916 structlog.go:39]   	adapters[iionads].experiment.adsCert.enabled: false
I0820 23:05:12.307447   30916 structlog.go:42]   	adapters[iionads].xapi.username: 
I0820 23:05:12.307447   30916 structlog.go:56]   	adapters[iionads].xapi.password: <REDACTED>
I0820 23:05:12.307447   30916 structlog.go:42]   	adapters[iionads].xapi.tracker: 
I0820 23:05:12.308445   30916 structlog.go:42]   	adapters[iionads].platform_id: 
I0820 23:05:12.308445   30916 structlog.go:42]   	adapters[iionads].app_secret: 
I0820 23:05:12.308445   30916 structlog.go:42]   	adapters[iionads].endpointCompression: 
I0820 23:05:12.308445   30916 structlog.go:42]   	adapters[iqzone].aliasOf: 
I0820 23:05:12.308445   30916 structlog.go:39]   	adapters[iqzone].whiteLabelOnly: false
I0820 23:05:12.308445   30916 structlog.go:39]   	adapters[iqzone].disabled: false
I0820 23:05:12.308445   30916 structlog.go:42]   	adapters[iqzone].endpoint: http://smartssp-us-east.iqzone.com/pserver
I0820 23:05:12.308445   30916 structlog.go:42]   	adapters[iqzone].extra_info: 
I0820 23:05:12.309442   30916 structlog.go:42]   	adapters[iqzone].openrtb: <*config.OpenRTBInfo Value>
I0820 23:05:12.309442   30916 structlog.go:42]   	adapters[iqzone].maintainer: <*config.MaintainerInfo Value>
I0820 23:05:12.309442   30916 structlog.go:42]   	adapters[iqzone].capabilities: <*config.CapabilitiesInfo Value>
I0820 23:05:12.309442   30916 structlog.go:39]   	adapters[iqzone].modifyingVastXmlAllowed: false
I0820 23:05:12.310026   30916 structlog.go:42]   	adapters[iqzone].debug: <*config.DebugInfo Value>
I0820 23:05:12.310026   30916 structlog.go:35]   	adapters[iqzone].gvlVendorID: 0
I0820 23:05:12.310026   30916 structlog.go:42]   	adapters[iqzone].userSync: <*config.Syncer Value>
I0820 23:05:12.310026   30916 structlog.go:39]   	adapters[iqzone].experiment.adsCert.enabled: false
I0820 23:05:12.310537   30916 structlog.go:42]   	adapters[iqzone].xapi.username: 
I0820 23:05:12.310537   30916 structlog.go:56]   	adapters[iqzone].xapi.password: <REDACTED>
I0820 23:05:12.310537   30916 structlog.go:42]   	adapters[iqzone].xapi.tracker: 
I0820 23:05:12.310537   30916 structlog.go:42]   	adapters[iqzone].platform_id: 
I0820 23:05:12.311046   30916 structlog.go:42]   	adapters[iqzone].app_secret: 
I0820 23:05:12.311046   30916 structlog.go:42]   	adapters[iqzone].endpointCompression: 
I0820 23:05:12.311046   30916 structlog.go:42]   	adapters[smaato].aliasOf: 
I0820 23:05:12.311046   30916 structlog.go:39]   	adapters[smaato].whiteLabelOnly: false
I0820 23:05:12.311554   30916 structlog.go:39]   	adapters[smaato].disabled: false
I0820 23:05:12.311554   30916 structlog.go:42]   	adapters[smaato].endpoint: https://prebid.ad.smaato.net/oapi/prebid
I0820 23:05:12.311554   30916 structlog.go:42]   	adapters[smaato].extra_info: 
I0820 23:05:12.311554   30916 structlog.go:42]   	adapters[smaato].openrtb: <*config.OpenRTBInfo Value>
I0820 23:05:12.312062   30916 structlog.go:42]   	adapters[smaato].maintainer: <*config.MaintainerInfo Value>
I0820 23:05:12.312062   30916 structlog.go:42]   	adapters[smaato].capabilities: <*config.CapabilitiesInfo Value>
I0820 23:05:12.312062   30916 structlog.go:39]   	adapters[smaato].modifyingVastXmlAllowed: false
I0820 23:05:12.312570   30916 structlog.go:42]   	adapters[smaato].debug: <*config.DebugInfo Value>
I0820 23:05:12.312570   30916 structlog.go:35]   	adapters[smaato].gvlVendorID: 82
I0820 23:05:12.312570   30916 structlog.go:42]   	adapters[smaato].userSync: <*config.Syncer Value>
I0820 23:05:12.312570   30916 structlog.go:39]   	adapters[smaato].experiment.adsCert.enabled: false
I0820 23:05:12.313082   30916 structlog.go:42]   	adapters[smaato].xapi.username: 
I0820 23:05:12.313082   30916 structlog.go:56]   	adapters[smaato].xapi.password: <REDACTED>
I0820 23:05:12.313082   30916 structlog.go:42]   	adapters[smaato].xapi.tracker: 
I0820 23:05:12.313599   30916 structlog.go:42]   	adapters[smaato].platform_id: 
I0820 23:05:12.313650   30916 structlog.go:42]   	adapters[smaato].app_secret: 
I0820 23:05:12.313650   30916 structlog.go:42]   	adapters[smaato].endpointCompression: gzip
I0820 23:05:12.313650   30916 structlog.go:42]   	adapters[logicad].aliasOf: 
I0820 23:05:12.314153   30916 structlog.go:39]   	adapters[logicad].whiteLabelOnly: false
I0820 23:05:12.314153   30916 structlog.go:39]   	adapters[logicad].disabled: false
I0820 23:05:12.314153   30916 structlog.go:42]   	adapters[logicad].endpoint: https://pbs.ladsp.com/adrequest/prebidserver
I0820 23:05:12.314667   30916 structlog.go:42]   	adapters[logicad].extra_info: 
I0820 23:05:12.314667   30916 structlog.go:42]   	adapters[logicad].openrtb: <*config.OpenRTBInfo Value>
I0820 23:05:12.314667   30916 structlog.go:42]   	adapters[logicad].maintainer: <*config.MaintainerInfo Value>
I0820 23:05:12.314667   30916 structlog.go:42]   	adapters[logicad].capabilities: <*config.CapabilitiesInfo Value>
I0820 23:05:12.315180   30916 structlog.go:39]   	adapters[logicad].modifyingVastXmlAllowed: false
I0820 23:05:12.315180   30916 structlog.go:42]   	adapters[logicad].debug: <*config.DebugInfo Value>
I0820 23:05:12.315180   30916 structlog.go:35]   	adapters[logicad].gvlVendorID: 0
I0820 23:05:12.315180   30916 structlog.go:42]   	adapters[logicad].userSync: <*config.Syncer Value>
I0820 23:05:12.315693   30916 structlog.go:39]   	adapters[logicad].experiment.adsCert.enabled: false
I0820 23:05:12.315693   30916 structlog.go:42]   	adapters[logicad].xapi.username: 
I0820 23:05:12.315693   30916 structlog.go:56]   	adapters[logicad].xapi.password: <REDACTED>
I0820 23:05:12.315693   30916 structlog.go:42]   	adapters[logicad].xapi.tracker: 
I0820 23:05:12.316206   30916 structlog.go:42]   	adapters[logicad].platform_id: 
I0820 23:05:12.316206   30916 structlog.go:42]   	adapters[logicad].app_secret: 
I0820 23:05:12.316206   30916 structlog.go:42]   	adapters[logicad].endpointCompression: 
I0820 23:05:12.316206   30916 structlog.go:42]   	adapters[videobyte].aliasOf: 
I0820 23:05:12.316718   30916 structlog.go:39]   	adapters[videobyte].whiteLabelOnly: false
I0820 23:05:12.316718   30916 structlog.go:39]   	adapters[videobyte].disabled: false
I0820 23:05:12.316718   30916 structlog.go:42]   	adapters[videobyte].endpoint: https://x.videobyte.com/ortbhb
I0820 23:05:12.316718   30916 structlog.go:42]   	adapters[videobyte].extra_info: 
I0820 23:05:12.317232   30916 structlog.go:42]   	adapters[videobyte].openrtb: <*config.OpenRTBInfo Value>
I0820 23:05:12.317232   30916 structlog.go:42]   	adapters[videobyte].maintainer: <*config.MaintainerInfo Value>
I0820 23:05:12.317232   30916 structlog.go:42]   	adapters[videobyte].capabilities: <*config.CapabilitiesInfo Value>
I0820 23:05:12.317232   30916 structlog.go:39]   	adapters[videobyte].modifyingVastXmlAllowed: false
I0820 23:05:12.317740   30916 structlog.go:42]   	adapters[videobyte].debug: <*config.DebugInfo Value>
I0820 23:05:12.317740   30916 structlog.go:35]   	adapters[videobyte].gvlVendorID: 1011
I0820 23:05:12.317740   30916 structlog.go:42]   	adapters[videobyte].userSync: <*config.Syncer Value>
I0820 23:05:12.317740   30916 structlog.go:39]   	adapters[videobyte].experiment.adsCert.enabled: false
I0820 23:05:12.318249   30916 structlog.go:42]   	adapters[videobyte].xapi.username: 
I0820 23:05:12.318249   30916 structlog.go:56]   	adapters[videobyte].xapi.password: <REDACTED>
I0820 23:05:12.318249   30916 structlog.go:42]   	adapters[videobyte].xapi.tracker: 
I0820 23:05:12.318249   30916 structlog.go:42]   	adapters[videobyte].platform_id: 
I0820 23:05:12.318757   30916 structlog.go:42]   	adapters[videobyte].app_secret: 
I0820 23:05:12.318757   30916 structlog.go:42]   	adapters[videobyte].endpointCompression: 
I0820 23:05:12.318757   30916 structlog.go:42]   	adapters[freewheelssp].aliasOf: 
I0820 23:05:12.318757   30916 structlog.go:39]   	adapters[freewheelssp].whiteLabelOnly: false
I0820 23:05:12.319272   30916 structlog.go:39]   	adapters[freewheelssp].disabled: false
I0820 23:05:12.319272   30916 structlog.go:42]   	adapters[freewheelssp].endpoint: https://ads.stickyadstv.com/openrtb/dsp
I0820 23:05:12.319272   30916 structlog.go:42]   	adapters[freewheelssp].extra_info: 
I0820 23:05:12.319272   30916 structlog.go:42]   	adapters[freewheelssp].openrtb: <*config.OpenRTBInfo Value>
I0820 23:05:12.319780   30916 structlog.go:42]   	adapters[freewheelssp].maintainer: <*config.MaintainerInfo Value>
I0820 23:05:12.319780   30916 structlog.go:42]   	adapters[freewheelssp].capabilities: <*config.CapabilitiesInfo Value>
I0820 23:05:12.319780   30916 structlog.go:39]   	adapters[freewheelssp].modifyingVastXmlAllowed: true
I0820 23:05:12.319780   30916 structlog.go:42]   	adapters[freewheelssp].debug: <*config.DebugInfo Value>
I0820 23:05:12.320295   30916 structlog.go:35]   	adapters[freewheelssp].gvlVendorID: 285
I0820 23:05:12.320295   30916 structlog.go:42]   	adapters[freewheelssp].userSync: <*config.Syncer Value>
I0820 23:05:12.320295   30916 structlog.go:39]   	adapters[freewheelssp].experiment.adsCert.enabled: false
I0820 23:05:12.320801   30916 structlog.go:42]   	adapters[freewheelssp].xapi.username: 
I0820 23:05:12.320801   30916 structlog.go:56]   	adapters[freewheelssp].xapi.password: <REDACTED>
I0820 23:05:12.320801   30916 structlog.go:42]   	adapters[freewheelssp].xapi.tracker: 
I0820 23:05:12.320801   30916 structlog.go:42]   	adapters[freewheelssp].platform_id: 
I0820 23:05:12.321313   30916 structlog.go:42]   	adapters[freewheelssp].app_secret: 
I0820 23:05:12.321313   30916 structlog.go:42]   	adapters[freewheelssp].endpointCompression: 
I0820 23:05:12.321313   30916 structlog.go:42]   	adapters[emx_digital].aliasOf: 
I0820 23:05:12.321313   30916 structlog.go:39]   	adapters[emx_digital].whiteLabelOnly: false
I0820 23:05:12.321820   30916 structlog.go:39]   	adapters[emx_digital].disabled: false
I0820 23:05:12.321820   30916 structlog.go:42]   	adapters[emx_digital].endpoint: https://hb.emxdgt.com
I0820 23:05:12.321820   30916 structlog.go:42]   	adapters[emx_digital].extra_info: 
I0820 23:05:12.321820   30916 structlog.go:42]   	adapters[emx_digital].openrtb: <*config.OpenRTBInfo Value>
I0820 23:05:12.321820   30916 structlog.go:42]   	adapters[emx_digital].maintainer: <*config.MaintainerInfo Value>
I0820 23:05:12.322328   30916 structlog.go:42]   	adapters[emx_digital].capabilities: <*config.CapabilitiesInfo Value>
I0820 23:05:12.322328   30916 structlog.go:39]   	adapters[emx_digital].modifyingVastXmlAllowed: false
I0820 23:05:12.322328   30916 structlog.go:42]   	adapters[emx_digital].debug: <*config.DebugInfo Value>
I0820 23:05:12.322328   30916 structlog.go:35]   	adapters[emx_digital].gvlVendorID: 183
I0820 23:05:12.322836   30916 structlog.go:42]   	adapters[emx_digital].userSync: <*config.Syncer Value>
I0820 23:05:12.322836   30916 structlog.go:39]   	adapters[emx_digital].experiment.adsCert.enabled: false
I0820 23:05:12.322836   30916 structlog.go:42]   	adapters[emx_digital].xapi.username: 
I0820 23:05:12.322836   30916 structlog.go:56]   	adapters[emx_digital].xapi.password: <REDACTED>
I0820 23:05:12.323343   30916 structlog.go:42]   	adapters[emx_digital].xapi.tracker: 
I0820 23:05:12.323343   30916 structlog.go:42]   	adapters[emx_digital].platform_id: 
I0820 23:05:12.323343   30916 structlog.go:42]   	adapters[emx_digital].app_secret: 
I0820 23:05:12.323343   30916 structlog.go:42]   	adapters[emx_digital].endpointCompression: 
I0820 23:05:12.323852   30916 structlog.go:42]   	adapters[bidgency].aliasOf: aso
I0820 23:05:12.323852   30916 structlog.go:39]   	adapters[bidgency].whiteLabelOnly: false
I0820 23:05:12.324359   30916 structlog.go:39]   	adapters[bidgency].disabled: false
I0820 23:05:12.324359   30916 structlog.go:42]   	adapters[bidgency].endpoint: https://srv.bidgx.com/pbs/bidder?zid={{.ZoneID}}
I0820 23:05:12.324359   30916 structlog.go:42]   	adapters[bidgency].extra_info: 
I0820 23:05:12.324359   30916 structlog.go:42]   	adapters[bidgency].openrtb: <*config.OpenRTBInfo Value>
I0820 23:05:12.324867   30916 structlog.go:42]   	adapters[bidgency].maintainer: <*config.MaintainerInfo Value>
I0820 23:05:12.324867   30916 structlog.go:42]   	adapters[bidgency].capabilities: <*config.CapabilitiesInfo Value>
I0820 23:05:12.324867   30916 structlog.go:39]   	adapters[bidgency].modifyingVastXmlAllowed: false
I0820 23:05:12.324867   30916 structlog.go:42]   	adapters[bidgency].debug: <*config.DebugInfo Value>
I0820 23:05:12.325383   30916 structlog.go:35]   	adapters[bidgency].gvlVendorID: 0
I0820 23:05:12.325383   30916 structlog.go:42]   	adapters[bidgency].userSync: <*config.Syncer Value>
I0820 23:05:12.325383   30916 structlog.go:39]   	adapters[bidgency].experiment.adsCert.enabled: false
I0820 23:05:12.325383   30916 structlog.go:42]   	adapters[bidgency].xapi.username: 
I0820 23:05:12.325892   30916 structlog.go:56]   	adapters[bidgency].xapi.password: <REDACTED>
I0820 23:05:12.325892   30916 structlog.go:42]   	adapters[bidgency].xapi.tracker: 
I0820 23:05:12.325892   30916 structlog.go:42]   	adapters[bidgency].platform_id: 
I0820 23:05:12.326402   30916 structlog.go:42]   	adapters[bidgency].app_secret: 
I0820 23:05:12.326402   30916 structlog.go:42]   	adapters[bidgency].endpointCompression: 
I0820 23:05:12.326402   30916 structlog.go:42]   	adapters[visiblemeasures].aliasOf: 
I0820 23:05:12.326402   30916 structlog.go:39]   	adapters[visiblemeasures].whiteLabelOnly: false
I0820 23:05:12.326945   30916 structlog.go:39]   	adapters[visiblemeasures].disabled: false
I0820 23:05:12.326945   30916 structlog.go:42]   	adapters[visiblemeasures].endpoint: https://us-e.visiblemeasures.com/pserver
I0820 23:05:12.326945   30916 structlog.go:42]   	adapters[visiblemeasures].extra_info: 
I0820 23:05:12.326945   30916 structlog.go:42]   	adapters[visiblemeasures].openrtb: <*config.OpenRTBInfo Value>
I0820 23:05:12.327455   30916 structlog.go:42]   	adapters[visiblemeasures].maintainer: <*config.MaintainerInfo Value>
I0820 23:05:12.327455   30916 structlog.go:42]   	adapters[visiblemeasures].capabilities: <*config.CapabilitiesInfo Value>
I0820 23:05:12.327455   30916 structlog.go:39]   	adapters[visiblemeasures].modifyingVastXmlAllowed: false
I0820 23:05:12.327455   30916 structlog.go:42]   	adapters[visiblemeasures].debug: <*config.DebugInfo Value>
I0820 23:05:12.327963   30916 structlog.go:35]   	adapters[visiblemeasures].gvlVendorID: 0
I0820 23:05:12.327963   30916 structlog.go:42]   	adapters[visiblemeasures].userSync: <*config.Syncer Value>
I0820 23:05:12.327963   30916 structlog.go:39]   	adapters[visiblemeasures].experiment.adsCert.enabled: false
I0820 23:05:12.327963   30916 structlog.go:42]   	adapters[visiblemeasures].xapi.username: 
I0820 23:05:12.328476   30916 structlog.go:56]   	adapters[visiblemeasures].xapi.password: <REDACTED>
I0820 23:05:12.328476   30916 structlog.go:42]   	adapters[visiblemeasures].xapi.tracker: 
I0820 23:05:12.328476   30916 structlog.go:42]   	adapters[visiblemeasures].platform_id: 
I0820 23:05:12.328476   30916 structlog.go:42]   	adapters[visiblemeasures].app_secret: 
I0820 23:05:12.328984   30916 structlog.go:42]   	adapters[visiblemeasures].endpointCompression: 
I0820 23:05:12.328984   30916 structlog.go:42]   	adapters[driftpixel].aliasOf: 
I0820 23:05:12.328984   30916 structlog.go:39]   	adapters[driftpixel].whiteLabelOnly: false
I0820 23:05:12.329494   30916 structlog.go:39]   	adapters[driftpixel].disabled: false
I0820 23:05:12.329494   30916 structlog.go:42]   	adapters[driftpixel].endpoint: http://rtb.driftpixel.live?pid={{.SourceId}}&host={{.Host}}&pbs=1
I0820 23:05:12.329494   30916 structlog.go:42]   	adapters[driftpixel].extra_info: 
I0820 23:05:12.329494   30916 structlog.go:42]   	adapters[driftpixel].openrtb: <*config.OpenRTBInfo Value>
I0820 23:05:12.330007   30916 structlog.go:42]   	adapters[driftpixel].maintainer: <*config.MaintainerInfo Value>
I0820 23:05:12.330007   30916 structlog.go:42]   	adapters[driftpixel].capabilities: <*config.CapabilitiesInfo Value>
I0820 23:05:12.330007   30916 structlog.go:39]   	adapters[driftpixel].modifyingVastXmlAllowed: false
I0820 23:05:12.330007   30916 structlog.go:42]   	adapters[driftpixel].debug: <*config.DebugInfo Value>
I0820 23:05:12.330520   30916 structlog.go:35]   	adapters[driftpixel].gvlVendorID: 0
I0820 23:05:12.330520   30916 structlog.go:42]   	adapters[driftpixel].userSync: <*config.Syncer Value>
I0820 23:05:12.330520   30916 structlog.go:39]   	adapters[driftpixel].experiment.adsCert.enabled: false
I0820 23:05:12.331031   30916 structlog.go:42]   	adapters[driftpixel].xapi.username: 
I0820 23:05:12.331031   30916 structlog.go:56]   	adapters[driftpixel].xapi.password: <REDACTED>
I0820 23:05:12.331031   30916 structlog.go:42]   	adapters[driftpixel].xapi.tracker: 
I0820 23:05:12.331031   30916 structlog.go:42]   	adapters[driftpixel].platform_id: 
I0820 23:05:12.331570   30916 structlog.go:42]   	adapters[driftpixel].app_secret: 
I0820 23:05:12.331570   30916 structlog.go:42]   	adapters[driftpixel].endpointCompression: 
I0820 23:05:12.331570   30916 structlog.go:42]   	adapters[smartrtb].aliasOf: 
I0820 23:05:12.331570   30916 structlog.go:39]   	adapters[smartrtb].whiteLabelOnly: false
I0820 23:05:12.332082   30916 structlog.go:39]   	adapters[smartrtb].disabled: false
I0820 23:05:12.332082   30916 structlog.go:42]   	adapters[smartrtb].endpoint: http://market-east.smrtb.com/json/publisher/rtb?pubid={{.PublisherID}}
I0820 23:05:12.332595   30916 structlog.go:42]   	adapters[smartrtb].extra_info: 
I0820 23:05:12.333106   30916 structlog.go:42]   	adapters[smartrtb].openrtb: <*config.OpenRTBInfo Value>
I0820 23:05:12.333106   30916 structlog.go:42]   	adapters[smartrtb].maintainer: <*config.MaintainerInfo Value>
I0820 23:05:12.333106   30916 structlog.go:42]   	adapters[smartrtb].capabilities: <*config.CapabilitiesInfo Value>
I0820 23:05:12.333622   30916 structlog.go:39]   	adapters[smartrtb].modifyingVastXmlAllowed: false
I0820 23:05:12.333622   30916 structlog.go:42]   	adapters[smartrtb].debug: <*config.DebugInfo Value>
I0820 23:05:12.334135   30916 structlog.go:35]   	adapters[smartrtb].gvlVendorID: 0
I0820 23:05:12.334135   30916 structlog.go:42]   	adapters[smartrtb].userSync: <*config.Syncer Value>
I0820 23:05:12.334644   30916 structlog.go:39]   	adapters[smartrtb].experiment.adsCert.enabled: false
I0820 23:05:12.334644   30916 structlog.go:42]   	adapters[smartrtb].xapi.username: 
I0820 23:05:12.334644   30916 structlog.go:56]   	adapters[smartrtb].xapi.password: <REDACTED>
I0820 23:05:12.335157   30916 structlog.go:42]   	adapters[smartrtb].xapi.tracker: 
I0820 23:05:12.335157   30916 structlog.go:42]   	adapters[smartrtb].platform_id: 
I0820 23:05:12.335157   30916 structlog.go:42]   	adapters[smartrtb].app_secret: 
I0820 23:05:12.335157   30916 structlog.go:42]   	adapters[smartrtb].endpointCompression: 
I0820 23:05:12.335664   30916 structlog.go:42]   	adapters[akcelo].aliasOf: 
I0820 23:05:12.335664   30916 structlog.go:39]   	adapters[akcelo].whiteLabelOnly: false
I0820 23:05:12.335664   30916 structlog.go:39]   	adapters[akcelo].disabled: false
I0820 23:05:12.335664   30916 structlog.go:42]   	adapters[akcelo].endpoint: https://s2s.sportslocalmedia.com/openrtb2/auction
I0820 23:05:12.336176   30916 structlog.go:42]   	adapters[akcelo].extra_info: 
I0820 23:05:12.336176   30916 structlog.go:42]   	adapters[akcelo].openrtb: <*config.OpenRTBInfo Value>
I0820 23:05:12.336176   30916 structlog.go:42]   	adapters[akcelo].maintainer: <*config.MaintainerInfo Value>
I0820 23:05:12.336176   30916 structlog.go:42]   	adapters[akcelo].capabilities: <*config.CapabilitiesInfo Value>
I0820 23:05:12.336685   30916 structlog.go:39]   	adapters[akcelo].modifyingVastXmlAllowed: false
I0820 23:05:12.336685   30916 structlog.go:42]   	adapters[akcelo].debug: <*config.DebugInfo Value>
I0820 23:05:12.336685   30916 structlog.go:35]   	adapters[akcelo].gvlVendorID: 0
I0820 23:05:12.336685   30916 structlog.go:42]   	adapters[akcelo].userSync: <*config.Syncer Value>
I0820 23:05:12.337194   30916 structlog.go:39]   	adapters[akcelo].experiment.adsCert.enabled: false
I0820 23:05:12.337194   30916 structlog.go:42]   	adapters[akcelo].xapi.username: 
I0820 23:05:12.337194   30916 structlog.go:56]   	adapters[akcelo].xapi.password: <REDACTED>
I0820 23:05:12.337194   30916 structlog.go:42]   	adapters[akcelo].xapi.tracker: 
I0820 23:05:12.337703   30916 structlog.go:42]   	adapters[akcelo].platform_id: 
I0820 23:05:12.337703   30916 structlog.go:42]   	adapters[akcelo].app_secret: 
I0820 23:05:12.337703   30916 structlog.go:42]   	adapters[akcelo].endpointCompression: 
I0820 23:05:12.338211   30916 structlog.go:42]   	adapters[coinzilla].aliasOf: 
I0820 23:05:12.338211   30916 structlog.go:39]   	adapters[coinzilla].whiteLabelOnly: false
I0820 23:05:12.338211   30916 structlog.go:39]   	adapters[coinzilla].disabled: false
I0820 23:05:12.338211   30916 structlog.go:42]   	adapters[coinzilla].endpoint: http://request-global.czilladx.com/serve/prebid-server.php
I0820 23:05:12.338719   30916 structlog.go:42]   	adapters[coinzilla].extra_info: 
I0820 23:05:12.338719   30916 structlog.go:42]   	adapters[coinzilla].openrtb: <*config.OpenRTBInfo Value>
I0820 23:05:12.338719   30916 structlog.go:42]   	adapters[coinzilla].maintainer: <*config.MaintainerInfo Value>
I0820 23:05:12.339232   30916 structlog.go:42]   	adapters[coinzilla].capabilities: <*config.CapabilitiesInfo Value>
I0820 23:05:12.339232   30916 structlog.go:39]   	adapters[coinzilla].modifyingVastXmlAllowed: false
I0820 23:05:12.339232   30916 structlog.go:42]   	adapters[coinzilla].debug: <*config.DebugInfo Value>
I0820 23:05:12.339232   30916 structlog.go:35]   	adapters[coinzilla].gvlVendorID: 0
I0820 23:05:12.339741   30916 structlog.go:42]   	adapters[coinzilla].userSync: <*config.Syncer Value>
I0820 23:05:12.339741   30916 structlog.go:39]   	adapters[coinzilla].experiment.adsCert.enabled: false
I0820 23:05:12.339741   30916 structlog.go:42]   	adapters[coinzilla].xapi.username: 
I0820 23:05:12.339741   30916 structlog.go:56]   	adapters[coinzilla].xapi.password: <REDACTED>
I0820 23:05:12.340492   30916 structlog.go:42]   	adapters[coinzilla].xapi.tracker: 
I0820 23:05:12.340492   30916 structlog.go:42]   	adapters[coinzilla].platform_id: 
I0820 23:05:12.341001   30916 structlog.go:42]   	adapters[coinzilla].app_secret: 
I0820 23:05:12.341001   30916 structlog.go:42]   	adapters[coinzilla].endpointCompression: 
I0820 23:05:12.341001   30916 structlog.go:42]   	adapters[adinify].aliasOf: smarthub
I0820 23:05:12.341544   30916 structlog.go:39]   	adapters[adinify].whiteLabelOnly: false
I0820 23:05:12.341544   30916 structlog.go:39]   	adapters[adinify].disabled: false
I0820 23:05:12.341544   30916 structlog.go:42]   	adapters[adinify].endpoint: https://adinify-prebid.attekmi.com/pbserver/?seat={{.AccountID}}&token={{.SourceId}}
I0820 23:05:12.341544   30916 structlog.go:42]   	adapters[adinify].extra_info: 
I0820 23:05:12.341544   30916 structlog.go:42]   	adapters[adinify].openrtb: <*config.OpenRTBInfo Value>
I0820 23:05:12.341544   30916 structlog.go:42]   	adapters[adinify].maintainer: <*config.MaintainerInfo Value>
I0820 23:05:12.342596   30916 structlog.go:42]   	adapters[adinify].capabilities: <*config.CapabilitiesInfo Value>
I0820 23:05:12.342726   30916 structlog.go:39]   	adapters[adinify].modifyingVastXmlAllowed: false
I0820 23:05:12.342802   30916 structlog.go:42]   	adapters[adinify].debug: <*config.DebugInfo Value>
I0820 23:05:12.342802   30916 structlog.go:35]   	adapters[adinify].gvlVendorID: 0
I0820 23:05:12.342802   30916 structlog.go:42]   	adapters[adinify].userSync: <*config.Syncer Value>
I0820 23:05:12.342802   30916 structlog.go:39]   	adapters[adinify].experiment.adsCert.enabled: false
I0820 23:05:12.342802   30916 structlog.go:42]   	adapters[adinify].xapi.username: 
I0820 23:05:12.342802   30916 structlog.go:56]   	adapters[adinify].xapi.password: <REDACTED>
I0820 23:05:12.342802   30916 structlog.go:42]   	adapters[adinify].xapi.tracker: 
I0820 23:05:12.342802   30916 structlog.go:42]   	adapters[adinify].platform_id: 
I0820 23:05:12.343801   30916 structlog.go:42]   	adapters[adinify].app_secret: 
I0820 23:05:12.343801   30916 structlog.go:42]   	adapters[adinify].endpointCompression: 
I0820 23:05:12.343801   30916 structlog.go:42]   	adapters[rubicon].aliasOf: 
I0820 23:05:12.343801   30916 structlog.go:39]   	adapters[rubicon].whiteLabelOnly: false
I0820 23:05:12.343801   30916 structlog.go:39]   	adapters[rubicon].disabled: true
I0820 23:05:12.343801   30916 structlog.go:42]   	adapters[rubicon].endpoint: https://REGION.rubiconproject.com/a/api/exchange
I0820 23:05:12.343801   30916 structlog.go:42]   	adapters[rubicon].extra_info: 
I0820 23:05:12.344799   30916 structlog.go:42]   	adapters[rubicon].openrtb: <*config.OpenRTBInfo Value>
I0820 23:05:12.344799   30916 structlog.go:42]   	adapters[rubicon].maintainer: <*config.MaintainerInfo Value>
I0820 23:05:12.344799   30916 structlog.go:42]   	adapters[rubicon].capabilities: <*config.CapabilitiesInfo Value>
I0820 23:05:12.344799   30916 structlog.go:39]   	adapters[rubicon].modifyingVastXmlAllowed: false
I0820 23:05:12.344799   30916 structlog.go:42]   	adapters[rubicon].debug: <*config.DebugInfo Value>
I0820 23:05:12.344799   30916 structlog.go:35]   	adapters[rubicon].gvlVendorID: 52
I0820 23:05:12.344799   30916 structlog.go:42]   	adapters[rubicon].userSync: <*config.Syncer Value>
I0820 23:05:12.344799   30916 structlog.go:39]   	adapters[rubicon].experiment.adsCert.enabled: false
I0820 23:05:12.345795   30916 structlog.go:42]   	adapters[rubicon].xapi.username: GET_FROM_MAGNITE
I0820 23:05:12.345795   30916 structlog.go:56]   	adapters[rubicon].xapi.password: <REDACTED>
I0820 23:05:12.345795   30916 structlog.go:42]   	adapters[rubicon].xapi.tracker: SAME_AS_USERNAME
I0820 23:05:12.345795   30916 structlog.go:42]   	adapters[rubicon].platform_id: 
I0820 23:05:12.346794   30916 structlog.go:42]   	adapters[rubicon].app_secret: 
I0820 23:05:12.346794   30916 structlog.go:42]   	adapters[rubicon].endpointCompression: GZIP
I0820 23:05:12.346794   30916 structlog.go:42]   	adapters[adt].aliasOf: admatic
I0820 23:05:12.346794   30916 structlog.go:39]   	adapters[adt].whiteLabelOnly: false
I0820 23:05:12.347790   30916 structlog.go:39]   	adapters[adt].disabled: false
I0820 23:05:12.347790   30916 structlog.go:42]   	adapters[adt].endpoint: http://pbs.admatic.com.tr?host={{.Host}}
I0820 23:05:12.347790   30916 structlog.go:42]   	adapters[adt].extra_info: 
I0820 23:05:12.347790   30916 structlog.go:42]   	adapters[adt].openrtb: <*config.OpenRTBInfo Value>
I0820 23:05:12.348788   30916 structlog.go:42]   	adapters[adt].maintainer: <*config.MaintainerInfo Value>
I0820 23:05:12.348788   30916 structlog.go:42]   	adapters[adt].capabilities: <*config.CapabilitiesInfo Value>
I0820 23:05:12.348788   30916 structlog.go:39]   	adapters[adt].modifyingVastXmlAllowed: false
I0820 23:05:12.348788   30916 structlog.go:42]   	adapters[adt].debug: <*config.DebugInfo Value>
I0820 23:05:12.348788   30916 structlog.go:35]   	adapters[adt].gvlVendorID: 779
I0820 23:05:12.348788   30916 structlog.go:42]   	adapters[adt].userSync: <*config.Syncer Value>
I0820 23:05:12.348788   30916 structlog.go:39]   	adapters[adt].experiment.adsCert.enabled: false
I0820 23:05:12.349919   30916 structlog.go:42]   	adapters[adt].xapi.username: 
I0820 23:05:12.350174   30916 structlog.go:56]   	adapters[adt].xapi.password: <REDACTED>
I0820 23:05:12.350423   30916 structlog.go:42]   	adapters[adt].xapi.tracker: 
I0820 23:05:12.350670   30916 structlog.go:42]   	adapters[adt].platform_id: 
I0820 23:05:12.350920   30916 structlog.go:42]   	adapters[adt].app_secret: 
I0820 23:05:12.351163   30916 structlog.go:42]   	adapters[adt].endpointCompression: 
I0820 23:05:12.351331   30916 structlog.go:42]   	adapters[bluesea].aliasOf: 
I0820 23:05:12.351467   30916 structlog.go:39]   	adapters[bluesea].whiteLabelOnly: false
I0820 23:05:12.351697   30916 structlog.go:39]   	adapters[bluesea].disabled: false
I0820 23:05:12.351949   30916 structlog.go:42]   	adapters[bluesea].endpoint: https://bid.bluevoox.com/rtb/prebid
I0820 23:05:12.351949   30916 structlog.go:42]   	adapters[bluesea].extra_info: 
I0820 23:05:12.351949   30916 structlog.go:42]   	adapters[bluesea].openrtb: <*config.OpenRTBInfo Value>
I0820 23:05:12.351949   30916 structlog.go:42]   	adapters[bluesea].maintainer: <*config.MaintainerInfo Value>
I0820 23:05:12.351949   30916 structlog.go:42]   	adapters[bluesea].capabilities: <*config.CapabilitiesInfo Value>
I0820 23:05:12.351949   30916 structlog.go:39]   	adapters[bluesea].modifyingVastXmlAllowed: true
I0820 23:05:12.351949   30916 structlog.go:42]   	adapters[bluesea].debug: <*config.DebugInfo Value>
I0820 23:05:12.352986   30916 structlog.go:35]   	adapters[bluesea].gvlVendorID: 1294
I0820 23:05:12.353110   30916 structlog.go:42]   	adapters[bluesea].userSync: <*config.Syncer Value>
I0820 23:05:12.353232   30916 structlog.go:39]   	adapters[bluesea].experiment.adsCert.enabled: false
I0820 23:05:12.353358   30916 structlog.go:42]   	adapters[bluesea].xapi.username: 
I0820 23:05:12.353481   30916 structlog.go:56]   	adapters[bluesea].xapi.password: <REDACTED>
I0820 23:05:12.353603   30916 structlog.go:42]   	adapters[bluesea].xapi.tracker: 
I0820 23:05:12.353726   30916 structlog.go:42]   	adapters[bluesea].platform_id: 
I0820 23:05:12.353848   30916 structlog.go:42]   	adapters[bluesea].app_secret: 
I0820 23:05:12.353970   30916 structlog.go:42]   	adapters[bluesea].endpointCompression: gzip
I0820 23:05:12.354092   30916 structlog.go:42]   	adapters[exco].aliasOf: 
I0820 23:05:12.354215   30916 structlog.go:39]   	adapters[exco].whiteLabelOnly: false
I0820 23:05:12.354338   30916 structlog.go:39]   	adapters[exco].disabled: false
I0820 23:05:12.354338   30916 structlog.go:42]   	adapters[exco].endpoint: https://v.ex.co/se/openrtb/hb/pbs
I0820 23:05:12.354338   30916 structlog.go:42]   	adapters[exco].extra_info: 
I0820 23:05:12.354338   30916 structlog.go:42]   	adapters[exco].openrtb: <*config.OpenRTBInfo Value>
I0820 23:05:12.354338   30916 structlog.go:42]   	adapters[exco].maintainer: <*config.MaintainerInfo Value>
I0820 23:05:12.354338   30916 structlog.go:42]   	adapters[exco].capabilities: <*config.CapabilitiesInfo Value>
I0820 23:05:12.354338   30916 structlog.go:39]   	adapters[exco].modifyingVastXmlAllowed: false
I0820 23:05:12.354338   30916 structlog.go:42]   	adapters[exco].debug: <*config.DebugInfo Value>
I0820 23:05:12.355336   30916 structlog.go:35]   	adapters[exco].gvlVendorID: 444
I0820 23:05:12.355336   30916 structlog.go:42]   	adapters[exco].userSync: <*config.Syncer Value>
I0820 23:05:12.355336   30916 structlog.go:39]   	adapters[exco].experiment.adsCert.enabled: false
I0820 23:05:12.355336   30916 structlog.go:42]   	adapters[exco].xapi.username: 
I0820 23:05:12.355336   30916 structlog.go:56]   	adapters[exco].xapi.password: <REDACTED>
I0820 23:05:12.355336   30916 structlog.go:42]   	adapters[exco].xapi.tracker: 
I0820 23:05:12.355336   30916 structlog.go:42]   	adapters[exco].platform_id: 
I0820 23:05:12.355336   30916 structlog.go:42]   	adapters[exco].app_secret: 
I0820 23:05:12.355336   30916 structlog.go:42]   	adapters[exco].endpointCompression: 
I0820 23:05:12.356565   30916 structlog.go:42]   	adapters[admaticde].aliasOf: admatic
I0820 23:05:12.356810   30916 structlog.go:39]   	adapters[admaticde].whiteLabelOnly: false
I0820 23:05:12.357054   30916 structlog.go:39]   	adapters[admaticde].disabled: false
I0820 23:05:12.357301   30916 structlog.go:42]   	adapters[admaticde].endpoint: http://pbs.admatic.com.tr?host={{.Host}}
I0820 23:05:12.357515   30916 structlog.go:42]   	adapters[admaticde].extra_info: 
I0820 23:05:12.357658   30916 structlog.go:42]   	adapters[admaticde].openrtb: <*config.OpenRTBInfo Value>
I0820 23:05:12.357835   30916 structlog.go:42]   	adapters[admaticde].maintainer: <*config.MaintainerInfo Value>
I0820 23:05:12.358076   30916 structlog.go:42]   	adapters[admaticde].capabilities: <*config.CapabilitiesInfo Value>
I0820 23:05:12.358317   30916 structlog.go:39]   	adapters[admaticde].modifyingVastXmlAllowed: false
I0820 23:05:12.358747   30916 structlog.go:42]   	adapters[admaticde].debug: <*config.DebugInfo Value>
I0820 23:05:12.358910   30916 structlog.go:35]   	adapters[admaticde].gvlVendorID: 1281
I0820 23:05:12.359036   30916 structlog.go:42]   	adapters[admaticde].userSync: <*config.Syncer Value>
I0820 23:05:12.359159   30916 structlog.go:39]   	adapters[admaticde].experiment.adsCert.enabled: false
I0820 23:05:12.359282   30916 structlog.go:42]   	adapters[admaticde].xapi.username: 
I0820 23:05:12.359404   30916 structlog.go:56]   	adapters[admaticde].xapi.password: <REDACTED>
I0820 23:05:12.359526   30916 structlog.go:42]   	adapters[admaticde].xapi.tracker: 
I0820 23:05:12.359647   30916 structlog.go:42]   	adapters[admaticde].platform_id: 
I0820 23:05:12.359768   30916 structlog.go:42]   	adapters[admaticde].app_secret: 
I0820 23:05:12.359888   30916 structlog.go:42]   	adapters[admaticde].endpointCompression: 
I0820 23:05:12.360008   30916 structlog.go:42]   	adapters[mobilefuse].aliasOf: 
I0820 23:05:12.360130   30916 structlog.go:39]   	adapters[mobilefuse].whiteLabelOnly: false
I0820 23:05:12.360252   30916 structlog.go:39]   	adapters[mobilefuse].disabled: false
I0820 23:05:12.360373   30916 structlog.go:42]   	adapters[mobilefuse].endpoint: http://mfx.mobilefuse.com/openrtb
I0820 23:05:12.360496   30916 structlog.go:42]   	adapters[mobilefuse].extra_info: 
I0820 23:05:12.360617   30916 structlog.go:42]   	adapters[mobilefuse].openrtb: <*config.OpenRTBInfo Value>
I0820 23:05:12.360617   30916 structlog.go:42]   	adapters[mobilefuse].maintainer: <*config.MaintainerInfo Value>
I0820 23:05:12.360617   30916 structlog.go:42]   	adapters[mobilefuse].capabilities: <*config.CapabilitiesInfo Value>
I0820 23:05:12.360617   30916 structlog.go:39]   	adapters[mobilefuse].modifyingVastXmlAllowed: false
I0820 23:05:12.360617   30916 structlog.go:42]   	adapters[mobilefuse].debug: <*config.DebugInfo Value>
I0820 23:05:12.360617   30916 structlog.go:35]   	adapters[mobilefuse].gvlVendorID: 909
I0820 23:05:12.360617   30916 structlog.go:42]   	adapters[mobilefuse].userSync: <*config.Syncer Value>
I0820 23:05:12.360617   30916 structlog.go:39]   	adapters[mobilefuse].experiment.adsCert.enabled: false
I0820 23:05:12.361616   30916 structlog.go:42]   	adapters[mobilefuse].xapi.username: 
I0820 23:05:12.361616   30916 structlog.go:56]   	adapters[mobilefuse].xapi.password: <REDACTED>
I0820 23:05:12.361616   30916 structlog.go:42]   	adapters[mobilefuse].xapi.tracker: 
I0820 23:05:12.361616   30916 structlog.go:42]   	adapters[mobilefuse].platform_id: 
I0820 23:05:12.361616   30916 structlog.go:42]   	adapters[mobilefuse].app_secret: 
I0820 23:05:12.361616   30916 structlog.go:42]   	adapters[mobilefuse].endpointCompression: GZIP
I0820 23:05:12.361616   30916 structlog.go:42]   	adapters[seedingAlliance].aliasOf: 
I0820 23:05:12.362614   30916 structlog.go:39]   	adapters[seedingAlliance].whiteLabelOnly: false
I0820 23:05:12.362614   30916 structlog.go:39]   	adapters[seedingAlliance].disabled: false
I0820 23:05:12.362614   30916 structlog.go:42]   	adapters[seedingAlliance].endpoint: https://b.nativendo.de/cds/rtb/bid?ssp={{.AccountID}}
I0820 23:05:12.363670   30916 structlog.go:42]   	adapters[seedingAlliance].extra_info: 
I0820 23:05:12.363670   30916 structlog.go:42]   	adapters[seedingAlliance].openrtb: <*config.OpenRTBInfo Value>
I0820 23:05:12.364173   30916 structlog.go:42]   	adapters[seedingAlliance].maintainer: <*config.MaintainerInfo Value>
I0820 23:05:12.364173   30916 structlog.go:42]   	adapters[seedingAlliance].capabilities: <*config.CapabilitiesInfo Value>
I0820 23:05:12.364799   30916 structlog.go:39]   	adapters[seedingAlliance].modifyingVastXmlAllowed: false
I0820 23:05:12.364799   30916 structlog.go:42]   	adapters[seedingAlliance].debug: <*config.DebugInfo Value>
I0820 23:05:12.365306   30916 structlog.go:35]   	adapters[seedingAlliance].gvlVendorID: 371
I0820 23:05:12.365306   30916 structlog.go:42]   	adapters[seedingAlliance].userSync: <*config.Syncer Value>
I0820 23:05:12.365306   30916 structlog.go:39]   	adapters[seedingAlliance].experiment.adsCert.enabled: false
I0820 23:05:12.365834   30916 structlog.go:42]   	adapters[seedingAlliance].xapi.username: 
I0820 23:05:12.365834   30916 structlog.go:56]   	adapters[seedingAlliance].xapi.password: <REDACTED>
I0820 23:05:12.365834   30916 structlog.go:42]   	adapters[seedingAlliance].xapi.tracker: 
I0820 23:05:12.366357   30916 structlog.go:42]   	adapters[seedingAlliance].platform_id: 
I0820 23:05:12.366874   30916 structlog.go:42]   	adapters[seedingAlliance].app_secret: 
I0820 23:05:12.366874   30916 structlog.go:42]   	adapters[seedingAlliance].endpointCompression: 
I0820 23:05:12.366874   30916 structlog.go:42]   	adapters[sovrn].aliasOf: 
I0820 23:05:12.367387   30916 structlog.go:39]   	adapters[sovrn].whiteLabelOnly: false
I0820 23:05:12.367387   30916 structlog.go:39]   	adapters[sovrn].disabled: false
I0820 23:05:12.367387   30916 structlog.go:42]   	adapters[sovrn].endpoint: http://pbs.lijit.com/rtb/bid?src=prebid_server
I0820 23:05:12.367387   30916 structlog.go:42]   	adapters[sovrn].extra_info: 
I0820 23:05:12.367915   30916 structlog.go:42]   	adapters[sovrn].openrtb: <*config.OpenRTBInfo Value>
I0820 23:05:12.367915   30916 structlog.go:42]   	adapters[sovrn].maintainer: <*config.MaintainerInfo Value>
I0820 23:05:12.367915   30916 structlog.go:42]   	adapters[sovrn].capabilities: <*config.CapabilitiesInfo Value>
I0820 23:05:12.367915   30916 structlog.go:39]   	adapters[sovrn].modifyingVastXmlAllowed: true
I0820 23:05:12.368483   30916 structlog.go:42]   	adapters[sovrn].debug: <*config.DebugInfo Value>
I0820 23:05:12.368483   30916 structlog.go:35]   	adapters[sovrn].gvlVendorID: 13
I0820 23:05:12.368483   30916 structlog.go:42]   	adapters[sovrn].userSync: <*config.Syncer Value>
I0820 23:05:12.369029   30916 structlog.go:39]   	adapters[sovrn].experiment.adsCert.enabled: false
I0820 23:05:12.369029   30916 structlog.go:42]   	adapters[sovrn].xapi.username: 
I0820 23:05:12.369029   30916 structlog.go:56]   	adapters[sovrn].xapi.password: <REDACTED>
I0820 23:05:12.369029   30916 structlog.go:42]   	adapters[sovrn].xapi.tracker: 
I0820 23:05:12.369580   30916 structlog.go:42]   	adapters[sovrn].platform_id: 
I0820 23:05:12.369580   30916 structlog.go:42]   	adapters[sovrn].app_secret: 
I0820 23:05:12.369580   30916 structlog.go:42]   	adapters[sovrn].endpointCompression: gzip
I0820 23:05:12.370125   30916 structlog.go:42]   	adapters[mobfoxpb].aliasOf: 
I0820 23:05:12.370125   30916 structlog.go:39]   	adapters[mobfoxpb].whiteLabelOnly: false
I0820 23:05:12.370125   30916 structlog.go:39]   	adapters[mobfoxpb].disabled: false
I0820 23:05:12.370125   30916 structlog.go:42]   	adapters[mobfoxpb].endpoint: http://bes.mobfox.com/?c=__route__&m=__method__&key=__key__
I0820 23:05:12.370125   30916 structlog.go:42]   	adapters[mobfoxpb].extra_info: 
I0820 23:05:12.370667   30916 structlog.go:42]   	adapters[mobfoxpb].openrtb: <*config.OpenRTBInfo Value>
I0820 23:05:12.370667   30916 structlog.go:42]   	adapters[mobfoxpb].maintainer: <*config.MaintainerInfo Value>
I0820 23:05:12.370667   30916 structlog.go:42]   	adapters[mobfoxpb].capabilities: <*config.CapabilitiesInfo Value>
I0820 23:05:12.370667   30916 structlog.go:39]   	adapters[mobfoxpb].modifyingVastXmlAllowed: false
I0820 23:05:12.371213   30916 structlog.go:42]   	adapters[mobfoxpb].debug: <*config.DebugInfo Value>
I0820 23:05:12.371213   30916 structlog.go:35]   	adapters[mobfoxpb].gvlVendorID: 0
I0820 23:05:12.371213   30916 structlog.go:42]   	adapters[mobfoxpb].userSync: <*config.Syncer Value>
I0820 23:05:12.371758   30916 structlog.go:39]   	adapters[mobfoxpb].experiment.adsCert.enabled: false
I0820 23:05:12.371758   30916 structlog.go:42]   	adapters[mobfoxpb].xapi.username: 
I0820 23:05:12.372333   30916 structlog.go:56]   	adapters[mobfoxpb].xapi.password: <REDACTED>
I0820 23:05:12.372333   30916 structlog.go:42]   	adapters[mobfoxpb].xapi.tracker: 
I0820 23:05:12.372861   30916 structlog.go:42]   	adapters[mobfoxpb].platform_id: 
I0820 23:05:12.372861   30916 structlog.go:42]   	adapters[mobfoxpb].app_secret: 
I0820 23:05:12.372861   30916 structlog.go:42]   	adapters[mobfoxpb].endpointCompression: 
I0820 23:05:12.373392   30916 structlog.go:42]   	adapters[adtarget].aliasOf: 
I0820 23:05:12.373392   30916 structlog.go:39]   	adapters[adtarget].whiteLabelOnly: false
I0820 23:05:12.373924   30916 structlog.go:39]   	adapters[adtarget].disabled: false
I0820 23:05:12.373924   30916 structlog.go:42]   	adapters[adtarget].endpoint: http://ghb.console.adtarget.com.tr/pbs/ortb
I0820 23:05:12.374482   30916 structlog.go:42]   	adapters[adtarget].extra_info: 
I0820 23:05:12.374482   30916 structlog.go:42]   	adapters[adtarget].openrtb: <*config.OpenRTBInfo Value>
I0820 23:05:12.374482   30916 structlog.go:42]   	adapters[adtarget].maintainer: <*config.MaintainerInfo Value>
I0820 23:05:12.374991   30916 structlog.go:42]   	adapters[adtarget].capabilities: <*config.CapabilitiesInfo Value>
I0820 23:05:12.374991   30916 structlog.go:39]   	adapters[adtarget].modifyingVastXmlAllowed: false
I0820 23:05:12.375543   30916 structlog.go:42]   	adapters[adtarget].debug: <*config.DebugInfo Value>
I0820 23:05:12.375543   30916 structlog.go:35]   	adapters[adtarget].gvlVendorID: 779
I0820 23:05:12.376056   30916 structlog.go:42]   	adapters[adtarget].userSync: <*config.Syncer Value>
I0820 23:05:12.376056   30916 structlog.go:39]   	adapters[adtarget].experiment.adsCert.enabled: false
I0820 23:05:12.376056   30916 structlog.go:42]   	adapters[adtarget].xapi.username: 
I0820 23:05:12.376056   30916 structlog.go:56]   	adapters[adtarget].xapi.password: <REDACTED>
I0820 23:05:12.376565   30916 structlog.go:42]   	adapters[adtarget].xapi.tracker: 
I0820 23:05:12.376565   30916 structlog.go:42]   	adapters[adtarget].platform_id: 
I0820 23:05:12.376565   30916 structlog.go:42]   	adapters[adtarget].app_secret: 
I0820 23:05:12.376565   30916 structlog.go:42]   	adapters[adtarget].endpointCompression: 
I0820 23:05:12.377073   30916 structlog.go:42]   	adapters[bmtm].aliasOf: 
I0820 23:05:12.377073   30916 structlog.go:39]   	adapters[bmtm].whiteLabelOnly: false
I0820 23:05:12.377073   30916 structlog.go:39]   	adapters[bmtm].disabled: false
I0820 23:05:12.377073   30916 structlog.go:42]   	adapters[bmtm].endpoint: https://one.elitebidder.com/api/pbs
I0820 23:05:12.377584   30916 structlog.go:42]   	adapters[bmtm].extra_info: 
I0820 23:05:12.377584   30916 structlog.go:42]   	adapters[bmtm].openrtb: <*config.OpenRTBInfo Value>
I0820 23:05:12.377584   30916 structlog.go:42]   	adapters[bmtm].maintainer: <*config.MaintainerInfo Value>
I0820 23:05:12.377584   30916 structlog.go:42]   	adapters[bmtm].capabilities: <*config.CapabilitiesInfo Value>
I0820 23:05:12.378092   30916 structlog.go:39]   	adapters[bmtm].modifyingVastXmlAllowed: false
I0820 23:05:12.378092   30916 structlog.go:42]   	adapters[bmtm].debug: <*config.DebugInfo Value>
I0820 23:05:12.378092   30916 structlog.go:35]   	adapters[bmtm].gvlVendorID: 0
I0820 23:05:12.378092   30916 structlog.go:42]   	adapters[bmtm].userSync: <*config.Syncer Value>
I0820 23:05:12.378600   30916 structlog.go:39]   	adapters[bmtm].experiment.adsCert.enabled: false
I0820 23:05:12.378600   30916 structlog.go:42]   	adapters[bmtm].xapi.username: 
I0820 23:05:12.378600   30916 structlog.go:56]   	adapters[bmtm].xapi.password: <REDACTED>
I0820 23:05:12.378600   30916 structlog.go:42]   	adapters[bmtm].xapi.tracker: 
I0820 23:05:12.379109   30916 structlog.go:42]   	adapters[bmtm].platform_id: 
I0820 23:05:12.379109   30916 structlog.go:42]   	adapters[bmtm].app_secret: 
I0820 23:05:12.379109   30916 structlog.go:42]   	adapters[bmtm].endpointCompression: 
I0820 23:05:12.379619   30916 structlog.go:42]   	adapters[bematterfull].aliasOf: 
I0820 23:05:12.379619   30916 structlog.go:39]   	adapters[bematterfull].whiteLabelOnly: false
I0820 23:05:12.379619   30916 structlog.go:39]   	adapters[bematterfull].disabled: false
I0820 23:05:12.380131   30916 structlog.go:42]   	adapters[bematterfull].endpoint: http://prebid-srv.mtflll-system.live/?pid={{.SourceId}}&host={{.Host}}
I0820 23:05:12.380131   30916 structlog.go:42]   	adapters[bematterfull].extra_info: 
I0820 23:05:12.380131   30916 structlog.go:42]   	adapters[bematterfull].openrtb: <*config.OpenRTBInfo Value>
I0820 23:05:12.380640   30916 structlog.go:42]   	adapters[bematterfull].maintainer: <*config.MaintainerInfo Value>
I0820 23:05:12.380640   30916 structlog.go:42]   	adapters[bematterfull].capabilities: <*config.CapabilitiesInfo Value>
I0820 23:05:12.380640   30916 structlog.go:39]   	adapters[bematterfull].modifyingVastXmlAllowed: false
I0820 23:05:12.381148   30916 structlog.go:42]   	adapters[bematterfull].debug: <*config.DebugInfo Value>
I0820 23:05:12.381148   30916 structlog.go:35]   	adapters[bematterfull].gvlVendorID: 0
I0820 23:05:12.381782   30916 structlog.go:42]   	adapters[bematterfull].userSync: <*config.Syncer Value>
I0820 23:05:12.381782   30916 structlog.go:39]   	adapters[bematterfull].experiment.adsCert.enabled: false
I0820 23:05:12.382285   30916 structlog.go:42]   	adapters[bematterfull].xapi.username: 
I0820 23:05:12.382285   30916 structlog.go:56]   	adapters[bematterfull].xapi.password: <REDACTED>
I0820 23:05:12.382828   30916 structlog.go:42]   	adapters[bematterfull].xapi.tracker: 
I0820 23:05:12.382828   30916 structlog.go:42]   	adapters[bematterfull].platform_id: 
I0820 23:05:12.382828   30916 structlog.go:42]   	adapters[bematterfull].app_secret: 
I0820 23:05:12.383375   30916 structlog.go:42]   	adapters[bematterfull].endpointCompression: 
I0820 23:05:12.383375   30916 structlog.go:42]   	adapters[bcmint].aliasOf: aso
I0820 23:05:12.383375   30916 structlog.go:39]   	adapters[bcmint].whiteLabelOnly: false
I0820 23:05:12.383375   30916 structlog.go:39]   	adapters[bcmint].disabled: false
I0820 23:05:12.383950   30916 structlog.go:42]   	adapters[bcmint].endpoint: https://srv.datacygnal.io/pbs/bidder?zid={{.ZoneID}}
I0820 23:05:12.383950   30916 structlog.go:42]   	adapters[bcmint].extra_info: 
I0820 23:05:12.384461   30916 structlog.go:42]   	adapters[bcmint].openrtb: <*config.OpenRTBInfo Value>
I0820 23:05:12.384586   30916 structlog.go:42]   	adapters[bcmint].maintainer: <*config.MaintainerInfo Value>
I0820 23:05:12.384586   30916 structlog.go:42]   	adapters[bcmint].capabilities: <*config.CapabilitiesInfo Value>
I0820 23:05:12.384586   30916 structlog.go:39]   	adapters[bcmint].modifyingVastXmlAllowed: false
I0820 23:05:12.385095   30916 structlog.go:42]   	adapters[bcmint].debug: <*config.DebugInfo Value>
I0820 23:05:12.385095   30916 structlog.go:35]   	adapters[bcmint].gvlVendorID: 0
I0820 23:05:12.385095   30916 structlog.go:42]   	adapters[bcmint].userSync: <*config.Syncer Value>
I0820 23:05:12.385606   30916 structlog.go:39]   	adapters[bcmint].experiment.adsCert.enabled: false
I0820 23:05:12.385606   30916 structlog.go:42]   	adapters[bcmint].xapi.username: 
I0820 23:05:12.385606   30916 structlog.go:56]   	adapters[bcmint].xapi.password: <REDACTED>
I0820 23:05:12.385606   30916 structlog.go:42]   	adapters[bcmint].xapi.tracker: 
I0820 23:05:12.385606   30916 structlog.go:42]   	adapters[bcmint].platform_id: 
I0820 23:05:12.386116   30916 structlog.go:42]   	adapters[bcmint].app_secret: 
I0820 23:05:12.386116   30916 structlog.go:42]   	adapters[bcmint].endpointCompression: 
I0820 23:05:12.386116   30916 structlog.go:42]   	adapters[streamvision].aliasOf: limelightDigital
I0820 23:05:12.386116   30916 structlog.go:39]   	adapters[streamvision].whiteLabelOnly: false
I0820 23:05:12.386625   30916 structlog.go:39]   	adapters[streamvision].disabled: false
I0820 23:05:12.386625   30916 structlog.go:42]   	adapters[streamvision].endpoint: http://ads-pbs.adops.streamvisionmedia.com/openrtb/{{.PublisherID}}?host={{.Host}}
I0820 23:05:12.386625   30916 structlog.go:42]   	adapters[streamvision].extra_info: 
I0820 23:05:12.386625   30916 structlog.go:42]   	adapters[streamvision].openrtb: <*config.OpenRTBInfo Value>
I0820 23:05:12.387134   30916 structlog.go:42]   	adapters[streamvision].maintainer: <*config.MaintainerInfo Value>
I0820 23:05:12.387134   30916 structlog.go:42]   	adapters[streamvision].capabilities: <*config.CapabilitiesInfo Value>
I0820 23:05:12.387134   30916 structlog.go:39]   	adapters[streamvision].modifyingVastXmlAllowed: false
I0820 23:05:12.387675   30916 structlog.go:42]   	adapters[streamvision].debug: <*config.DebugInfo Value>
I0820 23:05:12.387675   30916 structlog.go:35]   	adapters[streamvision].gvlVendorID: 0
I0820 23:05:12.388186   30916 structlog.go:42]   	adapters[streamvision].userSync: <*config.Syncer Value>
I0820 23:05:12.388186   30916 structlog.go:39]   	adapters[streamvision].experiment.adsCert.enabled: false
I0820 23:05:12.388701   30916 structlog.go:42]   	adapters[streamvision].xapi.username: 
I0820 23:05:12.388701   30916 structlog.go:56]   	adapters[streamvision].xapi.password: <REDACTED>
I0820 23:05:12.388701   30916 structlog.go:42]   	adapters[streamvision].xapi.tracker: 
I0820 23:05:12.389215   30916 structlog.go:42]   	adapters[streamvision].platform_id: 
I0820 23:05:12.389215   30916 structlog.go:42]   	adapters[streamvision].app_secret: 
I0820 23:05:12.389215   30916 structlog.go:42]   	adapters[streamvision].endpointCompression: 
I0820 23:05:12.389731   30916 structlog.go:42]   	adapters[huaweiads].aliasOf: 
I0820 23:05:12.389731   30916 structlog.go:39]   	adapters[huaweiads].whiteLabelOnly: false
I0820 23:05:12.389731   30916 structlog.go:39]   	adapters[huaweiads].disabled: true
I0820 23:05:12.389731   30916 structlog.go:42]   	adapters[huaweiads].endpoint: https://acd.op.hicloud.com/ppsadx/getResult
I0820 23:05:12.390259   30916 structlog.go:42]   	adapters[huaweiads].extra_info: 
I0820 23:05:12.390259   30916 structlog.go:42]   	adapters[huaweiads].openrtb: <*config.OpenRTBInfo Value>
I0820 23:05:12.390259   30916 structlog.go:42]   	adapters[huaweiads].maintainer: <*config.MaintainerInfo Value>
I0820 23:05:12.390259   30916 structlog.go:42]   	adapters[huaweiads].capabilities: <*config.CapabilitiesInfo Value>
I0820 23:05:12.390770   30916 structlog.go:39]   	adapters[huaweiads].modifyingVastXmlAllowed: true
I0820 23:05:12.390770   30916 structlog.go:42]   	adapters[huaweiads].debug: <*config.DebugInfo Value>
I0820 23:05:12.390770   30916 structlog.go:35]   	adapters[huaweiads].gvlVendorID: 856
I0820 23:05:12.391284   30916 structlog.go:42]   	adapters[huaweiads].userSync: <*config.Syncer Value>
I0820 23:05:12.391284   30916 structlog.go:39]   	adapters[huaweiads].experiment.adsCert.enabled: false
I0820 23:05:12.391284   30916 structlog.go:42]   	adapters[huaweiads].xapi.username: 
I0820 23:05:12.391795   30916 structlog.go:56]   	adapters[huaweiads].xapi.password: <REDACTED>
I0820 23:05:12.391795   30916 structlog.go:42]   	adapters[huaweiads].xapi.tracker: 
I0820 23:05:12.391795   30916 structlog.go:42]   	adapters[huaweiads].platform_id: 
I0820 23:05:12.392326   30916 structlog.go:42]   	adapters[huaweiads].app_secret: 
I0820 23:05:12.392326   30916 structlog.go:42]   	adapters[huaweiads].endpointCompression: 
I0820 23:05:12.392326   30916 structlog.go:42]   	adapters[janet].aliasOf: adtelligent
I0820 23:05:12.392854   30916 structlog.go:39]   	adapters[janet].whiteLabelOnly: false
I0820 23:05:12.392854   30916 structlog.go:39]   	adapters[janet].disabled: false
I0820 23:05:12.392854   30916 structlog.go:42]   	adapters[janet].endpoint: http://ghb.bidder.jmgads.com/pbs/ortb
I0820 23:05:12.392854   30916 structlog.go:42]   	adapters[janet].extra_info: 
I0820 23:05:12.392854   30916 structlog.go:42]   	adapters[janet].openrtb: <*config.OpenRTBInfo Value>
I0820 23:05:12.392854   30916 structlog.go:42]   	adapters[janet].maintainer: <*config.MaintainerInfo Value>
I0820 23:05:12.393853   30916 structlog.go:42]   	adapters[janet].capabilities: <*config.CapabilitiesInfo Value>
I0820 23:05:12.393853   30916 structlog.go:39]   	adapters[janet].modifyingVastXmlAllowed: false
I0820 23:05:12.393853   30916 structlog.go:42]   	adapters[janet].debug: <*config.DebugInfo Value>
I0820 23:05:12.393853   30916 structlog.go:35]   	adapters[janet].gvlVendorID: 410
I0820 23:05:12.393853   30916 structlog.go:42]   	adapters[janet].userSync: <*config.Syncer Value>
I0820 23:05:12.394851   30916 structlog.go:39]   	adapters[janet].experiment.adsCert.enabled: false
I0820 23:05:12.394851   30916 structlog.go:42]   	adapters[janet].xapi.username: 
I0820 23:05:12.394851   30916 structlog.go:56]   	adapters[janet].xapi.password: <REDACTED>
I0820 23:05:12.394851   30916 structlog.go:42]   	adapters[janet].xapi.tracker: 
I0820 23:05:12.394851   30916 structlog.go:42]   	adapters[janet].platform_id: 
I0820 23:05:12.394851   30916 structlog.go:42]   	adapters[janet].app_secret: 
I0820 23:05:12.395848   30916 structlog.go:42]   	adapters[janet].endpointCompression: 
I0820 23:05:12.395848   30916 structlog.go:42]   	adapters[adpone].aliasOf: 
I0820 23:05:12.395848   30916 structlog.go:39]   	adapters[adpone].whiteLabelOnly: false
I0820 23:05:12.395848   30916 structlog.go:39]   	adapters[adpone].disabled: false
I0820 23:05:12.396854   30916 structlog.go:42]   	adapters[adpone].endpoint: http://rtb.adpone.com/bid-request?src=prebid_server
I0820 23:05:12.396854   30916 structlog.go:42]   	adapters[adpone].extra_info: 
I0820 23:05:12.396854   30916 structlog.go:42]   	adapters[adpone].openrtb: <*config.OpenRTBInfo Value>
I0820 23:05:12.396854   30916 structlog.go:42]   	adapters[adpone].maintainer: <*config.MaintainerInfo Value>
I0820 23:05:12.396854   30916 structlog.go:42]   	adapters[adpone].capabilities: <*config.CapabilitiesInfo Value>
I0820 23:05:12.397844   30916 structlog.go:39]   	adapters[adpone].modifyingVastXmlAllowed: false
I0820 23:05:12.397844   30916 structlog.go:42]   	adapters[adpone].debug: <*config.DebugInfo Value>
I0820 23:05:12.397844   30916 structlog.go:35]   	adapters[adpone].gvlVendorID: 799
I0820 23:05:12.397844   30916 structlog.go:42]   	adapters[adpone].userSync: <*config.Syncer Value>
I0820 23:05:12.397844   30916 structlog.go:39]   	adapters[adpone].experiment.adsCert.enabled: false
I0820 23:05:12.398841   30916 structlog.go:42]   	adapters[adpone].xapi.username: 
I0820 23:05:12.398841   30916 structlog.go:56]   	adapters[adpone].xapi.password: <REDACTED>
I0820 23:05:12.398841   30916 structlog.go:42]   	adapters[adpone].xapi.tracker: 
I0820 23:05:12.399352   30916 structlog.go:42]   	adapters[adpone].platform_id: 
I0820 23:05:12.399539   30916 structlog.go:42]   	adapters[adpone].app_secret: 
I0820 23:05:12.399763   30916 structlog.go:42]   	adapters[adpone].endpointCompression: 
I0820 23:05:12.399910   30916 structlog.go:42]   	adapters[improvedigital].aliasOf: 
I0820 23:05:12.400049   30916 structlog.go:39]   	adapters[improvedigital].whiteLabelOnly: false
I0820 23:05:12.400181   30916 structlog.go:39]   	adapters[improvedigital].disabled: false
I0820 23:05:12.400310   30916 structlog.go:42]   	adapters[improvedigital].endpoint: http://ad.360yield.com/{PublisherId}pbs
I0820 23:05:12.400437   30916 structlog.go:42]   	adapters[improvedigital].extra_info: 
I0820 23:05:12.400564   30916 structlog.go:42]   	adapters[improvedigital].openrtb: <*config.OpenRTBInfo Value>
I0820 23:05:12.400689   30916 structlog.go:42]   	adapters[improvedigital].maintainer: <*config.MaintainerInfo Value>
I0820 23:05:12.400815   30916 structlog.go:42]   	adapters[improvedigital].capabilities: <*config.CapabilitiesInfo Value>
I0820 23:05:12.400941   30916 structlog.go:39]   	adapters[improvedigital].modifyingVastXmlAllowed: false
I0820 23:05:12.401069   30916 structlog.go:42]   	adapters[improvedigital].debug: <*config.DebugInfo Value>
I0820 23:05:12.401198   30916 structlog.go:35]   	adapters[improvedigital].gvlVendorID: 253
I0820 23:05:12.401268   30916 structlog.go:42]   	adapters[improvedigital].userSync: <*config.Syncer Value>
I0820 23:05:12.401268   30916 structlog.go:39]   	adapters[improvedigital].experiment.adsCert.enabled: false
I0820 23:05:12.401268   30916 structlog.go:42]   	adapters[improvedigital].xapi.username: 
I0820 23:05:12.401268   30916 structlog.go:56]   	adapters[improvedigital].xapi.password: <REDACTED>
I0820 23:05:12.401268   30916 structlog.go:42]   	adapters[improvedigital].xapi.tracker: 
I0820 23:05:12.401268   30916 structlog.go:42]   	adapters[improvedigital].platform_id: 
I0820 23:05:12.401268   30916 structlog.go:42]   	adapters[improvedigital].app_secret: 
I0820 23:05:12.401268   30916 structlog.go:42]   	adapters[improvedigital].endpointCompression: GZIP
I0820 23:05:12.402525   30916 structlog.go:42]   	adapters[inmobi].aliasOf: 
I0820 23:05:12.402774   30916 structlog.go:39]   	adapters[inmobi].whiteLabelOnly: false
I0820 23:05:12.402993   30916 structlog.go:39]   	adapters[inmobi].disabled: false
I0820 23:05:12.402993   30916 structlog.go:42]   	adapters[inmobi].endpoint: https://api.w.inmobi.com/showad/openrtb/bidder/prebid
I0820 23:05:12.402993   30916 structlog.go:42]   	adapters[inmobi].extra_info: 
I0820 23:05:12.402993   30916 structlog.go:42]   	adapters[inmobi].openrtb: <*config.OpenRTBInfo Value>
I0820 23:05:12.402993   30916 structlog.go:42]   	adapters[inmobi].maintainer: <*config.MaintainerInfo Value>
I0820 23:05:12.402993   30916 structlog.go:42]   	adapters[inmobi].capabilities: <*config.CapabilitiesInfo Value>
I0820 23:05:12.402993   30916 structlog.go:39]   	adapters[inmobi].modifyingVastXmlAllowed: false
I0820 23:05:12.403978   30916 structlog.go:42]   	adapters[inmobi].debug: <*config.DebugInfo Value>
I0820 23:05:12.404353   30916 structlog.go:35]   	adapters[inmobi].gvlVendorID: 333
I0820 23:05:12.404515   30916 structlog.go:42]   	adapters[inmobi].userSync: <*config.Syncer Value>
I0820 23:05:12.404649   30916 structlog.go:39]   	adapters[inmobi].experiment.adsCert.enabled: false
I0820 23:05:12.404967   30916 structlog.go:42]   	adapters[inmobi].xapi.username: 
I0820 23:05:12.405263   30916 structlog.go:56]   	adapters[inmobi].xapi.password: <REDACTED>
I0820 23:05:12.405506   30916 structlog.go:42]   	adapters[inmobi].xapi.tracker: 
I0820 23:05:12.405746   30916 structlog.go:42]   	adapters[inmobi].platform_id: 
I0820 23:05:12.405985   30916 structlog.go:42]   	adapters[inmobi].app_secret: 
I0820 23:05:12.406202   30916 structlog.go:42]   	adapters[inmobi].endpointCompression: 
I0820 23:05:12.406356   30916 structlog.go:42]   	adapters[lm_kiviads].aliasOf: 
I0820 23:05:12.406491   30916 structlog.go:39]   	adapters[lm_kiviads].whiteLabelOnly: false
I0820 23:05:12.406698   30916 structlog.go:39]   	adapters[lm_kiviads].disabled: false
I0820 23:05:12.406915   30916 structlog.go:42]   	adapters[lm_kiviads].endpoint: http://pbs.kiviads.live/?pid={{.SourceId}}&host={{.Host}}
I0820 23:05:12.407137   30916 structlog.go:42]   	adapters[lm_kiviads].extra_info: 
I0820 23:05:12.407371   30916 structlog.go:42]   	adapters[lm_kiviads].openrtb: <*config.OpenRTBInfo Value>
I0820 23:05:12.407618   30916 structlog.go:42]   	adapters[lm_kiviads].maintainer: <*config.MaintainerInfo Value>
I0820 23:05:12.407810   30916 structlog.go:42]   	adapters[lm_kiviads].capabilities: <*config.CapabilitiesInfo Value>
I0820 23:05:12.407939   30916 structlog.go:39]   	adapters[lm_kiviads].modifyingVastXmlAllowed: false
I0820 23:05:12.408065   30916 structlog.go:42]   	adapters[lm_kiviads].debug: <*config.DebugInfo Value>
I0820 23:05:12.408190   30916 structlog.go:35]   	adapters[lm_kiviads].gvlVendorID: 0
I0820 23:05:12.408314   30916 structlog.go:42]   	adapters[lm_kiviads].userSync: <*config.Syncer Value>
I0820 23:05:12.408438   30916 structlog.go:39]   	adapters[lm_kiviads].experiment.adsCert.enabled: false
I0820 23:05:12.408565   30916 structlog.go:42]   	adapters[lm_kiviads].xapi.username: 
I0820 23:05:12.408684   30916 structlog.go:56]   	adapters[lm_kiviads].xapi.password: <REDACTED>
I0820 23:05:12.408809   30916 structlog.go:42]   	adapters[lm_kiviads].xapi.tracker: 
I0820 23:05:12.408933   30916 structlog.go:42]   	adapters[lm_kiviads].platform_id: 
I0820 23:05:12.409055   30916 structlog.go:42]   	adapters[lm_kiviads].app_secret: 
I0820 23:05:12.409178   30916 structlog.go:42]   	adapters[lm_kiviads].endpointCompression: 
I0820 23:05:12.409301   30916 structlog.go:42]   	adapters[adhese].aliasOf: 
I0820 23:05:12.409423   30916 structlog.go:39]   	adapters[adhese].whiteLabelOnly: false
I0820 23:05:12.409548   30916 structlog.go:39]   	adapters[adhese].disabled: false
I0820 23:05:12.409687   30916 structlog.go:42]   	adapters[adhese].endpoint: https://ads-{{.AccountID}}.adhese.com/openrtb2
I0820 23:05:12.409813   30916 structlog.go:42]   	adapters[adhese].extra_info: 
I0820 23:05:12.409936   30916 structlog.go:42]   	adapters[adhese].openrtb: <*config.OpenRTBInfo Value>
I0820 23:05:12.410059   30916 structlog.go:42]   	adapters[adhese].maintainer: <*config.MaintainerInfo Value>
I0820 23:05:12.410183   30916 structlog.go:42]   	adapters[adhese].capabilities: <*config.CapabilitiesInfo Value>
I0820 23:05:12.410306   30916 structlog.go:39]   	adapters[adhese].modifyingVastXmlAllowed: true
I0820 23:05:12.410433   30916 structlog.go:42]   	adapters[adhese].debug: <*config.DebugInfo Value>
I0820 23:05:12.410556   30916 structlog.go:35]   	adapters[adhese].gvlVendorID: 553
I0820 23:05:12.410680   30916 structlog.go:42]   	adapters[adhese].userSync: <*config.Syncer Value>
I0820 23:05:12.410805   30916 structlog.go:39]   	adapters[adhese].experiment.adsCert.enabled: false
I0820 23:05:12.410931   30916 structlog.go:42]   	adapters[adhese].xapi.username: 
I0820 23:05:12.411055   30916 structlog.go:56]   	adapters[adhese].xapi.password: <REDACTED>
I0820 23:05:12.411178   30916 structlog.go:42]   	adapters[adhese].xapi.tracker: 
I0820 23:05:12.411304   30916 structlog.go:42]   	adapters[adhese].platform_id: 
I0820 23:05:12.411426   30916 structlog.go:42]   	adapters[adhese].app_secret: 
I0820 23:05:12.411548   30916 structlog.go:42]   	adapters[adhese].endpointCompression: 
I0820 23:05:12.411671   30916 structlog.go:42]   	adapters[adxcg].aliasOf: 
I0820 23:05:12.411795   30916 structlog.go:39]   	adapters[adxcg].whiteLabelOnly: false
I0820 23:05:12.411795   30916 structlog.go:39]   	adapters[adxcg].disabled: true
I0820 23:05:12.411795   30916 structlog.go:42]   	adapters[adxcg].endpoint: 
I0820 23:05:12.411795   30916 structlog.go:42]   	adapters[adxcg].extra_info: 
I0820 23:05:12.411795   30916 structlog.go:42]   	adapters[adxcg].openrtb: <*config.OpenRTBInfo Value>
I0820 23:05:12.411795   30916 structlog.go:42]   	adapters[adxcg].maintainer: <*config.MaintainerInfo Value>
I0820 23:05:12.411795   30916 structlog.go:42]   	adapters[adxcg].capabilities: <*config.CapabilitiesInfo Value>
I0820 23:05:12.412794   30916 structlog.go:39]   	adapters[adxcg].modifyingVastXmlAllowed: false
I0820 23:05:12.412794   30916 structlog.go:42]   	adapters[adxcg].debug: <*config.DebugInfo Value>
I0820 23:05:12.412794   30916 structlog.go:35]   	adapters[adxcg].gvlVendorID: 0
I0820 23:05:12.413800   30916 structlog.go:42]   	adapters[adxcg].userSync: <*config.Syncer Value>
I0820 23:05:12.413800   30916 structlog.go:39]   	adapters[adxcg].experiment.adsCert.enabled: false
I0820 23:05:12.413800   30916 structlog.go:42]   	adapters[adxcg].xapi.username: 
I0820 23:05:12.413800   30916 structlog.go:56]   	adapters[adxcg].xapi.password: <REDACTED>
I0820 23:05:12.414789   30916 structlog.go:42]   	adapters[adxcg].xapi.tracker: 
I0820 23:05:12.414789   30916 structlog.go:42]   	adapters[adxcg].platform_id: 
I0820 23:05:12.415787   30916 structlog.go:42]   	adapters[adxcg].app_secret: 
I0820 23:05:12.415787   30916 structlog.go:42]   	adapters[adxcg].endpointCompression: 
I0820 23:05:12.415787   30916 structlog.go:42]   	adapters[adview].aliasOf: 
I0820 23:05:12.415787   30916 structlog.go:39]   	adapters[adview].whiteLabelOnly: false
I0820 23:05:12.416784   30916 structlog.go:39]   	adapters[adview].disabled: false
I0820 23:05:12.416784   30916 structlog.go:42]   	adapters[adview].endpoint: https://bid.adview.com/agent/thirdAdxService/{{.AccountID}}
I0820 23:05:12.416784   30916 structlog.go:42]   	adapters[adview].extra_info: 
I0820 23:05:12.416784   30916 structlog.go:42]   	adapters[adview].openrtb: <*config.OpenRTBInfo Value>
I0820 23:05:12.417781   30916 structlog.go:42]   	adapters[adview].maintainer: <*config.MaintainerInfo Value>
I0820 23:05:12.417781   30916 structlog.go:42]   	adapters[adview].capabilities: <*config.CapabilitiesInfo Value>
I0820 23:05:12.417781   30916 structlog.go:39]   	adapters[adview].modifyingVastXmlAllowed: true
I0820 23:05:12.418778   30916 structlog.go:42]   	adapters[adview].debug: <*config.DebugInfo Value>
I0820 23:05:12.418778   30916 structlog.go:35]   	adapters[adview].gvlVendorID: 1022
I0820 23:05:12.418778   30916 structlog.go:42]   	adapters[adview].userSync: <*config.Syncer Value>
I0820 23:05:12.418778   30916 structlog.go:39]   	adapters[adview].experiment.adsCert.enabled: false
I0820 23:05:12.418778   30916 structlog.go:42]   	adapters[adview].xapi.username: 
I0820 23:05:12.418778   30916 structlog.go:56]   	adapters[adview].xapi.password: <REDACTED>
I0820 23:05:12.418778   30916 structlog.go:42]   	adapters[adview].xapi.tracker: 
I0820 23:05:12.418778   30916 structlog.go:42]   	adapters[adview].platform_id: 
I0820 23:05:12.419776   30916 structlog.go:42]   	adapters[adview].app_secret: 
I0820 23:05:12.419776   30916 structlog.go:42]   	adapters[adview].endpointCompression: gzip
I0820 23:05:12.419776   30916 structlog.go:42]   	adapters[connatix].aliasOf: 
I0820 23:05:12.419776   30916 structlog.go:39]   	adapters[connatix].whiteLabelOnly: false
I0820 23:05:12.419776   30916 structlog.go:39]   	adapters[connatix].disabled: false
I0820 23:05:12.419776   30916 structlog.go:42]   	adapters[connatix].endpoint: https://capi.connatix.com/rtb/ortb
I0820 23:05:12.420773   30916 structlog.go:42]   	adapters[connatix].extra_info: 
I0820 23:05:12.420773   30916 structlog.go:42]   	adapters[connatix].openrtb: <*config.OpenRTBInfo Value>
I0820 23:05:12.420773   30916 structlog.go:42]   	adapters[connatix].maintainer: <*config.MaintainerInfo Value>
I0820 23:05:12.420773   30916 structlog.go:42]   	adapters[connatix].capabilities: <*config.CapabilitiesInfo Value>
I0820 23:05:12.420773   30916 structlog.go:39]   	adapters[connatix].modifyingVastXmlAllowed: false
I0820 23:05:12.421770   30916 structlog.go:42]   	adapters[connatix].debug: <*config.DebugInfo Value>
I0820 23:05:12.421770   30916 structlog.go:35]   	adapters[connatix].gvlVendorID: 143
I0820 23:05:12.421770   30916 structlog.go:42]   	adapters[connatix].userSync: <*config.Syncer Value>
I0820 23:05:12.421770   30916 structlog.go:39]   	adapters[connatix].experiment.adsCert.enabled: false
I0820 23:05:12.421770   30916 structlog.go:42]   	adapters[connatix].xapi.username: 
I0820 23:05:12.422768   30916 structlog.go:56]   	adapters[connatix].xapi.password: <REDACTED>
I0820 23:05:12.422768   30916 structlog.go:42]   	adapters[connatix].xapi.tracker: 
I0820 23:05:12.422768   30916 structlog.go:42]   	adapters[connatix].platform_id: 
I0820 23:05:12.422768   30916 structlog.go:42]   	adapters[connatix].app_secret: 
I0820 23:05:12.422768   30916 structlog.go:42]   	adapters[connatix].endpointCompression: 
I0820 23:05:12.423764   30916 structlog.go:42]   	adapters[emtv].aliasOf: 
I0820 23:05:12.423764   30916 structlog.go:39]   	adapters[emtv].whiteLabelOnly: false
I0820 23:05:12.423764   30916 structlog.go:39]   	adapters[emtv].disabled: false
I0820 23:05:12.423764   30916 structlog.go:42]   	adapters[emtv].endpoint: https://us-east-ep.engagemedia.tv/pserver
I0820 23:05:12.423764   30916 structlog.go:42]   	adapters[emtv].extra_info: 
I0820 23:05:12.423764   30916 structlog.go:42]   	adapters[emtv].openrtb: <*config.OpenRTBInfo Value>
I0820 23:05:12.423764   30916 structlog.go:42]   	adapters[emtv].maintainer: <*config.MaintainerInfo Value>
I0820 23:05:12.423764   30916 structlog.go:42]   	adapters[emtv].capabilities: <*config.CapabilitiesInfo Value>
I0820 23:05:12.424762   30916 structlog.go:39]   	adapters[emtv].modifyingVastXmlAllowed: false
I0820 23:05:12.424762   30916 structlog.go:42]   	adapters[emtv].debug: <*config.DebugInfo Value>
I0820 23:05:12.424762   30916 structlog.go:35]   	adapters[emtv].gvlVendorID: 0
I0820 23:05:12.424762   30916 structlog.go:42]   	adapters[emtv].userSync: <*config.Syncer Value>
I0820 23:05:12.424762   30916 structlog.go:39]   	adapters[emtv].experiment.adsCert.enabled: false
I0820 23:05:12.424762   30916 structlog.go:42]   	adapters[emtv].xapi.username: 
I0820 23:05:12.424762   30916 structlog.go:56]   	adapters[emtv].xapi.password: <REDACTED>
I0820 23:05:12.425759   30916 structlog.go:42]   	adapters[emtv].xapi.tracker: 
I0820 23:05:12.425759   30916 structlog.go:42]   	adapters[emtv].platform_id: 
I0820 23:05:12.425759   30916 structlog.go:42]   	adapters[emtv].app_secret: 
I0820 23:05:12.425759   30916 structlog.go:42]   	adapters[emtv].endpointCompression: 
I0820 23:05:12.426513   30916 structlog.go:42]   	adapters[aceex].aliasOf: 
I0820 23:05:12.427035   30916 structlog.go:39]   	adapters[aceex].whiteLabelOnly: false
I0820 23:05:12.427168   30916 structlog.go:39]   	adapters[aceex].disabled: false
I0820 23:05:12.427168   30916 structlog.go:42]   	adapters[aceex].endpoint: http://bl-us.aceex.io/?uqhash={{.AccountID}}
I0820 23:05:12.427671   30916 structlog.go:42]   	adapters[aceex].extra_info: 
I0820 23:05:12.427671   30916 structlog.go:42]   	adapters[aceex].openrtb: <*config.OpenRTBInfo Value>
I0820 23:05:12.427671   30916 structlog.go:42]   	adapters[aceex].maintainer: <*config.MaintainerInfo Value>
I0820 23:05:12.428186   30916 structlog.go:42]   	adapters[aceex].capabilities: <*config.CapabilitiesInfo Value>
I0820 23:05:12.428186   30916 structlog.go:39]   	adapters[aceex].modifyingVastXmlAllowed: false
I0820 23:05:12.428186   30916 structlog.go:42]   	adapters[aceex].debug: <*config.DebugInfo Value>
I0820 23:05:12.428186   30916 structlog.go:35]   	adapters[aceex].gvlVendorID: 0
I0820 23:05:12.428713   30916 structlog.go:42]   	adapters[aceex].userSync: <*config.Syncer Value>
I0820 23:05:12.428713   30916 structlog.go:39]   	adapters[aceex].experiment.adsCert.enabled: false
I0820 23:05:12.429228   30916 structlog.go:42]   	adapters[aceex].xapi.username: 
I0820 23:05:12.429228   30916 structlog.go:56]   	adapters[aceex].xapi.password: <REDACTED>
I0820 23:05:12.429746   30916 structlog.go:42]   	adapters[aceex].xapi.tracker: 
I0820 23:05:12.429746   30916 structlog.go:42]   	adapters[aceex].platform_id: 
I0820 23:05:12.430262   30916 structlog.go:42]   	adapters[aceex].app_secret: 
I0820 23:05:12.430367   30916 structlog.go:42]   	adapters[aceex].endpointCompression: 
I0820 23:05:12.430367   30916 structlog.go:42]   	adapters[playdigo].aliasOf: 
I0820 23:05:12.430870   30916 structlog.go:39]   	adapters[playdigo].whiteLabelOnly: false
I0820 23:05:12.430870   30916 structlog.go:39]   	adapters[playdigo].disabled: false
I0820 23:05:12.430870   30916 structlog.go:42]   	adapters[playdigo].endpoint: https://server.playdigo.com/pserver
I0820 23:05:12.431396   30916 structlog.go:42]   	adapters[playdigo].extra_info: 
I0820 23:05:12.431396   30916 structlog.go:42]   	adapters[playdigo].openrtb: <*config.OpenRTBInfo Value>
I0820 23:05:12.431396   30916 structlog.go:42]   	adapters[playdigo].maintainer: <*config.MaintainerInfo Value>
I0820 23:05:12.431396   30916 structlog.go:42]   	adapters[playdigo].capabilities: <*config.CapabilitiesInfo Value>
I0820 23:05:12.431908   30916 structlog.go:39]   	adapters[playdigo].modifyingVastXmlAllowed: false
I0820 23:05:12.431908   30916 structlog.go:42]   	adapters[playdigo].debug: <*config.DebugInfo Value>
I0820 23:05:12.431908   30916 structlog.go:35]   	adapters[playdigo].gvlVendorID: 1302
I0820 23:05:12.431908   30916 structlog.go:42]   	adapters[playdigo].userSync: <*config.Syncer Value>
I0820 23:05:12.432420   30916 structlog.go:39]   	adapters[playdigo].experiment.adsCert.enabled: false
I0820 23:05:12.432420   30916 structlog.go:42]   	adapters[playdigo].xapi.username: 
I0820 23:05:12.432420   30916 structlog.go:56]   	adapters[playdigo].xapi.password: <REDACTED>
I0820 23:05:12.432931   30916 structlog.go:42]   	adapters[playdigo].xapi.tracker: 
I0820 23:05:12.432931   30916 structlog.go:42]   	adapters[playdigo].platform_id: 
I0820 23:05:12.433468   30916 structlog.go:42]   	adapters[playdigo].app_secret: 
I0820 23:05:12.433468   30916 structlog.go:42]   	adapters[playdigo].endpointCompression: 
I0820 23:05:12.433980   30916 structlog.go:42]   	adapters[teads].aliasOf: 
I0820 23:05:12.433980   30916 structlog.go:39]   	adapters[teads].whiteLabelOnly: false
I0820 23:05:12.434492   30916 structlog.go:39]   	adapters[teads].disabled: false
I0820 23:05:12.434492   30916 structlog.go:42]   	adapters[teads].endpoint: https://psrv.teads.tv/prebid-server/bid-request
I0820 23:05:12.434492   30916 structlog.go:42]   	adapters[teads].extra_info: 
I0820 23:05:12.434492   30916 structlog.go:42]   	adapters[teads].openrtb: <*config.OpenRTBInfo Value>
I0820 23:05:12.435036   30916 structlog.go:42]   	adapters[teads].maintainer: <*config.MaintainerInfo Value>
I0820 23:05:12.435036   30916 structlog.go:42]   	adapters[teads].capabilities: <*config.CapabilitiesInfo Value>
I0820 23:05:12.435036   30916 structlog.go:39]   	adapters[teads].modifyingVastXmlAllowed: false
I0820 23:05:12.435036   30916 structlog.go:42]   	adapters[teads].debug: <*config.DebugInfo Value>
I0820 23:05:12.435579   30916 structlog.go:35]   	adapters[teads].gvlVendorID: 132
I0820 23:05:12.435579   30916 structlog.go:42]   	adapters[teads].userSync: <*config.Syncer Value>
I0820 23:05:12.435579   30916 structlog.go:39]   	adapters[teads].experiment.adsCert.enabled: false
I0820 23:05:12.435579   30916 structlog.go:42]   	adapters[teads].xapi.username: 
I0820 23:05:12.436111   30916 structlog.go:56]   	adapters[teads].xapi.password: <REDACTED>
I0820 23:05:12.436111   30916 structlog.go:42]   	adapters[teads].xapi.tracker: 
I0820 23:05:12.436111   30916 structlog.go:42]   	adapters[teads].platform_id: 
I0820 23:05:12.436111   30916 structlog.go:42]   	adapters[teads].app_secret: 
I0820 23:05:12.436644   30916 structlog.go:42]   	adapters[teads].endpointCompression: 
I0820 23:05:12.436644   30916 structlog.go:42]   	adapters[felixads].aliasOf: smarthub
I0820 23:05:12.436644   30916 structlog.go:39]   	adapters[felixads].whiteLabelOnly: false
I0820 23:05:12.437177   30916 structlog.go:39]   	adapters[felixads].disabled: false
I0820 23:05:12.437177   30916 structlog.go:42]   	adapters[felixads].endpoint: https://felixads-prebid.attekmi.com/pbserver/?seat={{.AccountID}}&token={{.SourceId}}
I0820 23:05:12.437177   30916 structlog.go:42]   	adapters[felixads].extra_info: 
I0820 23:05:12.437177   30916 structlog.go:42]   	adapters[felixads].openrtb: <*config.OpenRTBInfo Value>
I0820 23:05:12.437708   30916 structlog.go:42]   	adapters[felixads].maintainer: <*config.MaintainerInfo Value>
I0820 23:05:12.437708   30916 structlog.go:42]   	adapters[felixads].capabilities: <*config.CapabilitiesInfo Value>
I0820 23:05:12.437708   30916 structlog.go:39]   	adapters[felixads].modifyingVastXmlAllowed: false
I0820 23:05:12.437708   30916 structlog.go:42]   	adapters[felixads].debug: <*config.DebugInfo Value>
I0820 23:05:12.438245   30916 structlog.go:35]   	adapters[felixads].gvlVendorID: 0
I0820 23:05:12.438245   30916 structlog.go:42]   	adapters[felixads].userSync: <*config.Syncer Value>
I0820 23:05:12.438245   30916 structlog.go:39]   	adapters[felixads].experiment.adsCert.enabled: false
I0820 23:05:12.438784   30916 structlog.go:42]   	adapters[felixads].xapi.username: 
I0820 23:05:12.438784   30916 structlog.go:56]   	adapters[felixads].xapi.password: <REDACTED>
I0820 23:05:12.438784   30916 structlog.go:42]   	adapters[felixads].xapi.tracker: 
I0820 23:05:12.438784   30916 structlog.go:42]   	adapters[felixads].platform_id: 
I0820 23:05:12.439296   30916 structlog.go:42]   	adapters[felixads].app_secret: 
I0820 23:05:12.439296   30916 structlog.go:42]   	adapters[felixads].endpointCompression: 
I0820 23:05:12.439296   30916 structlog.go:42]   	adapters[unruly].aliasOf: 
I0820 23:05:12.439296   30916 structlog.go:39]   	adapters[unruly].whiteLabelOnly: false
I0820 23:05:12.439833   30916 structlog.go:39]   	adapters[unruly].disabled: false
I0820 23:05:12.439833   30916 structlog.go:42]   	adapters[unruly].endpoint: https://targeting.unrulymedia.com/unruly_prebid_server
I0820 23:05:12.439833   30916 structlog.go:42]   	adapters[unruly].extra_info: 
I0820 23:05:12.439833   30916 structlog.go:42]   	adapters[unruly].openrtb: <*config.OpenRTBInfo Value>
I0820 23:05:12.440370   30916 structlog.go:42]   	adapters[unruly].maintainer: <*config.MaintainerInfo Value>
I0820 23:05:12.440370   30916 structlog.go:42]   	adapters[unruly].capabilities: <*config.CapabilitiesInfo Value>
I0820 23:05:12.440370   30916 structlog.go:39]   	adapters[unruly].modifyingVastXmlAllowed: false
I0820 23:05:12.440902   30916 structlog.go:42]   	adapters[unruly].debug: <*config.DebugInfo Value>
I0820 23:05:12.440902   30916 structlog.go:35]   	adapters[unruly].gvlVendorID: 36
I0820 23:05:12.440902   30916 structlog.go:42]   	adapters[unruly].userSync: <*config.Syncer Value>
I0820 23:05:12.441442   30916 structlog.go:39]   	adapters[unruly].experiment.adsCert.enabled: false
I0820 23:05:12.441500   30916 structlog.go:42]   	adapters[unruly].xapi.username: 
I0820 23:05:12.441500   30916 structlog.go:56]   	adapters[unruly].xapi.password: <REDACTED>
I0820 23:05:12.442002   30916 structlog.go:42]   	adapters[unruly].xapi.tracker: 
I0820 23:05:12.442002   30916 structlog.go:42]   	adapters[unruly].platform_id: 
I0820 23:05:12.442516   30916 structlog.go:42]   	adapters[unruly].app_secret: 
I0820 23:05:12.442516   30916 structlog.go:42]   	adapters[unruly].endpointCompression: 
I0820 23:05:12.442516   30916 structlog.go:42]   	adapters[cointraffic].aliasOf: 
I0820 23:05:12.442516   30916 structlog.go:39]   	adapters[cointraffic].whiteLabelOnly: false
I0820 23:05:12.443030   30916 structlog.go:39]   	adapters[cointraffic].disabled: false
I0820 23:05:12.443030   30916 structlog.go:42]   	adapters[cointraffic].endpoint: https://apps.adsgravity.io/pbs/v1/request
I0820 23:05:12.443552   30916 structlog.go:42]   	adapters[cointraffic].extra_info: 
I0820 23:05:12.443552   30916 structlog.go:42]   	adapters[cointraffic].openrtb: <*config.OpenRTBInfo Value>
I0820 23:05:12.443552   30916 structlog.go:42]   	adapters[cointraffic].maintainer: <*config.MaintainerInfo Value>
I0820 23:05:12.447721   30916 structlog.go:42]   	adapters[cointraffic].capabilities: <*config.CapabilitiesInfo Value>
I0820 23:05:12.447721   30916 structlog.go:39]   	adapters[cointraffic].modifyingVastXmlAllowed: false
I0820 23:05:12.449719   30916 structlog.go:42]   	adapters[cointraffic].debug: <*config.DebugInfo Value>
I0820 23:05:12.450901   30916 structlog.go:35]   	adapters[cointraffic].gvlVendorID: 0
I0820 23:05:12.451404   30916 structlog.go:42]   	adapters[cointraffic].userSync: <*config.Syncer Value>
I0820 23:05:12.451404   30916 structlog.go:39]   	adapters[cointraffic].experiment.adsCert.enabled: false
I0820 23:05:12.451404   30916 structlog.go:42]   	adapters[cointraffic].xapi.username: 
I0820 23:05:12.451404   30916 structlog.go:56]   	adapters[cointraffic].xapi.password: <REDACTED>
I0820 23:05:12.451404   30916 structlog.go:42]   	adapters[cointraffic].xapi.tracker: 
I0820 23:05:12.451404   30916 structlog.go:42]   	adapters[cointraffic].platform_id: 
I0820 23:05:12.452404   30916 structlog.go:42]   	adapters[cointraffic].app_secret: 
I0820 23:05:12.452404   30916 structlog.go:42]   	adapters[cointraffic].endpointCompression: 
I0820 23:05:12.452404   30916 structlog.go:42]   	adapters[bliink].aliasOf: 
I0820 23:05:12.452404   30916 structlog.go:39]   	adapters[bliink].whiteLabelOnly: false
I0820 23:05:12.452404   30916 structlog.go:39]   	adapters[bliink].disabled: false
I0820 23:05:12.452404   30916 structlog.go:42]   	adapters[bliink].endpoint: https://engine.bliink.io/bid
I0820 23:05:12.453401   30916 structlog.go:42]   	adapters[bliink].extra_info: 
I0820 23:05:12.453401   30916 structlog.go:42]   	adapters[bliink].openrtb: <*config.OpenRTBInfo Value>
I0820 23:05:12.453401   30916 structlog.go:42]   	adapters[bliink].maintainer: <*config.MaintainerInfo Value>
I0820 23:05:12.453401   30916 structlog.go:42]   	adapters[bliink].capabilities: <*config.CapabilitiesInfo Value>
I0820 23:05:12.453401   30916 structlog.go:39]   	adapters[bliink].modifyingVastXmlAllowed: true
I0820 23:05:12.453401   30916 structlog.go:42]   	adapters[bliink].debug: <*config.DebugInfo Value>
I0820 23:05:12.453401   30916 structlog.go:35]   	adapters[bliink].gvlVendorID: 658
I0820 23:05:12.454399   30916 structlog.go:42]   	adapters[bliink].userSync: <*config.Syncer Value>
I0820 23:05:12.455396   30916 structlog.go:39]   	adapters[bliink].experiment.adsCert.enabled: false
I0820 23:05:12.455396   30916 structlog.go:42]   	adapters[bliink].xapi.username: 
I0820 23:05:12.459385   30916 structlog.go:56]   	adapters[bliink].xapi.password: <REDACTED>
I0820 23:05:12.459385   30916 structlog.go:42]   	adapters[bliink].xapi.tracker: 
I0820 23:05:12.459385   30916 structlog.go:42]   	adapters[bliink].platform_id: 
I0820 23:05:12.459385   30916 structlog.go:42]   	adapters[bliink].app_secret: 
I0820 23:05:12.459385   30916 structlog.go:42]   	adapters[bliink].endpointCompression: 
I0820 23:05:12.460382   30916 structlog.go:42]   	adapters[smartx].aliasOf: 
I0820 23:05:12.461380   30916 structlog.go:39]   	adapters[smartx].whiteLabelOnly: false
I0820 23:05:12.461380   30916 structlog.go:39]   	adapters[smartx].disabled: false
I0820 23:05:12.461380   30916 structlog.go:42]   	adapters[smartx].endpoint: https://bid.smartclip.net/bid/1005
I0820 23:05:12.461380   30916 structlog.go:42]   	adapters[smartx].extra_info: 
I0820 23:05:12.461380   30916 structlog.go:42]   	adapters[smartx].openrtb: <*config.OpenRTBInfo Value>
I0820 23:05:12.463375   30916 structlog.go:42]   	adapters[smartx].maintainer: <*config.MaintainerInfo Value>
I0820 23:05:12.463375   30916 structlog.go:42]   	adapters[smartx].capabilities: <*config.CapabilitiesInfo Value>
I0820 23:05:12.463375   30916 structlog.go:39]   	adapters[smartx].modifyingVastXmlAllowed: false
I0820 23:05:12.463375   30916 structlog.go:42]   	adapters[smartx].debug: <*config.DebugInfo Value>
I0820 23:05:12.463375   30916 structlog.go:35]   	adapters[smartx].gvlVendorID: 115
I0820 23:05:12.463375   30916 structlog.go:42]   	adapters[smartx].userSync: <*config.Syncer Value>
I0820 23:05:12.464372   30916 structlog.go:39]   	adapters[smartx].experiment.adsCert.enabled: false
I0820 23:05:12.464372   30916 structlog.go:42]   	adapters[smartx].xapi.username: 
I0820 23:05:12.464372   30916 structlog.go:56]   	adapters[smartx].xapi.password: <REDACTED>
I0820 23:05:12.464372   30916 structlog.go:42]   	adapters[smartx].xapi.tracker: 
I0820 23:05:12.464372   30916 structlog.go:42]   	adapters[smartx].platform_id: 
I0820 23:05:12.464372   30916 structlog.go:42]   	adapters[smartx].app_secret: 
I0820 23:05:12.465369   30916 structlog.go:42]   	adapters[smartx].endpointCompression: 
I0820 23:05:12.465369   30916 structlog.go:42]   	adapters[definemedia].aliasOf: 
I0820 23:05:12.465369   30916 structlog.go:39]   	adapters[definemedia].whiteLabelOnly: false
I0820 23:05:12.465369   30916 structlog.go:39]   	adapters[definemedia].disabled: false
I0820 23:05:12.465970   30916 structlog.go:42]   	adapters[definemedia].endpoint: https://rtb.conative.network/openrtb2/auction
I0820 23:05:12.465970   30916 structlog.go:42]   	adapters[definemedia].extra_info: 
I0820 23:05:12.466474   30916 structlog.go:42]   	adapters[definemedia].openrtb: <*config.OpenRTBInfo Value>
I0820 23:05:12.466474   30916 structlog.go:42]   	adapters[definemedia].maintainer: <*config.MaintainerInfo Value>
I0820 23:05:12.466474   30916 structlog.go:42]   	adapters[definemedia].capabilities: <*config.CapabilitiesInfo Value>
I0820 23:05:12.466474   30916 structlog.go:39]   	adapters[definemedia].modifyingVastXmlAllowed: false
I0820 23:05:12.466474   30916 structlog.go:42]   	adapters[definemedia].debug: <*config.DebugInfo Value>
I0820 23:05:12.466474   30916 structlog.go:35]   	adapters[definemedia].gvlVendorID: 0
I0820 23:05:12.467473   30916 structlog.go:42]   	adapters[definemedia].userSync: <*config.Syncer Value>
I0820 23:05:12.467473   30916 structlog.go:39]   	adapters[definemedia].experiment.adsCert.enabled: false
I0820 23:05:12.467473   30916 structlog.go:42]   	adapters[definemedia].xapi.username: 
I0820 23:05:12.467473   30916 structlog.go:56]   	adapters[definemedia].xapi.password: <REDACTED>
I0820 23:05:12.467473   30916 structlog.go:42]   	adapters[definemedia].xapi.tracker: 
I0820 23:05:12.467473   30916 structlog.go:42]   	adapters[definemedia].platform_id: 
I0820 23:05:12.468470   30916 structlog.go:42]   	adapters[definemedia].app_secret: 
I0820 23:05:12.468470   30916 structlog.go:42]   	adapters[definemedia].endpointCompression: 
I0820 23:05:12.468470   30916 structlog.go:42]   	adapters[gamma].aliasOf: 
I0820 23:05:12.469040   30916 structlog.go:39]   	adapters[gamma].whiteLabelOnly: false
I0820 23:05:12.469040   30916 structlog.go:39]   	adapters[gamma].disabled: false
I0820 23:05:12.469040   30916 structlog.go:42]   	adapters[gamma].endpoint: https://hb.gammaplatform.com/adx/request/
I0820 23:05:12.469040   30916 structlog.go:42]   	adapters[gamma].extra_info: 
I0820 23:05:12.469544   30916 structlog.go:42]   	adapters[gamma].openrtb: <*config.OpenRTBInfo Value>
I0820 23:05:12.470005   30916 structlog.go:42]   	adapters[gamma].maintainer: <*config.MaintainerInfo Value>
I0820 23:05:12.470005   30916 structlog.go:42]   	adapters[gamma].capabilities: <*config.CapabilitiesInfo Value>
I0820 23:05:12.470508   30916 structlog.go:39]   	adapters[gamma].modifyingVastXmlAllowed: false
I0820 23:05:12.470508   30916 structlog.go:42]   	adapters[gamma].debug: <*config.DebugInfo Value>
I0820 23:05:12.470508   30916 structlog.go:35]   	adapters[gamma].gvlVendorID: 0
I0820 23:05:12.470508   30916 structlog.go:42]   	adapters[gamma].userSync: <*config.Syncer Value>
I0820 23:05:12.470508   30916 structlog.go:39]   	adapters[gamma].experiment.adsCert.enabled: false
I0820 23:05:12.471508   30916 structlog.go:42]   	adapters[gamma].xapi.username: 
I0820 23:05:12.471888   30916 structlog.go:56]   	adapters[gamma].xapi.password: <REDACTED>
I0820 23:05:12.471888   30916 structlog.go:42]   	adapters[gamma].xapi.tracker: 
I0820 23:05:12.471888   30916 structlog.go:42]   	adapters[gamma].platform_id: 
I0820 23:05:12.472391   30916 structlog.go:42]   	adapters[gamma].app_secret: 
I0820 23:05:12.472391   30916 structlog.go:42]   	adapters[gamma].endpointCompression: 
I0820 23:05:12.473391   30916 structlog.go:42]   	adapters[aja].aliasOf: 
I0820 23:05:12.473391   30916 structlog.go:39]   	adapters[aja].whiteLabelOnly: false
I0820 23:05:12.474388   30916 structlog.go:39]   	adapters[aja].disabled: false
I0820 23:05:12.474388   30916 structlog.go:42]   	adapters[aja].endpoint: https://ad.as.amanad.adtdp.com/v1/bid/4
I0820 23:05:12.474388   30916 structlog.go:42]   	adapters[aja].extra_info: 
I0820 23:05:12.474388   30916 structlog.go:42]   	adapters[aja].openrtb: <*config.OpenRTBInfo Value>
I0820 23:05:12.475154   30916 structlog.go:42]   	adapters[aja].maintainer: <*config.MaintainerInfo Value>
I0820 23:05:12.475154   30916 structlog.go:42]   	adapters[aja].capabilities: <*config.CapabilitiesInfo Value>
I0820 23:05:12.475154   30916 structlog.go:39]   	adapters[aja].modifyingVastXmlAllowed: false
I0820 23:05:12.475658   30916 structlog.go:42]   	adapters[aja].debug: <*config.DebugInfo Value>
I0820 23:05:12.476658   30916 structlog.go:35]   	adapters[aja].gvlVendorID: 0
I0820 23:05:12.476658   30916 structlog.go:42]   	adapters[aja].userSync: <*config.Syncer Value>
I0820 23:05:12.476658   30916 structlog.go:39]   	adapters[aja].experiment.adsCert.enabled: false
I0820 23:05:12.476658   30916 structlog.go:42]   	adapters[aja].xapi.username: 
I0820 23:05:12.477551   30916 structlog.go:56]   	adapters[aja].xapi.password: <REDACTED>
I0820 23:05:12.477551   30916 structlog.go:42]   	adapters[aja].xapi.tracker: 
I0820 23:05:12.477551   30916 structlog.go:42]   	adapters[aja].platform_id: 
I0820 23:05:12.478309   30916 structlog.go:42]   	adapters[aja].app_secret: 
I0820 23:05:12.478309   30916 structlog.go:42]   	adapters[aja].endpointCompression: 
I0820 23:05:12.478814   30916 structlog.go:42]   	adapters[unicorn].aliasOf: 
I0820 23:05:12.480330   30916 structlog.go:39]   	adapters[unicorn].whiteLabelOnly: false
I0820 23:05:12.484319   30916 structlog.go:39]   	adapters[unicorn].disabled: false
I0820 23:05:12.485316   30916 structlog.go:42]   	adapters[unicorn].endpoint: https://ds.uncn.jp/pb/0/bid.json
I0820 23:05:12.485715   30916 structlog.go:42]   	adapters[unicorn].extra_info: 
I0820 23:05:12.485715   30916 structlog.go:42]   	adapters[unicorn].openrtb: <*config.OpenRTBInfo Value>
I0820 23:05:12.485715   30916 structlog.go:42]   	adapters[unicorn].maintainer: <*config.MaintainerInfo Value>
I0820 23:05:12.486616   30916 structlog.go:42]   	adapters[unicorn].capabilities: <*config.CapabilitiesInfo Value>
I0820 23:05:12.486616   30916 structlog.go:39]   	adapters[unicorn].modifyingVastXmlAllowed: false
I0820 23:05:12.487120   30916 structlog.go:42]   	adapters[unicorn].debug: <*config.DebugInfo Value>
I0820 23:05:12.487120   30916 structlog.go:35]   	adapters[unicorn].gvlVendorID: 0
I0820 23:05:12.487729   30916 structlog.go:42]   	adapters[unicorn].userSync: <*config.Syncer Value>
I0820 23:05:12.487729   30916 structlog.go:39]   	adapters[unicorn].experiment.adsCert.enabled: false
I0820 23:05:12.488233   30916 structlog.go:42]   	adapters[unicorn].xapi.username: 
I0820 23:05:12.488233   30916 structlog.go:56]   	adapters[unicorn].xapi.password: <REDACTED>
I0820 23:05:12.488745   30916 structlog.go:42]   	adapters[unicorn].xapi.tracker: 
I0820 23:05:12.489264   30916 structlog.go:42]   	adapters[unicorn].platform_id: 
I0820 23:05:12.489264   30916 structlog.go:42]   	adapters[unicorn].app_secret: 
I0820 23:05:12.489797   30916 structlog.go:42]   	adapters[unicorn].endpointCompression: 
I0820 23:05:12.489797   30916 structlog.go:42]   	adapters[gumgum].aliasOf: 
I0820 23:05:12.490321   30916 structlog.go:39]   	adapters[gumgum].whiteLabelOnly: false
I0820 23:05:12.490321   30916 structlog.go:39]   	adapters[gumgum].disabled: false
I0820 23:05:12.490854   30916 structlog.go:42]   	adapters[gumgum].endpoint: https://g2.gumgum.com/providers/prbds2s/bid
I0820 23:05:12.490854   30916 structlog.go:42]   	adapters[gumgum].extra_info: 
I0820 23:05:12.491660   30916 structlog.go:42]   	adapters[gumgum].openrtb: <*config.OpenRTBInfo Value>
I0820 23:05:12.491660   30916 structlog.go:42]   	adapters[gumgum].maintainer: <*config.MaintainerInfo Value>
I0820 23:05:12.492163   30916 structlog.go:42]   	adapters[gumgum].capabilities: <*config.CapabilitiesInfo Value>
I0820 23:05:12.492163   30916 structlog.go:39]   	adapters[gumgum].modifyingVastXmlAllowed: false
I0820 23:05:12.492682   30916 structlog.go:42]   	adapters[gumgum].debug: <*config.DebugInfo Value>
I0820 23:05:12.492811   30916 structlog.go:35]   	adapters[gumgum].gvlVendorID: 61
I0820 23:05:12.492811   30916 structlog.go:42]   	adapters[gumgum].userSync: <*config.Syncer Value>
I0820 23:05:12.493315   30916 structlog.go:39]   	adapters[gumgum].experiment.adsCert.enabled: false
I0820 23:05:12.493836   30916 structlog.go:42]   	adapters[gumgum].xapi.username: 
I0820 23:05:12.493836   30916 structlog.go:56]   	adapters[gumgum].xapi.password: <REDACTED>
I0820 23:05:12.494351   30916 structlog.go:42]   	adapters[gumgum].xapi.tracker: 
I0820 23:05:12.494351   30916 structlog.go:42]   	adapters[gumgum].platform_id: 
I0820 23:05:12.494948   30916 structlog.go:42]   	adapters[gumgum].app_secret: 
I0820 23:05:12.494948   30916 structlog.go:42]   	adapters[gumgum].endpointCompression: 
I0820 23:05:12.494948   30916 structlog.go:42]   	adapters[yandex].aliasOf: 
I0820 23:05:12.496982   30916 structlog.go:39]   	adapters[yandex].whiteLabelOnly: false
I0820 23:05:12.497763   30916 structlog.go:39]   	adapters[yandex].disabled: false
I0820 23:05:12.498321   30916 structlog.go:42]   	adapters[yandex].endpoint: https://bs-metadsp.yandex.ru/prebid/{{.PageID}}?ssp-id=10500
I0820 23:05:12.498921   30916 structlog.go:42]   	adapters[yandex].extra_info: 
I0820 23:05:12.498921   30916 structlog.go:42]   	adapters[yandex].openrtb: <*config.OpenRTBInfo Value>
I0820 23:05:12.499510   30916 structlog.go:42]   	adapters[yandex].maintainer: <*config.MaintainerInfo Value>
I0820 23:05:12.500106   30916 structlog.go:42]   	adapters[yandex].capabilities: <*config.CapabilitiesInfo Value>
I0820 23:05:12.500168   30916 structlog.go:39]   	adapters[yandex].modifyingVastXmlAllowed: false
I0820 23:05:12.500760   30916 structlog.go:42]   	adapters[yandex].debug: <*config.DebugInfo Value>
I0820 23:05:12.500760   30916 structlog.go:35]   	adapters[yandex].gvlVendorID: 0
I0820 23:05:12.501266   30916 structlog.go:42]   	adapters[yandex].userSync: <*config.Syncer Value>
I0820 23:05:12.501886   30916 structlog.go:39]   	adapters[yandex].experiment.adsCert.enabled: false
I0820 23:05:12.501886   30916 structlog.go:42]   	adapters[yandex].xapi.username: 
I0820 23:05:12.502389   30916 structlog.go:56]   	adapters[yandex].xapi.password: <REDACTED>
I0820 23:05:12.502389   30916 structlog.go:42]   	adapters[yandex].xapi.tracker: 
I0820 23:05:12.503035   30916 structlog.go:42]   	adapters[yandex].platform_id: 
I0820 23:05:12.503035   30916 structlog.go:42]   	adapters[yandex].app_secret: 
I0820 23:05:12.503539   30916 structlog.go:42]   	adapters[yandex].endpointCompression: gzip
I0820 23:05:12.503539   30916 structlog.go:42]   	adapters[kargo].aliasOf: 
I0820 23:05:12.504146   30916 structlog.go:39]   	adapters[kargo].whiteLabelOnly: false
I0820 23:05:12.504146   30916 structlog.go:39]   	adapters[kargo].disabled: false
I0820 23:05:12.504713   30916 structlog.go:42]   	adapters[kargo].endpoint: https://krk.kargo.com/api/v1/openrtb
I0820 23:05:12.504713   30916 structlog.go:42]   	adapters[kargo].extra_info: 
I0820 23:05:12.505227   30916 structlog.go:42]   	adapters[kargo].openrtb: <*config.OpenRTBInfo Value>
I0820 23:05:12.505227   30916 structlog.go:42]   	adapters[kargo].maintainer: <*config.MaintainerInfo Value>
I0820 23:05:12.505753   30916 structlog.go:42]   	adapters[kargo].capabilities: <*config.CapabilitiesInfo Value>
I0820 23:05:12.505753   30916 structlog.go:39]   	adapters[kargo].modifyingVastXmlAllowed: true
I0820 23:05:12.506264   30916 structlog.go:42]   	adapters[kargo].debug: <*config.DebugInfo Value>
I0820 23:05:12.506264   30916 structlog.go:35]   	adapters[kargo].gvlVendorID: 972
I0820 23:05:12.506789   30916 structlog.go:42]   	adapters[kargo].userSync: <*config.Syncer Value>
I0820 23:05:12.506840   30916 structlog.go:39]   	adapters[kargo].experiment.adsCert.enabled: false
I0820 23:05:12.506840   30916 structlog.go:42]   	adapters[kargo].xapi.username: 
I0820 23:05:12.507351   30916 structlog.go:56]   	adapters[kargo].xapi.password: <REDACTED>
I0820 23:05:12.507351   30916 structlog.go:42]   	adapters[kargo].xapi.tracker: 
I0820 23:05:12.507873   30916 structlog.go:42]   	adapters[kargo].platform_id: 
I0820 23:05:12.507873   30916 structlog.go:42]   	adapters[kargo].app_secret: 
I0820 23:05:12.508394   30916 structlog.go:42]   	adapters[kargo].endpointCompression: GZIP
I0820 23:05:12.508394   30916 structlog.go:42]   	adapters[zeta_global_ssp].aliasOf: 
I0820 23:05:12.508925   30916 structlog.go:39]   	adapters[zeta_global_ssp].whiteLabelOnly: false
I0820 23:05:12.508925   30916 structlog.go:39]   	adapters[zeta_global_ssp].disabled: true
I0820 23:05:12.509582   30916 structlog.go:42]   	adapters[zeta_global_ssp].endpoint: https://ssp.disqus.com/bid/prebid-server?sid={{.AccountID}}
I0820 23:05:12.509582   30916 structlog.go:42]   	adapters[zeta_global_ssp].extra_info: 
I0820 23:05:12.510241   30916 structlog.go:42]   	adapters[zeta_global_ssp].openrtb: <*config.OpenRTBInfo Value>
I0820 23:05:12.510241   30916 structlog.go:42]   	adapters[zeta_global_ssp].maintainer: <*config.MaintainerInfo Value>
I0820 23:05:12.510745   30916 structlog.go:42]   	adapters[zeta_global_ssp].capabilities: <*config.CapabilitiesInfo Value>
I0820 23:05:12.510745   30916 structlog.go:39]   	adapters[zeta_global_ssp].modifyingVastXmlAllowed: true
I0820 23:05:12.511401   30916 structlog.go:42]   	adapters[zeta_global_ssp].debug: <*config.DebugInfo Value>
I0820 23:05:12.511401   30916 structlog.go:35]   	adapters[zeta_global_ssp].gvlVendorID: 833
I0820 23:05:12.511401   30916 structlog.go:42]   	adapters[zeta_global_ssp].userSync: <*config.Syncer Value>
I0820 23:05:12.511905   30916 structlog.go:39]   	adapters[zeta_global_ssp].experiment.adsCert.enabled: false
I0820 23:05:12.513442   30916 structlog.go:42]   	adapters[zeta_global_ssp].xapi.username: 
I0820 23:05:12.514439   30916 structlog.go:56]   	adapters[zeta_global_ssp].xapi.password: <REDACTED>
I0820 23:05:12.514439   30916 structlog.go:42]   	adapters[zeta_global_ssp].xapi.tracker: 
I0820 23:05:12.514439   30916 structlog.go:42]   	adapters[zeta_global_ssp].platform_id: 
I0820 23:05:12.515435   30916 structlog.go:42]   	adapters[zeta_global_ssp].app_secret: 
I0820 23:05:12.515639   30916 structlog.go:42]   	adapters[zeta_global_ssp].endpointCompression: gzip
I0820 23:05:12.516144   30916 structlog.go:42]   	adapters[globalsun].aliasOf: 
I0820 23:05:12.516235   30916 structlog.go:39]   	adapters[globalsun].whiteLabelOnly: false
I0820 23:05:12.516739   30916 structlog.go:39]   	adapters[globalsun].disabled: false
I0820 23:05:12.516855   30916 structlog.go:42]   	adapters[globalsun].endpoint: http://endpoint.globalsun.io/pserver
I0820 23:05:12.516855   30916 structlog.go:42]   	adapters[globalsun].extra_info: 
I0820 23:05:12.517358   30916 structlog.go:42]   	adapters[globalsun].openrtb: <*config.OpenRTBInfo Value>
I0820 23:05:12.517358   30916 structlog.go:42]   	adapters[globalsun].maintainer: <*config.MaintainerInfo Value>
I0820 23:05:12.517955   30916 structlog.go:42]   	adapters[globalsun].capabilities: <*config.CapabilitiesInfo Value>
I0820 23:05:12.517955   30916 structlog.go:39]   	adapters[globalsun].modifyingVastXmlAllowed: false
I0820 23:05:12.518458   30916 structlog.go:42]   	adapters[globalsun].debug: <*config.DebugInfo Value>
I0820 23:05:12.518458   30916 structlog.go:35]   	adapters[globalsun].gvlVendorID: 0
I0820 23:05:12.518458   30916 structlog.go:42]   	adapters[globalsun].userSync: <*config.Syncer Value>
I0820 23:05:12.518970   30916 structlog.go:39]   	adapters[globalsun].experiment.adsCert.enabled: false
I0820 23:05:12.519261   30916 structlog.go:42]   	adapters[globalsun].xapi.username: 
I0820 23:05:12.519261   30916 structlog.go:56]   	adapters[globalsun].xapi.password: <REDACTED>
I0820 23:05:12.519769   30916 structlog.go:42]   	adapters[globalsun].xapi.tracker: 
I0820 23:05:12.519825   30916 structlog.go:42]   	adapters[globalsun].platform_id: 
I0820 23:05:12.519825   30916 structlog.go:42]   	adapters[globalsun].app_secret: 
I0820 23:05:12.520342   30916 structlog.go:42]   	adapters[globalsun].endpointCompression: 
I0820 23:05:12.520342   30916 structlog.go:42]   	adapters[adsinteractive].aliasOf: 
I0820 23:05:12.520342   30916 structlog.go:39]   	adapters[adsinteractive].whiteLabelOnly: false
I0820 23:05:12.520893   30916 structlog.go:39]   	adapters[adsinteractive].disabled: false
I0820 23:05:12.520893   30916 structlog.go:42]   	adapters[adsinteractive].endpoint: http://bid.adsinteractive.com/prebid
I0820 23:05:12.520893   30916 structlog.go:42]   	adapters[adsinteractive].extra_info: 
I0820 23:05:12.520893   30916 structlog.go:42]   	adapters[adsinteractive].openrtb: <*config.OpenRTBInfo Value>
I0820 23:05:12.521402   30916 structlog.go:42]   	adapters[adsinteractive].maintainer: <*config.MaintainerInfo Value>
I0820 23:05:12.521402   30916 structlog.go:42]   	adapters[adsinteractive].capabilities: <*config.CapabilitiesInfo Value>
I0820 23:05:12.521950   30916 structlog.go:39]   	adapters[adsinteractive].modifyingVastXmlAllowed: false
I0820 23:05:12.522035   30916 structlog.go:42]   	adapters[adsinteractive].debug: <*config.DebugInfo Value>
I0820 23:05:12.522035   30916 structlog.go:35]   	adapters[adsinteractive].gvlVendorID: 1212
I0820 23:05:12.522035   30916 structlog.go:42]   	adapters[adsinteractive].userSync: <*config.Syncer Value>
I0820 23:05:12.522538   30916 structlog.go:39]   	adapters[adsinteractive].experiment.adsCert.enabled: false
I0820 23:05:12.522538   30916 structlog.go:42]   	adapters[adsinteractive].xapi.username: 
I0820 23:05:12.523084   30916 structlog.go:56]   	adapters[adsinteractive].xapi.password: <REDACTED>
I0820 23:05:12.523084   30916 structlog.go:42]   	adapters[adsinteractive].xapi.tracker: 
I0820 23:05:12.523084   30916 structlog.go:42]   	adapters[adsinteractive].platform_id: 
I0820 23:05:12.523599   30916 structlog.go:42]   	adapters[adsinteractive].app_secret: 
I0820 23:05:12.523599   30916 structlog.go:42]   	adapters[adsinteractive].endpointCompression: 
I0820 23:05:12.524118   30916 structlog.go:42]   	adapters[tgm].aliasOf: limelightDigital
I0820 23:05:12.524118   30916 structlog.go:39]   	adapters[tgm].whiteLabelOnly: false
I0820 23:05:12.524118   30916 structlog.go:39]   	adapters[tgm].disabled: false
I0820 23:05:12.524636   30916 structlog.go:42]   	adapters[tgm].endpoint: http://ads-pbs.ortb.net/openrtb/{{.PublisherID}}?host={{.Host}}
I0820 23:05:12.525155   30916 structlog.go:42]   	adapters[tgm].extra_info: 
I0820 23:05:12.525155   30916 structlog.go:42]   	adapters[tgm].openrtb: <*config.OpenRTBInfo Value>
I0820 23:05:12.525155   30916 structlog.go:42]   	adapters[tgm].maintainer: <*config.MaintainerInfo Value>
I0820 23:05:12.525682   30916 structlog.go:42]   	adapters[tgm].capabilities: <*config.CapabilitiesInfo Value>
I0820 23:05:12.525682   30916 structlog.go:39]   	adapters[tgm].modifyingVastXmlAllowed: false
I0820 23:05:12.526193   30916 structlog.go:42]   	adapters[tgm].debug: <*config.DebugInfo Value>
I0820 23:05:12.526193   30916 structlog.go:35]   	adapters[tgm].gvlVendorID: 0
I0820 23:05:12.526193   30916 structlog.go:42]   	adapters[tgm].userSync: <*config.Syncer Value>
I0820 23:05:12.526720   30916 structlog.go:39]   	adapters[tgm].experiment.adsCert.enabled: false
I0820 23:05:12.526720   30916 structlog.go:42]   	adapters[tgm].xapi.username: 
I0820 23:05:12.527230   30916 structlog.go:56]   	adapters[tgm].xapi.password: <REDACTED>
I0820 23:05:12.527230   30916 structlog.go:42]   	adapters[tgm].xapi.tracker: 
I0820 23:05:12.527230   30916 structlog.go:42]   	adapters[tgm].platform_id: 
I0820 23:05:12.527745   30916 structlog.go:42]   	adapters[tgm].app_secret: 
I0820 23:05:12.527745   30916 structlog.go:42]   	adapters[tgm].endpointCompression: 
I0820 23:05:12.528256   30916 structlog.go:42]   	adapters[resetdigital].aliasOf: 
I0820 23:05:12.528256   30916 structlog.go:39]   	adapters[resetdigital].whiteLabelOnly: false
I0820 23:05:12.528256   30916 structlog.go:39]   	adapters[resetdigital].disabled: false
I0820 23:05:12.528809   30916 structlog.go:42]   	adapters[resetdigital].endpoint: http://b-us-east14.resetdigital.co:9001
I0820 23:05:12.533798   30916 structlog.go:42]   	adapters[resetdigital].extra_info: 
I0820 23:05:12.536789   30916 structlog.go:42]   	adapters[resetdigital].openrtb: <*config.OpenRTBInfo Value>
I0820 23:05:12.538784   30916 structlog.go:42]   	adapters[resetdigital].maintainer: <*config.MaintainerInfo Value>
I0820 23:05:12.541011   30916 structlog.go:42]   	adapters[resetdigital].capabilities: <*config.CapabilitiesInfo Value>
I0820 23:05:12.541011   30916 structlog.go:39]   	adapters[resetdigital].modifyingVastXmlAllowed: false
I0820 23:05:12.541515   30916 structlog.go:42]   	adapters[resetdigital].debug: <*config.DebugInfo Value>
I0820 23:05:12.541515   30916 structlog.go:35]   	adapters[resetdigital].gvlVendorID: 1162
I0820 23:05:12.541515   30916 structlog.go:42]   	adapters[resetdigital].userSync: <*config.Syncer Value>
I0820 23:05:12.541515   30916 structlog.go:39]   	adapters[resetdigital].experiment.adsCert.enabled: false
I0820 23:05:12.541515   30916 structlog.go:42]   	adapters[resetdigital].xapi.username: 
I0820 23:05:12.541515   30916 structlog.go:56]   	adapters[resetdigital].xapi.password: <REDACTED>
I0820 23:05:12.542441   30916 structlog.go:42]   	adapters[resetdigital].xapi.tracker: 
I0820 23:05:12.542441   30916 structlog.go:42]   	adapters[resetdigital].platform_id: 
I0820 23:05:12.542441   30916 structlog.go:42]   	adapters[resetdigital].app_secret: 
I0820 23:05:12.542441   30916 structlog.go:42]   	adapters[resetdigital].endpointCompression: 
I0820 23:05:12.542945   30916 structlog.go:42]   	adapters[rtbhouse].aliasOf: 
I0820 23:05:12.543159   30916 structlog.go:39]   	adapters[rtbhouse].whiteLabelOnly: false
I0820 23:05:12.543159   30916 structlog.go:39]   	adapters[rtbhouse].disabled: false
I0820 23:05:12.543159   30916 structlog.go:42]   	adapters[rtbhouse].endpoint: http://prebidserver-s2s-ams.creativecdn.com/bidder/prebidserver/bids
I0820 23:05:12.543663   30916 structlog.go:42]   	adapters[rtbhouse].extra_info: 
I0820 23:05:12.543663   30916 structlog.go:42]   	adapters[rtbhouse].openrtb: <*config.OpenRTBInfo Value>
I0820 23:05:12.543663   30916 structlog.go:42]   	adapters[rtbhouse].maintainer: <*config.MaintainerInfo Value>
I0820 23:05:12.543663   30916 structlog.go:42]   	adapters[rtbhouse].capabilities: <*config.CapabilitiesInfo Value>
I0820 23:05:12.544178   30916 structlog.go:39]   	adapters[rtbhouse].modifyingVastXmlAllowed: false
I0820 23:05:12.544178   30916 structlog.go:42]   	adapters[rtbhouse].debug: <*config.DebugInfo Value>
I0820 23:05:12.544178   30916 structlog.go:35]   	adapters[rtbhouse].gvlVendorID: 16
I0820 23:05:12.544691   30916 structlog.go:42]   	adapters[rtbhouse].userSync: <*config.Syncer Value>
I0820 23:05:12.544744   30916 structlog.go:39]   	adapters[rtbhouse].experiment.adsCert.enabled: false
I0820 23:05:12.544744   30916 structlog.go:42]   	adapters[rtbhouse].xapi.username: 
I0820 23:05:12.544744   30916 structlog.go:56]   	adapters[rtbhouse].xapi.password: <REDACTED>
I0820 23:05:12.545247   30916 structlog.go:42]   	adapters[rtbhouse].xapi.tracker: 
I0820 23:05:12.545247   30916 structlog.go:42]   	adapters[rtbhouse].platform_id: 
I0820 23:05:12.545247   30916 structlog.go:42]   	adapters[rtbhouse].app_secret: 
I0820 23:05:12.546786   30916 structlog.go:42]   	adapters[rtbhouse].endpointCompression: gzip
I0820 23:05:12.547939   30916 structlog.go:42]   	adapters[ix].aliasOf: 
I0820 23:05:12.547939   30916 structlog.go:39]   	adapters[ix].whiteLabelOnly: false
I0820 23:05:12.547939   30916 structlog.go:39]   	adapters[ix].disabled: true
I0820 23:05:12.548443   30916 structlog.go:42]   	adapters[ix].endpoint: 
I0820 23:05:12.548780   30916 structlog.go:42]   	adapters[ix].extra_info: 
I0820 23:05:12.548780   30916 structlog.go:42]   	adapters[ix].openrtb: <*config.OpenRTBInfo Value>
I0820 23:05:12.549283   30916 structlog.go:42]   	adapters[ix].maintainer: <*config.MaintainerInfo Value>
I0820 23:05:12.549283   30916 structlog.go:42]   	adapters[ix].capabilities: <*config.CapabilitiesInfo Value>
I0820 23:05:12.549283   30916 structlog.go:39]   	adapters[ix].modifyingVastXmlAllowed: false
I0820 23:05:12.549795   30916 structlog.go:42]   	adapters[ix].debug: <*config.DebugInfo Value>
I0820 23:05:12.549932   30916 structlog.go:35]   	adapters[ix].gvlVendorID: 10
I0820 23:05:12.549932   30916 structlog.go:42]   	adapters[ix].userSync: <*config.Syncer Value>
I0820 23:05:12.549932   30916 structlog.go:39]   	adapters[ix].experiment.adsCert.enabled: false
I0820 23:05:12.550436   30916 structlog.go:42]   	adapters[ix].xapi.username: 
I0820 23:05:12.550436   30916 structlog.go:56]   	adapters[ix].xapi.password: <REDACTED>
I0820 23:05:12.550436   30916 structlog.go:42]   	adapters[ix].xapi.tracker: 
I0820 23:05:12.550962   30916 structlog.go:42]   	adapters[ix].platform_id: 
I0820 23:05:12.550962   30916 structlog.go:42]   	adapters[ix].app_secret: 
I0820 23:05:12.551475   30916 structlog.go:42]   	adapters[ix].endpointCompression: 
I0820 23:05:12.551528   30916 structlog.go:42]   	adapters[lunamedia].aliasOf: 
I0820 23:05:12.551528   30916 structlog.go:39]   	adapters[lunamedia].whiteLabelOnly: false
I0820 23:05:12.551528   30916 structlog.go:39]   	adapters[lunamedia].disabled: false
I0820 23:05:12.552033   30916 structlog.go:42]   	adapters[lunamedia].endpoint: http://rtb.lunamedia.live/?pid={{.PublisherID}}
I0820 23:05:12.552033   30916 structlog.go:42]   	adapters[lunamedia].extra_info: 
I0820 23:05:12.552543   30916 structlog.go:42]   	adapters[lunamedia].openrtb: <*config.OpenRTBInfo Value>
I0820 23:05:12.552543   30916 structlog.go:42]   	adapters[lunamedia].maintainer: <*config.MaintainerInfo Value>
I0820 23:05:12.552543   30916 structlog.go:42]   	adapters[lunamedia].capabilities: <*config.CapabilitiesInfo Value>
I0820 23:05:12.553052   30916 structlog.go:39]   	adapters[lunamedia].modifyingVastXmlAllowed: false
I0820 23:05:12.553052   30916 structlog.go:42]   	adapters[lunamedia].debug: <*config.DebugInfo Value>
I0820 23:05:12.553052   30916 structlog.go:35]   	adapters[lunamedia].gvlVendorID: 0
I0820 23:05:12.553571   30916 structlog.go:42]   	adapters[lunamedia].userSync: <*config.Syncer Value>
I0820 23:05:12.553571   30916 structlog.go:39]   	adapters[lunamedia].experiment.adsCert.enabled: false
I0820 23:05:12.553571   30916 structlog.go:42]   	adapters[lunamedia].xapi.username: 
I0820 23:05:12.554080   30916 structlog.go:56]   	adapters[lunamedia].xapi.password: <REDACTED>
I0820 23:05:12.554080   30916 structlog.go:42]   	adapters[lunamedia].xapi.tracker: 
I0820 23:05:12.554597   30916 structlog.go:42]   	adapters[lunamedia].platform_id: 
I0820 23:05:12.554597   30916 structlog.go:42]   	adapters[lunamedia].app_secret: 
I0820 23:05:12.554597   30916 structlog.go:42]   	adapters[lunamedia].endpointCompression: 
I0820 23:05:12.555112   30916 structlog.go:42]   	adapters[copper6].aliasOf: adtelligent
I0820 23:05:12.555112   30916 structlog.go:39]   	adapters[copper6].whiteLabelOnly: false
I0820 23:05:12.555112   30916 structlog.go:39]   	adapters[copper6].disabled: false
I0820 23:05:12.555660   30916 structlog.go:42]   	adapters[copper6].endpoint: http://ghb.app.copper6.com/pbs/ortb
I0820 23:05:12.555660   30916 structlog.go:42]   	adapters[copper6].extra_info: 
I0820 23:05:12.555660   30916 structlog.go:42]   	adapters[copper6].openrtb: <*config.OpenRTBInfo Value>
I0820 23:05:12.556171   30916 structlog.go:42]   	adapters[copper6].maintainer: <*config.MaintainerInfo Value>
I0820 23:05:12.556171   30916 structlog.go:42]   	adapters[copper6].capabilities: <*config.CapabilitiesInfo Value>
I0820 23:05:12.556171   30916 structlog.go:39]   	adapters[copper6].modifyingVastXmlAllowed: false
I0820 23:05:12.556681   30916 structlog.go:42]   	adapters[copper6].debug: <*config.DebugInfo Value>
I0820 23:05:12.556985   30916 structlog.go:35]   	adapters[copper6].gvlVendorID: 410
I0820 23:05:12.556985   30916 structlog.go:42]   	adapters[copper6].userSync: <*config.Syncer Value>
I0820 23:05:12.556985   30916 structlog.go:39]   	adapters[copper6].experiment.adsCert.enabled: false
I0820 23:05:12.557562   30916 structlog.go:42]   	adapters[copper6].xapi.username: 
I0820 23:05:12.557562   30916 structlog.go:56]   	adapters[copper6].xapi.password: <REDACTED>
I0820 23:05:12.557562   30916 structlog.go:42]   	adapters[copper6].xapi.tracker: 
I0820 23:05:12.558076   30916 structlog.go:42]   	adapters[copper6].platform_id: 
I0820 23:05:12.558076   30916 structlog.go:42]   	adapters[copper6].app_secret: 
I0820 23:05:12.558076   30916 structlog.go:42]   	adapters[copper6].endpointCompression: 
I0820 23:05:12.558608   30916 structlog.go:42]   	adapters[netaddiction].aliasOf: admatic
I0820 23:05:12.558608   30916 structlog.go:39]   	adapters[netaddiction].whiteLabelOnly: false
I0820 23:05:12.558608   30916 structlog.go:39]   	adapters[netaddiction].disabled: false
I0820 23:05:12.559136   30916 structlog.go:42]   	adapters[netaddiction].endpoint: http://pbs.admatic.com.tr?host={{.Host}}
I0820 23:05:12.559136   30916 structlog.go:42]   	adapters[netaddiction].extra_info: 
I0820 23:05:12.559136   30916 structlog.go:42]   	adapters[netaddiction].openrtb: <*config.OpenRTBInfo Value>
I0820 23:05:12.559653   30916 structlog.go:42]   	adapters[netaddiction].maintainer: <*config.MaintainerInfo Value>
I0820 23:05:12.559653   30916 structlog.go:42]   	adapters[netaddiction].capabilities: <*config.CapabilitiesInfo Value>
I0820 23:05:12.559653   30916 structlog.go:39]   	adapters[netaddiction].modifyingVastXmlAllowed: false
I0820 23:05:12.560169   30916 structlog.go:42]   	adapters[netaddiction].debug: <*config.DebugInfo Value>
I0820 23:05:12.560169   30916 structlog.go:35]   	adapters[netaddiction].gvlVendorID: 1281
I0820 23:05:12.560169   30916 structlog.go:42]   	adapters[netaddiction].userSync: <*config.Syncer Value>
I0820 23:05:12.560681   30916 structlog.go:39]   	adapters[netaddiction].experiment.adsCert.enabled: false
I0820 23:05:12.560681   30916 structlog.go:42]   	adapters[netaddiction].xapi.username: 
I0820 23:05:12.560681   30916 structlog.go:56]   	adapters[netaddiction].xapi.password: <REDACTED>
I0820 23:05:12.561206   30916 structlog.go:42]   	adapters[netaddiction].xapi.tracker: 
I0820 23:05:12.561206   30916 structlog.go:42]   	adapters[netaddiction].platform_id: 
I0820 23:05:12.561206   30916 structlog.go:42]   	adapters[netaddiction].app_secret: 
I0820 23:05:12.561729   30916 structlog.go:42]   	adapters[netaddiction].endpointCompression: 
I0820 23:05:12.561729   30916 structlog.go:42]   	adapters[loopme].aliasOf: 
I0820 23:05:12.561729   30916 structlog.go:39]   	adapters[loopme].whiteLabelOnly: false
I0820 23:05:12.561729   30916 structlog.go:39]   	adapters[loopme].disabled: false
I0820 23:05:12.562591   30916 structlog.go:42]   	adapters[loopme].endpoint: http://prebid.loopmertb.com
I0820 23:05:12.564316   30916 structlog.go:42]   	adapters[loopme].extra_info: 
I0820 23:05:12.564316   30916 structlog.go:42]   	adapters[loopme].openrtb: <*config.OpenRTBInfo Value>
I0820 23:05:12.564820   30916 structlog.go:42]   	adapters[loopme].maintainer: <*config.MaintainerInfo Value>
I0820 23:05:12.564820   30916 structlog.go:42]   	adapters[loopme].capabilities: <*config.CapabilitiesInfo Value>
I0820 23:05:12.565453   30916 structlog.go:39]   	adapters[loopme].modifyingVastXmlAllowed: false
I0820 23:05:12.565663   30916 structlog.go:42]   	adapters[loopme].debug: <*config.DebugInfo Value>
I0820 23:05:12.565663   30916 structlog.go:35]   	adapters[loopme].gvlVendorID: 109
I0820 23:05:12.565663   30916 structlog.go:42]   	adapters[loopme].userSync: <*config.Syncer Value>
I0820 23:05:12.566219   30916 structlog.go:39]   	adapters[loopme].experiment.adsCert.enabled: false
I0820 23:05:12.566219   30916 structlog.go:42]   	adapters[loopme].xapi.username: 
I0820 23:05:12.566219   30916 structlog.go:56]   	adapters[loopme].xapi.password: <REDACTED>
I0820 23:05:12.566731   30916 structlog.go:42]   	adapters[loopme].xapi.tracker: 
I0820 23:05:12.566830   30916 structlog.go:42]   	adapters[loopme].platform_id: 
I0820 23:05:12.566830   30916 structlog.go:42]   	adapters[loopme].app_secret: 
I0820 23:05:12.566830   30916 structlog.go:42]   	adapters[loopme].endpointCompression: 
I0820 23:05:12.567333   30916 structlog.go:42]   	adapters[visx].aliasOf: 
I0820 23:05:12.567333   30916 structlog.go:39]   	adapters[visx].whiteLabelOnly: false
I0820 23:05:12.567333   30916 structlog.go:39]   	adapters[visx].disabled: false
I0820 23:05:12.567844   30916 structlog.go:42]   	adapters[visx].endpoint: https://t.visx.net/s2s_bid?wrapperType=s2s_prebid_standard:0.1.2
I0820 23:05:12.567844   30916 structlog.go:42]   	adapters[visx].extra_info: 
I0820 23:05:12.567844   30916 structlog.go:42]   	adapters[visx].openrtb: <*config.OpenRTBInfo Value>
I0820 23:05:12.568386   30916 structlog.go:42]   	adapters[visx].maintainer: <*config.MaintainerInfo Value>
I0820 23:05:12.568452   30916 structlog.go:42]   	adapters[visx].capabilities: <*config.CapabilitiesInfo Value>
I0820 23:05:12.568452   30916 structlog.go:39]   	adapters[visx].modifyingVastXmlAllowed: false
I0820 23:05:12.568452   30916 structlog.go:42]   	adapters[visx].debug: <*config.DebugInfo Value>
I0820 23:05:12.568955   30916 structlog.go:35]   	adapters[visx].gvlVendorID: 154
I0820 23:05:12.568955   30916 structlog.go:42]   	adapters[visx].userSync: <*config.Syncer Value>
I0820 23:05:12.568955   30916 structlog.go:39]   	adapters[visx].experiment.adsCert.enabled: false
I0820 23:05:12.569465   30916 structlog.go:42]   	adapters[visx].xapi.username: 
I0820 23:05:12.569465   30916 structlog.go:56]   	adapters[visx].xapi.password: <REDACTED>
I0820 23:05:12.569465   30916 structlog.go:42]   	adapters[visx].xapi.tracker: 
I0820 23:05:12.569993   30916 structlog.go:42]   	adapters[visx].platform_id: 
I0820 23:05:12.569993   30916 structlog.go:42]   	adapters[visx].app_secret: 
I0820 23:05:12.569993   30916 structlog.go:42]   	adapters[visx].endpointCompression: 
I0820 23:05:12.570504   30916 structlog.go:42]   	adapters[flatads].aliasOf: 
I0820 23:05:12.570504   30916 structlog.go:39]   	adapters[flatads].whiteLabelOnly: false
I0820 23:05:12.570504   30916 structlog.go:39]   	adapters[flatads].disabled: false
I0820 23:05:12.571015   30916 structlog.go:42]   	adapters[flatads].endpoint: https://bid.rtbshark.com/api/rtbs/adx/rtb?x-net-id={{.PublisherID}}&x-net-token={{.TokenID}}
I0820 23:05:12.571015   30916 structlog.go:42]   	adapters[flatads].extra_info: 
I0820 23:05:12.571015   30916 structlog.go:42]   	adapters[flatads].openrtb: <*config.OpenRTBInfo Value>
I0820 23:05:12.571526   30916 structlog.go:42]   	adapters[flatads].maintainer: <*config.MaintainerInfo Value>
I0820 23:05:12.571526   30916 structlog.go:42]   	adapters[flatads].capabilities: <*config.CapabilitiesInfo Value>
I0820 23:05:12.571526   30916 structlog.go:39]   	adapters[flatads].modifyingVastXmlAllowed: false
I0820 23:05:12.571526   30916 structlog.go:42]   	adapters[flatads].debug: <*config.DebugInfo Value>
I0820 23:05:12.572061   30916 structlog.go:35]   	adapters[flatads].gvlVendorID: 0
I0820 23:05:12.572061   30916 structlog.go:42]   	adapters[flatads].userSync: <*config.Syncer Value>
I0820 23:05:12.572061   30916 structlog.go:39]   	adapters[flatads].experiment.adsCert.enabled: false
I0820 23:05:12.572580   30916 structlog.go:42]   	adapters[flatads].xapi.username: 
I0820 23:05:12.572580   30916 structlog.go:56]   	adapters[flatads].xapi.password: <REDACTED>
I0820 23:05:12.572580   30916 structlog.go:42]   	adapters[flatads].xapi.tracker: 
I0820 23:05:12.573089   30916 structlog.go:42]   	adapters[flatads].platform_id: 
I0820 23:05:12.573089   30916 structlog.go:42]   	adapters[flatads].app_secret: 
I0820 23:05:12.573089   30916 structlog.go:42]   	adapters[flatads].endpointCompression: gzip
I0820 23:05:12.573622   30916 structlog.go:42]   	adapters[roulax].aliasOf: 
I0820 23:05:12.573622   30916 structlog.go:39]   	adapters[roulax].whiteLabelOnly: false
I0820 23:05:12.573622   30916 structlog.go:39]   	adapters[roulax].disabled: false
I0820 23:05:12.574146   30916 structlog.go:42]   	adapters[roulax].endpoint: http://dsp.rcoreads.com/api/{{.PublisherID}}?pid={{.AccountID}}
I0820 23:05:12.574146   30916 structlog.go:42]   	adapters[roulax].extra_info: 
I0820 23:05:12.574146   30916 structlog.go:42]   	adapters[roulax].openrtb: <*config.OpenRTBInfo Value>
I0820 23:05:12.574656   30916 structlog.go:42]   	adapters[roulax].maintainer: <*config.MaintainerInfo Value>
I0820 23:05:12.574656   30916 structlog.go:42]   	adapters[roulax].capabilities: <*config.CapabilitiesInfo Value>
I0820 23:05:12.575165   30916 structlog.go:39]   	adapters[roulax].modifyingVastXmlAllowed: false
I0820 23:05:12.575165   30916 structlog.go:42]   	adapters[roulax].debug: <*config.DebugInfo Value>
I0820 23:05:12.575165   30916 structlog.go:35]   	adapters[roulax].gvlVendorID: 0
I0820 23:05:12.575675   30916 structlog.go:42]   	adapters[roulax].userSync: <*config.Syncer Value>
I0820 23:05:12.575675   30916 structlog.go:39]   	adapters[roulax].experiment.adsCert.enabled: false
I0820 23:05:12.575675   30916 structlog.go:42]   	adapters[roulax].xapi.username: 
I0820 23:05:12.576190   30916 structlog.go:56]   	adapters[roulax].xapi.password: <REDACTED>
I0820 23:05:12.576190   30916 structlog.go:42]   	adapters[roulax].xapi.tracker: 
I0820 23:05:12.576190   30916 structlog.go:42]   	adapters[roulax].platform_id: 
I0820 23:05:12.576699   30916 structlog.go:42]   	adapters[roulax].app_secret: 
I0820 23:05:12.576699   30916 structlog.go:42]   	adapters[roulax].endpointCompression: 
I0820 23:05:12.576699   30916 structlog.go:42]   	adapters[pangle].aliasOf: 
I0820 23:05:12.577209   30916 structlog.go:39]   	adapters[pangle].whiteLabelOnly: false
I0820 23:05:12.577209   30916 structlog.go:39]   	adapters[pangle].disabled: true
I0820 23:05:12.577209   30916 structlog.go:42]   	adapters[pangle].endpoint: 
I0820 23:05:12.577719   30916 structlog.go:42]   	adapters[pangle].extra_info: 
I0820 23:05:12.577719   30916 structlog.go:42]   	adapters[pangle].openrtb: <*config.OpenRTBInfo Value>
I0820 23:05:12.577719   30916 structlog.go:42]   	adapters[pangle].maintainer: <*config.MaintainerInfo Value>
I0820 23:05:12.577719   30916 structlog.go:42]   	adapters[pangle].capabilities: <*config.CapabilitiesInfo Value>
I0820 23:05:12.578241   30916 structlog.go:39]   	adapters[pangle].modifyingVastXmlAllowed: true
I0820 23:05:12.578241   30916 structlog.go:42]   	adapters[pangle].debug: <*config.DebugInfo Value>
I0820 23:05:12.578241   30916 structlog.go:35]   	adapters[pangle].gvlVendorID: 0
I0820 23:05:12.578751   30916 structlog.go:42]   	adapters[pangle].userSync: <*config.Syncer Value>
I0820 23:05:12.580072   30916 structlog.go:39]   	adapters[pangle].experiment.adsCert.enabled: false
I0820 23:05:12.581639   30916 structlog.go:42]   	adapters[pangle].xapi.username: 
I0820 23:05:12.581639   30916 structlog.go:56]   	adapters[pangle].xapi.password: <REDACTED>
I0820 23:05:12.582278   30916 structlog.go:42]   	adapters[pangle].xapi.tracker: 
I0820 23:05:12.582350   30916 structlog.go:42]   	adapters[pangle].platform_id: 
I0820 23:05:12.582350   30916 structlog.go:42]   	adapters[pangle].app_secret: 
I0820 23:05:12.582853   30916 structlog.go:42]   	adapters[pangle].endpointCompression: 
I0820 23:05:12.582853   30916 structlog.go:42]   	adapters[artechnology].aliasOf: smarthub
I0820 23:05:12.582853   30916 structlog.go:39]   	adapters[artechnology].whiteLabelOnly: false
I0820 23:05:12.583375   30916 structlog.go:39]   	adapters[artechnology].disabled: false
I0820 23:05:12.583375   30916 structlog.go:42]   	adapters[artechnology].endpoint: https://artechnology-prebid.attekmi.com/pbserver/?seat={{.AccountID}}&token={{.SourceId}}
I0820 23:05:12.583375   30916 structlog.go:42]   	adapters[artechnology].extra_info: 
I0820 23:05:12.583375   30916 structlog.go:42]   	adapters[artechnology].openrtb: <*config.OpenRTBInfo Value>
I0820 23:05:12.583375   30916 structlog.go:42]   	adapters[artechnology].maintainer: <*config.MaintainerInfo Value>
I0820 23:05:12.583375   30916 structlog.go:42]   	adapters[artechnology].capabilities: <*config.CapabilitiesInfo Value>
I0820 23:05:12.584374   30916 structlog.go:39]   	adapters[artechnology].modifyingVastXmlAllowed: false
I0820 23:05:12.584374   30916 structlog.go:42]   	adapters[artechnology].debug: <*config.DebugInfo Value>
I0820 23:05:12.584374   30916 structlog.go:35]   	adapters[artechnology].gvlVendorID: 0
I0820 23:05:12.584374   30916 structlog.go:42]   	adapters[artechnology].userSync: <*config.Syncer Value>
I0820 23:05:12.584374   30916 structlog.go:39]   	adapters[artechnology].experiment.adsCert.enabled: false
I0820 23:05:12.585372   30916 structlog.go:42]   	adapters[artechnology].xapi.username: 
I0820 23:05:12.585372   30916 structlog.go:56]   	adapters[artechnology].xapi.password: <REDACTED>
I0820 23:05:12.585372   30916 structlog.go:42]   	adapters[artechnology].xapi.tracker: 
I0820 23:05:12.585372   30916 structlog.go:42]   	adapters[artechnology].platform_id: 
I0820 23:05:12.585372   30916 structlog.go:42]   	adapters[artechnology].app_secret: 
I0820 23:05:12.586369   30916 structlog.go:42]   	adapters[artechnology].endpointCompression: 
I0820 23:05:12.586369   30916 structlog.go:42]   	adapters[gamoshi].aliasOf: 
I0820 23:05:12.586369   30916 structlog.go:39]   	adapters[gamoshi].whiteLabelOnly: false
I0820 23:05:12.586369   30916 structlog.go:39]   	adapters[gamoshi].disabled: false
I0820 23:05:12.586369   30916 structlog.go:42]   	adapters[gamoshi].endpoint: https://rtb.gamoshi.io
I0820 23:05:12.586369   30916 structlog.go:42]   	adapters[gamoshi].extra_info: 
I0820 23:05:12.587367   30916 structlog.go:42]   	adapters[gamoshi].openrtb: <*config.OpenRTBInfo Value>
I0820 23:05:12.587367   30916 structlog.go:42]   	adapters[gamoshi].maintainer: <*config.MaintainerInfo Value>
I0820 23:05:12.587367   30916 structlog.go:42]   	adapters[gamoshi].capabilities: <*config.CapabilitiesInfo Value>
I0820 23:05:12.587367   30916 structlog.go:39]   	adapters[gamoshi].modifyingVastXmlAllowed: false
I0820 23:05:12.587367   30916 structlog.go:42]   	adapters[gamoshi].debug: <*config.DebugInfo Value>
I0820 23:05:12.587367   30916 structlog.go:35]   	adapters[gamoshi].gvlVendorID: 644
I0820 23:05:12.588365   30916 structlog.go:42]   	adapters[gamoshi].userSync: <*config.Syncer Value>
I0820 23:05:12.588365   30916 structlog.go:39]   	adapters[gamoshi].experiment.adsCert.enabled: false
I0820 23:05:12.588365   30916 structlog.go:42]   	adapters[gamoshi].xapi.username: 
I0820 23:05:12.588365   30916 structlog.go:56]   	adapters[gamoshi].xapi.password: <REDACTED>
I0820 23:05:12.588365   30916 structlog.go:42]   	adapters[gamoshi].xapi.tracker: 
I0820 23:05:12.588365   30916 structlog.go:42]   	adapters[gamoshi].platform_id: 
I0820 23:05:12.589361   30916 structlog.go:42]   	adapters[gamoshi].app_secret: 
I0820 23:05:12.589361   30916 structlog.go:42]   	adapters[gamoshi].endpointCompression: 
I0820 23:05:12.589361   30916 structlog.go:42]   	adapters[mobupps].aliasOf: adverxo
I0820 23:05:12.589361   30916 structlog.go:39]   	adapters[mobupps].whiteLabelOnly: false
I0820 23:05:12.589963   30916 structlog.go:39]   	adapters[mobupps].disabled: false
I0820 23:05:12.589963   30916 structlog.go:42]   	adapters[mobupps].endpoint: https://mobupps.pbsadverxo.com/auction?id={{.AdUnit}}&auth={{.TokenID}}
I0820 23:05:12.589963   30916 structlog.go:42]   	adapters[mobupps].extra_info: 
I0820 23:05:12.590481   30916 structlog.go:42]   	adapters[mobupps].openrtb: <*config.OpenRTBInfo Value>
I0820 23:05:12.590481   30916 structlog.go:42]   	adapters[mobupps].maintainer: <*config.MaintainerInfo Value>
I0820 23:05:12.590481   30916 structlog.go:42]   	adapters[mobupps].capabilities: <*config.CapabilitiesInfo Value>
I0820 23:05:12.590481   30916 structlog.go:39]   	adapters[mobupps].modifyingVastXmlAllowed: false
I0820 23:05:12.591024   30916 structlog.go:42]   	adapters[mobupps].debug: <*config.DebugInfo Value>
I0820 23:05:12.591024   30916 structlog.go:35]   	adapters[mobupps].gvlVendorID: 0
I0820 23:05:12.591024   30916 structlog.go:42]   	adapters[mobupps].userSync: <*config.Syncer Value>
I0820 23:05:12.591562   30916 structlog.go:39]   	adapters[mobupps].experiment.adsCert.enabled: false
I0820 23:05:12.591562   30916 structlog.go:42]   	adapters[mobupps].xapi.username: 
I0820 23:05:12.591562   30916 structlog.go:56]   	adapters[mobupps].xapi.password: <REDACTED>
I0820 23:05:12.592088   30916 structlog.go:42]   	adapters[mobupps].xapi.tracker: 
I0820 23:05:12.592088   30916 structlog.go:42]   	adapters[mobupps].platform_id: 
I0820 23:05:12.592088   30916 structlog.go:42]   	adapters[mobupps].app_secret: 
I0820 23:05:12.592088   30916 structlog.go:42]   	adapters[mobupps].endpointCompression: gzip
I0820 23:05:12.592599   30916 structlog.go:42]   	adapters[mediasquare].aliasOf: 
I0820 23:05:12.592599   30916 structlog.go:39]   	adapters[mediasquare].whiteLabelOnly: false
I0820 23:05:12.592599   30916 structlog.go:39]   	adapters[mediasquare].disabled: false
I0820 23:05:12.593123   30916 structlog.go:42]   	adapters[mediasquare].endpoint: https://pbs-front.mediasquare.fr/msq_prebid
I0820 23:05:12.593123   30916 structlog.go:42]   	adapters[mediasquare].extra_info: 
I0820 23:05:12.593123   30916 structlog.go:42]   	adapters[mediasquare].openrtb: <*config.OpenRTBInfo Value>
I0820 23:05:12.593633   30916 structlog.go:42]   	adapters[mediasquare].maintainer: <*config.MaintainerInfo Value>
I0820 23:05:12.593633   30916 structlog.go:42]   	adapters[mediasquare].capabilities: <*config.CapabilitiesInfo Value>
I0820 23:05:12.594633   30916 structlog.go:39]   	adapters[mediasquare].modifyingVastXmlAllowed: true
I0820 23:05:12.594633   30916 structlog.go:42]   	adapters[mediasquare].debug: <*config.DebugInfo Value>
I0820 23:05:12.595631   30916 structlog.go:35]   	adapters[mediasquare].gvlVendorID: 791
I0820 23:05:12.597459   30916 structlog.go:42]   	adapters[mediasquare].userSync: <*config.Syncer Value>
I0820 23:05:12.600791   30916 structlog.go:39]   	adapters[mediasquare].experiment.adsCert.enabled: false
I0820 23:05:12.601789   30916 structlog.go:42]   	adapters[mediasquare].xapi.username: 
I0820 23:05:12.603783   30916 structlog.go:56]   	adapters[mediasquare].xapi.password: <REDACTED>
I0820 23:05:12.604781   30916 structlog.go:42]   	adapters[mediasquare].xapi.tracker: 
I0820 23:05:12.604781   30916 structlog.go:42]   	adapters[mediasquare].platform_id: 
I0820 23:05:12.604781   30916 structlog.go:42]   	adapters[mediasquare].app_secret: 
I0820 23:05:12.605778   30916 structlog.go:42]   	adapters[mediasquare].endpointCompression: gzip
I0820 23:05:12.605778   30916 structlog.go:42]   	adapters[intenze].aliasOf: gothamads
I0820 23:05:12.605778   30916 structlog.go:39]   	adapters[intenze].whiteLabelOnly: false
I0820 23:05:12.605778   30916 structlog.go:39]   	adapters[intenze].disabled: false
I0820 23:05:12.605778   30916 structlog.go:42]   	adapters[intenze].endpoint: http://lb-east.intenze.co/?pass={{.AccountID}}
I0820 23:05:12.605778   30916 structlog.go:42]   	adapters[intenze].extra_info: 
I0820 23:05:12.606775   30916 structlog.go:42]   	adapters[intenze].openrtb: <*config.OpenRTBInfo Value>
I0820 23:05:12.606775   30916 structlog.go:42]   	adapters[intenze].maintainer: <*config.MaintainerInfo Value>
I0820 23:05:12.606775   30916 structlog.go:42]   	adapters[intenze].capabilities: <*config.CapabilitiesInfo Value>
I0820 23:05:12.607290   30916 structlog.go:39]   	adapters[intenze].modifyingVastXmlAllowed: false
I0820 23:05:12.607415   30916 structlog.go:42]   	adapters[intenze].debug: <*config.DebugInfo Value>
I0820 23:05:12.607415   30916 structlog.go:35]   	adapters[intenze].gvlVendorID: 0
I0820 23:05:12.607415   30916 structlog.go:42]   	adapters[intenze].userSync: <*config.Syncer Value>
I0820 23:05:12.607918   30916 structlog.go:39]   	adapters[intenze].experiment.adsCert.enabled: false
I0820 23:05:12.607918   30916 structlog.go:42]   	adapters[intenze].xapi.username: 
I0820 23:05:12.607918   30916 structlog.go:56]   	adapters[intenze].xapi.password: <REDACTED>
I0820 23:05:12.608434   30916 structlog.go:42]   	adapters[intenze].xapi.tracker: 
I0820 23:05:12.608434   30916 structlog.go:42]   	adapters[intenze].platform_id: 
I0820 23:05:12.608434   30916 structlog.go:42]   	adapters[intenze].app_secret: 
I0820 23:05:12.608977   30916 structlog.go:42]   	adapters[intenze].endpointCompression: 
I0820 23:05:12.608977   30916 structlog.go:42]   	adapters[mobkoi].aliasOf: 
I0820 23:05:12.608977   30916 structlog.go:39]   	adapters[mobkoi].whiteLabelOnly: false
I0820 23:05:12.608977   30916 structlog.go:39]   	adapters[mobkoi].disabled: false
I0820 23:05:12.609489   30916 structlog.go:42]   	adapters[mobkoi].endpoint: https://pbs.maximus.mobkoi.com/bid
I0820 23:05:12.609489   30916 structlog.go:42]   	adapters[mobkoi].extra_info: 
I0820 23:05:12.609489   30916 structlog.go:42]   	adapters[mobkoi].openrtb: <*config.OpenRTBInfo Value>
I0820 23:05:12.609999   30916 structlog.go:42]   	adapters[mobkoi].maintainer: <*config.MaintainerInfo Value>
I0820 23:05:12.609999   30916 structlog.go:42]   	adapters[mobkoi].capabilities: <*config.CapabilitiesInfo Value>
I0820 23:05:12.609999   30916 structlog.go:39]   	adapters[mobkoi].modifyingVastXmlAllowed: false
I0820 23:05:12.610507   30916 structlog.go:42]   	adapters[mobkoi].debug: <*config.DebugInfo Value>
I0820 23:05:12.610507   30916 structlog.go:35]   	adapters[mobkoi].gvlVendorID: 898
I0820 23:05:12.610507   30916 structlog.go:42]   	adapters[mobkoi].userSync: <*config.Syncer Value>
I0820 23:05:12.611015   30916 structlog.go:39]   	adapters[mobkoi].experiment.adsCert.enabled: false
I0820 23:05:12.611015   30916 structlog.go:42]   	adapters[mobkoi].xapi.username: 
I0820 23:05:12.611015   30916 structlog.go:56]   	adapters[mobkoi].xapi.password: <REDACTED>
I0820 23:05:12.611527   30916 structlog.go:42]   	adapters[mobkoi].xapi.tracker: 
I0820 23:05:12.611527   30916 structlog.go:42]   	adapters[mobkoi].platform_id: 
I0820 23:05:12.611527   30916 structlog.go:42]   	adapters[mobkoi].app_secret: 
I0820 23:05:12.612042   30916 structlog.go:42]   	adapters[mobkoi].endpointCompression: 
I0820 23:05:12.612042   30916 structlog.go:42]   	adapters[admixer].aliasOf: 
I0820 23:05:12.612042   30916 structlog.go:39]   	adapters[admixer].whiteLabelOnly: false
I0820 23:05:12.612551   30916 structlog.go:39]   	adapters[admixer].disabled: false
I0820 23:05:12.612551   30916 structlog.go:42]   	adapters[admixer].endpoint: http://inv-nets.admixer.net/pbs.aspx
I0820 23:05:12.613072   30916 structlog.go:42]   	adapters[admixer].extra_info: 
I0820 23:05:12.613072   30916 structlog.go:42]   	adapters[admixer].openrtb: <*config.OpenRTBInfo Value>
I0820 23:05:12.613584   30916 structlog.go:42]   	adapters[admixer].maintainer: <*config.MaintainerInfo Value>
I0820 23:05:12.613584   30916 structlog.go:42]   	adapters[admixer].capabilities: <*config.CapabilitiesInfo Value>
I0820 23:05:12.613584   30916 structlog.go:39]   	adapters[admixer].modifyingVastXmlAllowed: false
I0820 23:05:12.613584   30916 structlog.go:42]   	adapters[admixer].debug: <*config.DebugInfo Value>
I0820 23:05:12.614094   30916 structlog.go:35]   	adapters[admixer].gvlVendorID: 511
I0820 23:05:12.614471   30916 structlog.go:42]   	adapters[admixer].userSync: <*config.Syncer Value>
I0820 23:05:12.614471   30916 structlog.go:39]   	adapters[admixer].experiment.adsCert.enabled: false
I0820 23:05:12.614471   30916 structlog.go:42]   	adapters[admixer].xapi.username: 
I0820 23:05:12.614859   30916 structlog.go:56]   	adapters[admixer].xapi.password: <REDACTED>
I0820 23:05:12.614859   30916 structlog.go:42]   	adapters[admixer].xapi.tracker: 
I0820 23:05:12.614859   30916 structlog.go:42]   	adapters[admixer].platform_id: 
I0820 23:05:12.615400   30916 structlog.go:42]   	adapters[admixer].app_secret: 
I0820 23:05:12.615400   30916 structlog.go:42]   	adapters[admixer].endpointCompression: 
I0820 23:05:12.615400   30916 structlog.go:42]   	adapters[adyoulike].aliasOf: 
I0820 23:05:12.615911   30916 structlog.go:39]   	adapters[adyoulike].whiteLabelOnly: false
I0820 23:05:12.615911   30916 structlog.go:39]   	adapters[adyoulike].disabled: false
I0820 23:05:12.615911   30916 structlog.go:42]   	adapters[adyoulike].endpoint: https://hb-ss.omnitagjs.com/broker/bid?partnerId=19340f4f097d16f41f34fc0274981ca4
I0820 23:05:12.616420   30916 structlog.go:42]   	adapters[adyoulike].extra_info: 
I0820 23:05:12.616420   30916 structlog.go:42]   	adapters[adyoulike].openrtb: <*config.OpenRTBInfo Value>
I0820 23:05:12.616420   30916 structlog.go:42]   	adapters[adyoulike].maintainer: <*config.MaintainerInfo Value>
I0820 23:05:12.616960   30916 structlog.go:42]   	adapters[adyoulike].capabilities: <*config.CapabilitiesInfo Value>
I0820 23:05:12.616960   30916 structlog.go:39]   	adapters[adyoulike].modifyingVastXmlAllowed: true
I0820 23:05:12.616960   30916 structlog.go:42]   	adapters[adyoulike].debug: <*config.DebugInfo Value>
I0820 23:05:12.617484   30916 structlog.go:35]   	adapters[adyoulike].gvlVendorID: 259
I0820 23:05:12.617593   30916 structlog.go:42]   	adapters[adyoulike].userSync: <*config.Syncer Value>
I0820 23:05:12.617593   30916 structlog.go:39]   	adapters[adyoulike].experiment.adsCert.enabled: false
I0820 23:05:12.617593   30916 structlog.go:42]   	adapters[adyoulike].xapi.username: 
I0820 23:05:12.618111   30916 structlog.go:56]   	adapters[adyoulike].xapi.password: <REDACTED>
I0820 23:05:12.618111   30916 structlog.go:42]   	adapters[adyoulike].xapi.tracker: 
I0820 23:05:12.618111   30916 structlog.go:42]   	adapters[adyoulike].platform_id: 
I0820 23:05:12.618111   30916 structlog.go:42]   	adapters[adyoulike].app_secret: 
I0820 23:05:12.618624   30916 structlog.go:42]   	adapters[adyoulike].endpointCompression: 
I0820 23:05:12.618624   30916 structlog.go:42]   	adapters[boldwin].aliasOf: 
I0820 23:05:12.618624   30916 structlog.go:39]   	adapters[boldwin].whiteLabelOnly: false
I0820 23:05:12.618624   30916 structlog.go:39]   	adapters[boldwin].disabled: false
I0820 23:05:12.619147   30916 structlog.go:42]   	adapters[boldwin].endpoint: http://ssp.videowalldirect.com/pserver
I0820 23:05:12.619147   30916 structlog.go:42]   	adapters[boldwin].extra_info: 
I0820 23:05:12.619147   30916 structlog.go:42]   	adapters[boldwin].openrtb: <*config.OpenRTBInfo Value>
I0820 23:05:12.619656   30916 structlog.go:42]   	adapters[boldwin].maintainer: <*config.MaintainerInfo Value>
I0820 23:05:12.619656   30916 structlog.go:42]   	adapters[boldwin].capabilities: <*config.CapabilitiesInfo Value>
I0820 23:05:12.619656   30916 structlog.go:39]   	adapters[boldwin].modifyingVastXmlAllowed: false
I0820 23:05:12.619656   30916 structlog.go:42]   	adapters[boldwin].debug: <*config.DebugInfo Value>
I0820 23:05:12.620201   30916 structlog.go:35]   	adapters[boldwin].gvlVendorID: 0
I0820 23:05:12.620201   30916 structlog.go:42]   	adapters[boldwin].userSync: <*config.Syncer Value>
I0820 23:05:12.620201   30916 structlog.go:39]   	adapters[boldwin].experiment.adsCert.enabled: false
I0820 23:05:12.620201   30916 structlog.go:42]   	adapters[boldwin].xapi.username: 
I0820 23:05:12.620712   30916 structlog.go:56]   	adapters[boldwin].xapi.password: <REDACTED>
I0820 23:05:12.620712   30916 structlog.go:42]   	adapters[boldwin].xapi.tracker: 
I0820 23:05:12.620712   30916 structlog.go:42]   	adapters[boldwin].platform_id: 
I0820 23:05:12.621235   30916 structlog.go:42]   	adapters[boldwin].app_secret: 
I0820 23:05:12.621235   30916 structlog.go:42]   	adapters[boldwin].endpointCompression: 
I0820 23:05:12.621235   30916 structlog.go:42]   	adapters[axis].aliasOf: 
I0820 23:05:12.621235   30916 structlog.go:39]   	adapters[axis].whiteLabelOnly: false
I0820 23:05:12.621744   30916 structlog.go:39]   	adapters[axis].disabled: false
I0820 23:05:12.621744   30916 structlog.go:42]   	adapters[axis].endpoint: http://prebid.axis-marketplace.com/pbserver
I0820 23:05:12.621744   30916 structlog.go:42]   	adapters[axis].extra_info: 
I0820 23:05:12.621744   30916 structlog.go:42]   	adapters[axis].openrtb: <*config.OpenRTBInfo Value>
I0820 23:05:12.622253   30916 structlog.go:42]   	adapters[axis].maintainer: <*config.MaintainerInfo Value>
I0820 23:05:12.622253   30916 structlog.go:42]   	adapters[axis].capabilities: <*config.CapabilitiesInfo Value>
I0820 23:05:12.622253   30916 structlog.go:39]   	adapters[axis].modifyingVastXmlAllowed: false
I0820 23:05:12.622253   30916 structlog.go:42]   	adapters[axis].debug: <*config.DebugInfo Value>
I0820 23:05:12.622763   30916 structlog.go:35]   	adapters[axis].gvlVendorID: 0
I0820 23:05:12.622763   30916 structlog.go:42]   	adapters[axis].userSync: <*config.Syncer Value>
I0820 23:05:12.622763   30916 structlog.go:39]   	adapters[axis].experiment.adsCert.enabled: false
I0820 23:05:12.622763   30916 structlog.go:42]   	adapters[axis].xapi.username: 
I0820 23:05:12.623271   30916 structlog.go:56]   	adapters[axis].xapi.password: <REDACTED>
I0820 23:05:12.623271   30916 structlog.go:42]   	adapters[axis].xapi.tracker: 
I0820 23:05:12.623271   30916 structlog.go:42]   	adapters[axis].platform_id: 
I0820 23:05:12.623271   30916 structlog.go:42]   	adapters[axis].app_secret: 
I0820 23:05:12.623779   30916 structlog.go:42]   	adapters[axis].endpointCompression: 
I0820 23:05:12.623779   30916 structlog.go:42]   	adapters[adkernel].aliasOf: 
I0820 23:05:12.623779   30916 structlog.go:39]   	adapters[adkernel].whiteLabelOnly: false
I0820 23:05:12.623779   30916 structlog.go:39]   	adapters[adkernel].disabled: false
I0820 23:05:12.624287   30916 structlog.go:42]   	adapters[adkernel].endpoint: http://pbs.adksrv.com/hb?zone={{.ZoneID}}
I0820 23:05:12.624287   30916 structlog.go:42]   	adapters[adkernel].extra_info: 
I0820 23:05:12.624287   30916 structlog.go:42]   	adapters[adkernel].openrtb: <*config.OpenRTBInfo Value>
I0820 23:05:12.624287   30916 structlog.go:42]   	adapters[adkernel].maintainer: <*config.MaintainerInfo Value>
I0820 23:05:12.624287   30916 structlog.go:42]   	adapters[adkernel].capabilities: <*config.CapabilitiesInfo Value>
I0820 23:05:12.624794   30916 structlog.go:39]   	adapters[adkernel].modifyingVastXmlAllowed: false
I0820 23:05:12.624794   30916 structlog.go:42]   	adapters[adkernel].debug: <*config.DebugInfo Value>
I0820 23:05:12.624794   30916 structlog.go:35]   	adapters[adkernel].gvlVendorID: 14
I0820 23:05:12.624794   30916 structlog.go:42]   	adapters[adkernel].userSync: <*config.Syncer Value>
I0820 23:05:12.625306   30916 structlog.go:39]   	adapters[adkernel].experiment.adsCert.enabled: false
I0820 23:05:12.625306   30916 structlog.go:42]   	adapters[adkernel].xapi.username: 
I0820 23:05:12.625306   30916 structlog.go:56]   	adapters[adkernel].xapi.password: <REDACTED>
I0820 23:05:12.625306   30916 structlog.go:42]   	adapters[adkernel].xapi.tracker: 
I0820 23:05:12.625812   30916 structlog.go:42]   	adapters[adkernel].platform_id: 
I0820 23:05:12.625812   30916 structlog.go:42]   	adapters[adkernel].app_secret: 
I0820 23:05:12.625812   30916 structlog.go:42]   	adapters[adkernel].endpointCompression: GZIP
I0820 23:05:12.625812   30916 structlog.go:42]   	adapters[mgid].aliasOf: 
I0820 23:05:12.626323   30916 structlog.go:39]   	adapters[mgid].whiteLabelOnly: false
I0820 23:05:12.626323   30916 structlog.go:39]   	adapters[mgid].disabled: false
I0820 23:05:12.626323   30916 structlog.go:42]   	adapters[mgid].endpoint: https://prebid.mgid.com/prebid/
I0820 23:05:12.626323   30916 structlog.go:42]   	adapters[mgid].extra_info: 
I0820 23:05:12.626833   30916 structlog.go:42]   	adapters[mgid].openrtb: <*config.OpenRTBInfo Value>
I0820 23:05:12.626833   30916 structlog.go:42]   	adapters[mgid].maintainer: <*config.MaintainerInfo Value>
I0820 23:05:12.626833   30916 structlog.go:42]   	adapters[mgid].capabilities: <*config.CapabilitiesInfo Value>
I0820 23:05:12.626833   30916 structlog.go:39]   	adapters[mgid].modifyingVastXmlAllowed: false
I0820 23:05:12.627342   30916 structlog.go:42]   	adapters[mgid].debug: <*config.DebugInfo Value>
I0820 23:05:12.627342   30916 structlog.go:35]   	adapters[mgid].gvlVendorID: 358
I0820 23:05:12.627342   30916 structlog.go:42]   	adapters[mgid].userSync: <*config.Syncer Value>
I0820 23:05:12.627342   30916 structlog.go:39]   	adapters[mgid].experiment.adsCert.enabled: false
I0820 23:05:12.627851   30916 structlog.go:42]   	adapters[mgid].xapi.username: 
I0820 23:05:12.627851   30916 structlog.go:56]   	adapters[mgid].xapi.password: <REDACTED>
I0820 23:05:12.627851   30916 structlog.go:42]   	adapters[mgid].xapi.tracker: 
I0820 23:05:12.627851   30916 structlog.go:42]   	adapters[mgid].platform_id: 
I0820 23:05:12.628359   30916 structlog.go:42]   	adapters[mgid].app_secret: 
I0820 23:05:12.628359   30916 structlog.go:42]   	adapters[mgid].endpointCompression: 
I0820 23:05:12.628359   30916 structlog.go:42]   	adapters[easybid].aliasOf: nexx360
I0820 23:05:12.628359   30916 structlog.go:39]   	adapters[easybid].whiteLabelOnly: false
I0820 23:05:12.628870   30916 structlog.go:39]   	adapters[easybid].disabled: false
I0820 23:05:12.629168   30916 structlog.go:42]   	adapters[easybid].endpoint: http://fast.nexx360.io/prebid-server
I0820 23:05:12.629230   30916 structlog.go:42]   	adapters[easybid].extra_info: 
I0820 23:05:12.629230   30916 structlog.go:42]   	adapters[easybid].openrtb: <*config.OpenRTBInfo Value>
I0820 23:05:12.629522   30916 structlog.go:42]   	adapters[easybid].maintainer: <*config.MaintainerInfo Value>
I0820 23:05:12.629522   30916 structlog.go:42]   	adapters[easybid].capabilities: <*config.CapabilitiesInfo Value>
I0820 23:05:12.629522   30916 structlog.go:39]   	adapters[easybid].modifyingVastXmlAllowed: false
I0820 23:05:12.630042   30916 structlog.go:42]   	adapters[easybid].debug: <*config.DebugInfo Value>
I0820 23:05:12.630109   30916 structlog.go:35]   	adapters[easybid].gvlVendorID: 0
I0820 23:05:12.630109   30916 structlog.go:42]   	adapters[easybid].userSync: <*config.Syncer Value>
I0820 23:05:12.630109   30916 structlog.go:39]   	adapters[easybid].experiment.adsCert.enabled: false
I0820 23:05:12.630612   30916 structlog.go:42]   	adapters[easybid].xapi.username: 
I0820 23:05:12.630612   30916 structlog.go:56]   	adapters[easybid].xapi.password: <REDACTED>
I0820 23:05:12.630612   30916 structlog.go:42]   	adapters[easybid].xapi.tracker: 
I0820 23:05:12.630612   30916 structlog.go:42]   	adapters[easybid].platform_id: 
I0820 23:05:12.631125   30916 structlog.go:42]   	adapters[easybid].app_secret: 
I0820 23:05:12.631125   30916 structlog.go:42]   	adapters[easybid].endpointCompression: gzip
I0820 23:05:12.631125   30916 structlog.go:42]   	adapters[beachfront].aliasOf: 
I0820 23:05:12.631125   30916 structlog.go:39]   	adapters[beachfront].whiteLabelOnly: false
I0820 23:05:12.631636   30916 structlog.go:39]   	adapters[beachfront].disabled: false
I0820 23:05:12.631636   30916 structlog.go:42]   	adapters[beachfront].endpoint: https://display.bfmio.com/prebid_display
I0820 23:05:12.631636   30916 structlog.go:42]   	adapters[beachfront].extra_info: {"video_endpoint":"https://reachms.bfmio.com/bid.json?exchange_id"}
I0820 23:05:12.632049   30916 structlog.go:42]   	adapters[beachfront].openrtb: <*config.OpenRTBInfo Value>
I0820 23:05:12.632049   30916 structlog.go:42]   	adapters[beachfront].maintainer: <*config.MaintainerInfo Value>
I0820 23:05:12.632049   30916 structlog.go:42]   	adapters[beachfront].capabilities: <*config.CapabilitiesInfo Value>
I0820 23:05:12.632049   30916 structlog.go:39]   	adapters[beachfront].modifyingVastXmlAllowed: false
I0820 23:05:12.632600   30916 structlog.go:42]   	adapters[beachfront].debug: <*config.DebugInfo Value>
I0820 23:05:12.632600   30916 structlog.go:35]   	adapters[beachfront].gvlVendorID: 335
I0820 23:05:12.633111   30916 structlog.go:42]   	adapters[beachfront].userSync: <*config.Syncer Value>
I0820 23:05:12.633111   30916 structlog.go:39]   	adapters[beachfront].experiment.adsCert.enabled: false
I0820 23:05:12.633111   30916 structlog.go:42]   	adapters[beachfront].xapi.username: 
I0820 23:05:12.633111   30916 structlog.go:56]   	adapters[beachfront].xapi.password: <REDACTED>
I0820 23:05:12.633625   30916 structlog.go:42]   	adapters[beachfront].xapi.tracker: 
I0820 23:05:12.633625   30916 structlog.go:42]   	adapters[beachfront].platform_id: 
I0820 23:05:12.633625   30916 structlog.go:42]   	adapters[beachfront].app_secret: 
I0820 23:05:12.633625   30916 structlog.go:42]   	adapters[beachfront].endpointCompression: 
I0820 23:05:12.634134   30916 structlog.go:42]   	adapters[taboola].aliasOf: 
I0820 23:05:12.634134   30916 structlog.go:39]   	adapters[taboola].whiteLabelOnly: false
I0820 23:05:12.634134   30916 structlog.go:39]   	adapters[taboola].disabled: false
I0820 23:05:12.634134   30916 structlog.go:42]   	adapters[taboola].endpoint: https://{{.MediaType}}.bidder.taboola.com/OpenRTB/PS/auction?exchange={{.GvlID}}&publisher={{.PublisherID}}
I0820 23:05:12.634134   30916 structlog.go:42]   	adapters[taboola].extra_info: 
I0820 23:05:12.634134   30916 structlog.go:42]   	adapters[taboola].openrtb: <*config.OpenRTBInfo Value>
I0820 23:05:12.634134   30916 structlog.go:42]   	adapters[taboola].maintainer: <*config.MaintainerInfo Value>
I0820 23:05:12.634134   30916 structlog.go:42]   	adapters[taboola].capabilities: <*config.CapabilitiesInfo Value>
I0820 23:05:12.635133   30916 structlog.go:39]   	adapters[taboola].modifyingVastXmlAllowed: false
I0820 23:05:12.635133   30916 structlog.go:42]   	adapters[taboola].debug: <*config.DebugInfo Value>
I0820 23:05:12.635133   30916 structlog.go:35]   	adapters[taboola].gvlVendorID: 42
I0820 23:05:12.635133   30916 structlog.go:42]   	adapters[taboola].userSync: <*config.Syncer Value>
I0820 23:05:12.635133   30916 structlog.go:39]   	adapters[taboola].experiment.adsCert.enabled: false
I0820 23:05:12.635133   30916 structlog.go:42]   	adapters[taboola].xapi.username: 
I0820 23:05:12.635133   30916 structlog.go:56]   	adapters[taboola].xapi.password: <REDACTED>
I0820 23:05:12.635133   30916 structlog.go:42]   	adapters[taboola].xapi.tracker: 
I0820 23:05:12.636130   30916 structlog.go:42]   	adapters[taboola].platform_id: 
I0820 23:05:12.636130   30916 structlog.go:42]   	adapters[taboola].app_secret: 
I0820 23:05:12.636130   30916 structlog.go:42]   	adapters[taboola].endpointCompression: 
I0820 23:05:12.636130   30916 structlog.go:42]   	adapters[orbidder].aliasOf: 
I0820 23:05:12.636130   30916 structlog.go:39]   	adapters[orbidder].whiteLabelOnly: false
I0820 23:05:12.636130   30916 structlog.go:39]   	adapters[orbidder].disabled: false
I0820 23:05:12.636130   30916 structlog.go:42]   	adapters[orbidder].endpoint: https://orbidder.otto.de/openrtb2
I0820 23:05:12.636130   30916 structlog.go:42]   	adapters[orbidder].extra_info: 
I0820 23:05:12.637128   30916 structlog.go:42]   	adapters[orbidder].openrtb: <*config.OpenRTBInfo Value>
I0820 23:05:12.637128   30916 structlog.go:42]   	adapters[orbidder].maintainer: <*config.MaintainerInfo Value>
I0820 23:05:12.637128   30916 structlog.go:42]   	adapters[orbidder].capabilities: <*config.CapabilitiesInfo Value>
I0820 23:05:12.637128   30916 structlog.go:39]   	adapters[orbidder].modifyingVastXmlAllowed: false
I0820 23:05:12.637128   30916 structlog.go:42]   	adapters[orbidder].debug: <*config.DebugInfo Value>
I0820 23:05:12.637128   30916 structlog.go:35]   	adapters[orbidder].gvlVendorID: 559
I0820 23:05:12.637128   30916 structlog.go:42]   	adapters[orbidder].userSync: <*config.Syncer Value>
I0820 23:05:12.638125   30916 structlog.go:39]   	adapters[orbidder].experiment.adsCert.enabled: false
I0820 23:05:12.638125   30916 structlog.go:42]   	adapters[orbidder].xapi.username: 
I0820 23:05:12.638125   30916 structlog.go:56]   	adapters[orbidder].xapi.password: <REDACTED>
I0820 23:05:12.638125   30916 structlog.go:42]   	adapters[orbidder].xapi.tracker: 
I0820 23:05:12.638125   30916 structlog.go:42]   	adapters[orbidder].platform_id: 
I0820 23:05:12.638125   30916 structlog.go:42]   	adapters[orbidder].app_secret: 
I0820 23:05:12.638125   30916 structlog.go:42]   	adapters[orbidder].endpointCompression: 
I0820 23:05:12.638125   30916 structlog.go:42]   	adapters[acuityads].aliasOf: 
I0820 23:05:12.639122   30916 structlog.go:39]   	adapters[acuityads].whiteLabelOnly: false
I0820 23:05:12.639122   30916 structlog.go:39]   	adapters[acuityads].disabled: false
I0820 23:05:12.639122   30916 structlog.go:42]   	adapters[acuityads].endpoint: http://{{.Host}}.admanmedia.com/bid?token={{.AccountID}}
I0820 23:05:12.639122   30916 structlog.go:42]   	adapters[acuityads].extra_info: 
I0820 23:05:12.639122   30916 structlog.go:42]   	adapters[acuityads].openrtb: <*config.OpenRTBInfo Value>
I0820 23:05:12.639122   30916 structlog.go:42]   	adapters[acuityads].maintainer: <*config.MaintainerInfo Value>
I0820 23:05:12.639122   30916 structlog.go:42]   	adapters[acuityads].capabilities: <*config.CapabilitiesInfo Value>
I0820 23:05:12.639122   30916 structlog.go:39]   	adapters[acuityads].modifyingVastXmlAllowed: false
I0820 23:05:12.640120   30916 structlog.go:42]   	adapters[acuityads].debug: <*config.DebugInfo Value>
I0820 23:05:12.640120   30916 structlog.go:35]   	adapters[acuityads].gvlVendorID: 231
I0820 23:05:12.640120   30916 structlog.go:42]   	adapters[acuityads].userSync: <*config.Syncer Value>
I0820 23:05:12.640120   30916 structlog.go:39]   	adapters[acuityads].experiment.adsCert.enabled: false
I0820 23:05:12.640688   30916 structlog.go:42]   	adapters[acuityads].xapi.username: 
I0820 23:05:12.640688   30916 structlog.go:56]   	adapters[acuityads].xapi.password: <REDACTED>
I0820 23:05:12.640688   30916 structlog.go:42]   	adapters[acuityads].xapi.tracker: 
I0820 23:05:12.640688   30916 structlog.go:42]   	adapters[acuityads].platform_id: 
I0820 23:05:12.641232   30916 structlog.go:42]   	adapters[acuityads].app_secret: 
I0820 23:05:12.641232   30916 structlog.go:42]   	adapters[acuityads].endpointCompression: 
I0820 23:05:12.641232   30916 structlog.go:42]   	adapters[cpmstar].aliasOf: 
I0820 23:05:12.641232   30916 structlog.go:39]   	adapters[cpmstar].whiteLabelOnly: false
I0820 23:05:12.641232   30916 structlog.go:39]   	adapters[cpmstar].disabled: false
I0820 23:05:12.641740   30916 structlog.go:42]   	adapters[cpmstar].endpoint: https://server.cpmstar.com/openrtbbidrq.aspx
I0820 23:05:12.641740   30916 structlog.go:42]   	adapters[cpmstar].extra_info: 
I0820 23:05:12.641740   30916 structlog.go:42]   	adapters[cpmstar].openrtb: <*config.OpenRTBInfo Value>
I0820 23:05:12.641740   30916 structlog.go:42]   	adapters[cpmstar].maintainer: <*config.MaintainerInfo Value>
I0820 23:05:12.642248   30916 structlog.go:42]   	adapters[cpmstar].capabilities: <*config.CapabilitiesInfo Value>
I0820 23:05:12.642248   30916 structlog.go:39]   	adapters[cpmstar].modifyingVastXmlAllowed: false
I0820 23:05:12.642248   30916 structlog.go:42]   	adapters[cpmstar].debug: <*config.DebugInfo Value>
I0820 23:05:12.642248   30916 structlog.go:35]   	adapters[cpmstar].gvlVendorID: 1317
I0820 23:05:12.642756   30916 structlog.go:42]   	adapters[cpmstar].userSync: <*config.Syncer Value>
I0820 23:05:12.642756   30916 structlog.go:39]   	adapters[cpmstar].experiment.adsCert.enabled: false
I0820 23:05:12.642756   30916 structlog.go:42]   	adapters[cpmstar].xapi.username: 
I0820 23:05:12.642756   30916 structlog.go:56]   	adapters[cpmstar].xapi.password: <REDACTED>
I0820 23:05:12.643263   30916 structlog.go:42]   	adapters[cpmstar].xapi.tracker: 
I0820 23:05:12.643263   30916 structlog.go:42]   	adapters[cpmstar].platform_id: 
I0820 23:05:12.643263   30916 structlog.go:42]   	adapters[cpmstar].app_secret: 
I0820 23:05:12.643263   30916 structlog.go:42]   	adapters[cpmstar].endpointCompression: 
I0820 23:05:12.643771   30916 structlog.go:42]   	adapters[insticator].aliasOf: 
I0820 23:05:12.643771   30916 structlog.go:39]   	adapters[insticator].whiteLabelOnly: false
I0820 23:05:12.643771   30916 structlog.go:39]   	adapters[insticator].disabled: false
I0820 23:05:12.643771   30916 structlog.go:42]   	adapters[insticator].endpoint: https://ex.ingage.tech/v1/prebidserver
I0820 23:05:12.644279   30916 structlog.go:42]   	adapters[insticator].extra_info: 
I0820 23:05:12.644279   30916 structlog.go:42]   	adapters[insticator].openrtb: <*config.OpenRTBInfo Value>
I0820 23:05:12.644279   30916 structlog.go:42]   	adapters[insticator].maintainer: <*config.MaintainerInfo Value>
I0820 23:05:12.644279   30916 structlog.go:42]   	adapters[insticator].capabilities: <*config.CapabilitiesInfo Value>
I0820 23:05:12.644787   30916 structlog.go:39]   	adapters[insticator].modifyingVastXmlAllowed: false
I0820 23:05:12.644787   30916 structlog.go:42]   	adapters[insticator].debug: <*config.DebugInfo Value>
I0820 23:05:12.644787   30916 structlog.go:35]   	adapters[insticator].gvlVendorID: 910
I0820 23:05:12.644787   30916 structlog.go:42]   	adapters[insticator].userSync: <*config.Syncer Value>
I0820 23:05:12.645295   30916 structlog.go:39]   	adapters[insticator].experiment.adsCert.enabled: false
I0820 23:05:12.645295   30916 structlog.go:42]   	adapters[insticator].xapi.username: 
I0820 23:05:12.645295   30916 structlog.go:56]   	adapters[insticator].xapi.password: <REDACTED>
I0820 23:05:12.645808   30916 structlog.go:42]   	adapters[insticator].xapi.tracker: 
I0820 23:05:12.645900   30916 structlog.go:42]   	adapters[insticator].platform_id: 
I0820 23:05:12.645900   30916 structlog.go:42]   	adapters[insticator].app_secret: 
I0820 23:05:12.646197   30916 structlog.go:42]   	adapters[insticator].endpointCompression: 
I0820 23:05:12.646197   30916 structlog.go:42]   	adapters[mediafuse].aliasOf: 
I0820 23:05:12.646197   30916 structlog.go:39]   	adapters[mediafuse].whiteLabelOnly: false
I0820 23:05:12.646197   30916 structlog.go:39]   	adapters[mediafuse].disabled: false
I0820 23:05:12.646722   30916 structlog.go:42]   	adapters[mediafuse].endpoint: http://ib.adnxs.com/openrtb2
I0820 23:05:12.646722   30916 structlog.go:42]   	adapters[mediafuse].extra_info: 
I0820 23:05:12.646722   30916 structlog.go:42]   	adapters[mediafuse].openrtb: <*config.OpenRTBInfo Value>
I0820 23:05:12.646722   30916 structlog.go:42]   	adapters[mediafuse].maintainer: <*config.MaintainerInfo Value>
I0820 23:05:12.647234   30916 structlog.go:42]   	adapters[mediafuse].capabilities: <*config.CapabilitiesInfo Value>
I0820 23:05:12.647234   30916 structlog.go:39]   	adapters[mediafuse].modifyingVastXmlAllowed: false
I0820 23:05:12.647234   30916 structlog.go:42]   	adapters[mediafuse].debug: <*config.DebugInfo Value>
I0820 23:05:12.647746   30916 structlog.go:35]   	adapters[mediafuse].gvlVendorID: 0
I0820 23:05:12.647746   30916 structlog.go:42]   	adapters[mediafuse].userSync: <*config.Syncer Value>
I0820 23:05:12.647746   30916 structlog.go:39]   	adapters[mediafuse].experiment.adsCert.enabled: false
I0820 23:05:12.647746   30916 structlog.go:42]   	adapters[mediafuse].xapi.username: 
I0820 23:05:12.647746   30916 structlog.go:56]   	adapters[mediafuse].xapi.password: <REDACTED>
I0820 23:05:12.648463   30916 structlog.go:42]   	adapters[mediafuse].xapi.tracker: 
I0820 23:05:12.648463   30916 structlog.go:42]   	adapters[mediafuse].platform_id: 
I0820 23:05:12.648463   30916 structlog.go:42]   	adapters[mediafuse].app_secret: 
I0820 23:05:12.648463   30916 structlog.go:42]   	adapters[mediafuse].endpointCompression: 
I0820 23:05:12.648978   30916 structlog.go:42]   	adapters[smilewanted].aliasOf: 
I0820 23:05:12.648978   30916 structlog.go:39]   	adapters[smilewanted].whiteLabelOnly: false
I0820 23:05:12.648978   30916 structlog.go:39]   	adapters[smilewanted].disabled: false
I0820 23:05:12.649487   30916 structlog.go:42]   	adapters[smilewanted].endpoint: https://prebid-server.smilewanted.com
I0820 23:05:12.649487   30916 structlog.go:42]   	adapters[smilewanted].extra_info: 
I0820 23:05:12.649487   30916 structlog.go:42]   	adapters[smilewanted].openrtb: <*config.OpenRTBInfo Value>
I0820 23:05:12.649487   30916 structlog.go:42]   	adapters[smilewanted].maintainer: <*config.MaintainerInfo Value>
I0820 23:05:12.649998   30916 structlog.go:42]   	adapters[smilewanted].capabilities: <*config.CapabilitiesInfo Value>
I0820 23:05:12.649998   30916 structlog.go:39]   	adapters[smilewanted].modifyingVastXmlAllowed: false
I0820 23:05:12.649998   30916 structlog.go:42]   	adapters[smilewanted].debug: <*config.DebugInfo Value>
I0820 23:05:12.649998   30916 structlog.go:35]   	adapters[smilewanted].gvlVendorID: 639
I0820 23:05:12.650506   30916 structlog.go:42]   	adapters[smilewanted].userSync: <*config.Syncer Value>
I0820 23:05:12.650506   30916 structlog.go:39]   	adapters[smilewanted].experiment.adsCert.enabled: false
I0820 23:05:12.650506   30916 structlog.go:42]   	adapters[smilewanted].xapi.username: 
I0820 23:05:12.650506   30916 structlog.go:56]   	adapters[smilewanted].xapi.password: <REDACTED>
I0820 23:05:12.651014   30916 structlog.go:42]   	adapters[smilewanted].xapi.tracker: 
I0820 23:05:12.651014   30916 structlog.go:42]   	adapters[smilewanted].platform_id: 
I0820 23:05:12.651014   30916 structlog.go:42]   	adapters[smilewanted].app_secret: 
I0820 23:05:12.651014   30916 structlog.go:42]   	adapters[smilewanted].endpointCompression: 
I0820 23:05:12.651522   30916 structlog.go:42]   	adapters[streamlyn].aliasOf: limelightDigital
I0820 23:05:12.651522   30916 structlog.go:39]   	adapters[streamlyn].whiteLabelOnly: false
I0820 23:05:12.651522   30916 structlog.go:39]   	adapters[streamlyn].disabled: false
I0820 23:05:12.651522   30916 structlog.go:42]   	adapters[streamlyn].endpoint: http://rtba.bidsxchange.com/openrtb/{{.PublisherID}}?host={{.Host}}
I0820 23:05:12.652063   30916 structlog.go:42]   	adapters[streamlyn].extra_info: 
I0820 23:05:12.652063   30916 structlog.go:42]   	adapters[streamlyn].openrtb: <*config.OpenRTBInfo Value>
I0820 23:05:12.652063   30916 structlog.go:42]   	adapters[streamlyn].maintainer: <*config.MaintainerInfo Value>
I0820 23:05:12.652063   30916 structlog.go:42]   	adapters[streamlyn].capabilities: <*config.CapabilitiesInfo Value>
I0820 23:05:12.652573   30916 structlog.go:39]   	adapters[streamlyn].modifyingVastXmlAllowed: false
I0820 23:05:12.652573   30916 structlog.go:42]   	adapters[streamlyn].debug: <*config.DebugInfo Value>
I0820 23:05:12.652573   30916 structlog.go:35]   	adapters[streamlyn].gvlVendorID: 0
I0820 23:05:12.652573   30916 structlog.go:42]   	adapters[streamlyn].userSync: <*config.Syncer Value>
I0820 23:05:12.653081   30916 structlog.go:39]   	adapters[streamlyn].experiment.adsCert.enabled: false
I0820 23:05:12.653081   30916 structlog.go:42]   	adapters[streamlyn].xapi.username: 
I0820 23:05:12.653081   30916 structlog.go:56]   	adapters[streamlyn].xapi.password: <REDACTED>
I0820 23:05:12.653081   30916 structlog.go:42]   	adapters[streamlyn].xapi.tracker: 
I0820 23:05:12.653589   30916 structlog.go:42]   	adapters[streamlyn].platform_id: 
I0820 23:05:12.653589   30916 structlog.go:42]   	adapters[streamlyn].app_secret: 
I0820 23:05:12.653589   30916 structlog.go:42]   	adapters[streamlyn].endpointCompression: 
I0820 23:05:12.653589   30916 structlog.go:42]   	adapters[smartadserver].aliasOf: 
I0820 23:05:12.654096   30916 structlog.go:39]   	adapters[smartadserver].whiteLabelOnly: false
I0820 23:05:12.654096   30916 structlog.go:39]   	adapters[smartadserver].disabled: false
I0820 23:05:12.654096   30916 structlog.go:42]   	adapters[smartadserver].endpoint: https://ssb-global.smartadserver.com
I0820 23:05:12.654096   30916 structlog.go:42]   	adapters[smartadserver].extra_info: 
I0820 23:05:12.654608   30916 structlog.go:42]   	adapters[smartadserver].openrtb: <*config.OpenRTBInfo Value>
I0820 23:05:12.654608   30916 structlog.go:42]   	adapters[smartadserver].maintainer: <*config.MaintainerInfo Value>
I0820 23:05:12.654608   30916 structlog.go:42]   	adapters[smartadserver].capabilities: <*config.CapabilitiesInfo Value>
I0820 23:05:12.654608   30916 structlog.go:39]   	adapters[smartadserver].modifyingVastXmlAllowed: false
I0820 23:05:12.655118   30916 structlog.go:42]   	adapters[smartadserver].debug: <*config.DebugInfo Value>
I0820 23:05:12.655118   30916 structlog.go:35]   	adapters[smartadserver].gvlVendorID: 45
I0820 23:05:12.655118   30916 structlog.go:42]   	adapters[smartadserver].userSync: <*config.Syncer Value>
I0820 23:05:12.655118   30916 structlog.go:39]   	adapters[smartadserver].experiment.adsCert.enabled: false
I0820 23:05:12.655630   30916 structlog.go:42]   	adapters[smartadserver].xapi.username: 
I0820 23:05:12.655630   30916 structlog.go:56]   	adapters[smartadserver].xapi.password: <REDACTED>
I0820 23:05:12.655630   30916 structlog.go:42]   	adapters[smartadserver].xapi.tracker: 
I0820 23:05:12.655630   30916 structlog.go:42]   	adapters[smartadserver].platform_id: 
I0820 23:05:12.656138   30916 structlog.go:42]   	adapters[smartadserver].app_secret: 
I0820 23:05:12.656138   30916 structlog.go:42]   	adapters[smartadserver].endpointCompression: gzip
I0820 23:05:12.656138   30916 structlog.go:42]   	adapters[aax].aliasOf: 
I0820 23:05:12.656138   30916 structlog.go:39]   	adapters[aax].whiteLabelOnly: false
I0820 23:05:12.656649   30916 structlog.go:39]   	adapters[aax].disabled: false
I0820 23:05:12.656649   30916 structlog.go:42]   	adapters[aax].endpoint: https://prebid.aaxads.com/rtb/pb/aax-prebid
I0820 23:05:12.656649   30916 structlog.go:42]   	adapters[aax].extra_info: https://aax.golang.pbs.com
I0820 23:05:12.656649   30916 structlog.go:42]   	adapters[aax].openrtb: <*config.OpenRTBInfo Value>
I0820 23:05:12.657161   30916 structlog.go:42]   	adapters[aax].maintainer: <*config.MaintainerInfo Value>
I0820 23:05:12.657161   30916 structlog.go:42]   	adapters[aax].capabilities: <*config.CapabilitiesInfo Value>
I0820 23:05:12.657161   30916 structlog.go:39]   	adapters[aax].modifyingVastXmlAllowed: true
I0820 23:05:12.657670   30916 structlog.go:42]   	adapters[aax].debug: <*config.DebugInfo Value>
I0820 23:05:12.657670   30916 structlog.go:35]   	adapters[aax].gvlVendorID: 720
I0820 23:05:12.658216   30916 structlog.go:42]   	adapters[aax].userSync: <*config.Syncer Value>
I0820 23:05:12.658314   30916 structlog.go:39]   	adapters[aax].experiment.adsCert.enabled: false
I0820 23:05:12.658314   30916 structlog.go:42]   	adapters[aax].xapi.username: 
I0820 23:05:12.658828   30916 structlog.go:56]   	adapters[aax].xapi.password: <REDACTED>
I0820 23:05:12.658828   30916 structlog.go:42]   	adapters[aax].xapi.tracker: 
I0820 23:05:12.659612   30916 structlog.go:42]   	adapters[aax].platform_id: 
I0820 23:05:12.660168   30916 structlog.go:42]   	adapters[aax].app_secret: 
I0820 23:05:12.660299   30916 structlog.go:42]   	adapters[aax].endpointCompression: 
I0820 23:05:12.660299   30916 structlog.go:42]   	adapters[dianomi].aliasOf: 
I0820 23:05:12.660803   30916 structlog.go:39]   	adapters[dianomi].whiteLabelOnly: false
I0820 23:05:12.660803   30916 structlog.go:39]   	adapters[dianomi].disabled: true
I0820 23:05:12.661352   30916 structlog.go:42]   	adapters[dianomi].endpoint: https://www-prebid.dianomi.com/cgi-bin/smartads_prebid.pl
I0820 23:05:12.661352   30916 structlog.go:42]   	adapters[dianomi].extra_info: 
I0820 23:05:12.661866   30916 structlog.go:42]   	adapters[dianomi].openrtb: <*config.OpenRTBInfo Value>
I0820 23:05:12.661866   30916 structlog.go:42]   	adapters[dianomi].maintainer: <*config.MaintainerInfo Value>
I0820 23:05:12.661866   30916 structlog.go:42]   	adapters[dianomi].capabilities: <*config.CapabilitiesInfo Value>
I0820 23:05:12.661866   30916 structlog.go:39]   	adapters[dianomi].modifyingVastXmlAllowed: false
I0820 23:05:12.661866   30916 structlog.go:42]   	adapters[dianomi].debug: <*config.DebugInfo Value>
I0820 23:05:12.662549   30916 structlog.go:35]   	adapters[dianomi].gvlVendorID: 885
I0820 23:05:12.662631   30916 structlog.go:42]   	adapters[dianomi].userSync: <*config.Syncer Value>
I0820 23:05:12.662975   30916 structlog.go:39]   	adapters[dianomi].experiment.adsCert.enabled: false
I0820 23:05:12.662975   30916 structlog.go:42]   	adapters[dianomi].xapi.username: 
I0820 23:05:12.662975   30916 structlog.go:56]   	adapters[dianomi].xapi.password: <REDACTED>
I0820 23:05:12.662975   30916 structlog.go:42]   	adapters[dianomi].xapi.tracker: 
I0820 23:05:12.663504   30916 structlog.go:42]   	adapters[dianomi].platform_id: 
I0820 23:05:12.663504   30916 structlog.go:42]   	adapters[dianomi].app_secret: 
I0820 23:05:12.663504   30916 structlog.go:42]   	adapters[dianomi].endpointCompression: 
I0820 23:05:12.663504   30916 structlog.go:42]   	adapters[tappx].aliasOf: 
I0820 23:05:12.663504   30916 structlog.go:39]   	adapters[tappx].whiteLabelOnly: false
I0820 23:05:12.663504   30916 structlog.go:39]   	adapters[tappx].disabled: false
I0820 23:05:12.664503   30916 structlog.go:42]   	adapters[tappx].endpoint: http://{{.Host}}
I0820 23:05:12.664503   30916 structlog.go:42]   	adapters[tappx].extra_info: 
I0820 23:05:12.664503   30916 structlog.go:42]   	adapters[tappx].openrtb: <*config.OpenRTBInfo Value>
I0820 23:05:12.664503   30916 structlog.go:42]   	adapters[tappx].maintainer: <*config.MaintainerInfo Value>
I0820 23:05:12.664503   30916 structlog.go:42]   	adapters[tappx].capabilities: <*config.CapabilitiesInfo Value>
I0820 23:05:12.664503   30916 structlog.go:39]   	adapters[tappx].modifyingVastXmlAllowed: false
I0820 23:05:12.664503   30916 structlog.go:42]   	adapters[tappx].debug: <*config.DebugInfo Value>
I0820 23:05:12.665585   30916 structlog.go:35]   	adapters[tappx].gvlVendorID: 628
I0820 23:05:12.665822   30916 structlog.go:42]   	adapters[tappx].userSync: <*config.Syncer Value>
I0820 23:05:12.666065   30916 structlog.go:39]   	adapters[tappx].experiment.adsCert.enabled: false
I0820 23:05:12.666313   30916 structlog.go:42]   	adapters[tappx].xapi.username: 
I0820 23:05:12.666562   30916 structlog.go:56]   	adapters[tappx].xapi.password: <REDACTED>
I0820 23:05:12.666800   30916 structlog.go:42]   	adapters[tappx].xapi.tracker: 
I0820 23:05:12.666933   30916 structlog.go:42]   	adapters[tappx].platform_id: 
I0820 23:05:12.666933   30916 structlog.go:42]   	adapters[tappx].app_secret: 
I0820 23:05:12.666933   30916 structlog.go:42]   	adapters[tappx].endpointCompression: 
I0820 23:05:12.666933   30916 structlog.go:42]   	adapters[adtonos].aliasOf: 
I0820 23:05:12.666933   30916 structlog.go:39]   	adapters[adtonos].whiteLabelOnly: false
I0820 23:05:12.666933   30916 structlog.go:39]   	adapters[adtonos].disabled: false
I0820 23:05:12.666933   30916 structlog.go:42]   	adapters[adtonos].endpoint: https://exchange.adtonos.com/bid/{{.PublisherID}}
I0820 23:05:12.667933   30916 structlog.go:42]   	adapters[adtonos].extra_info: 
I0820 23:05:12.667933   30916 structlog.go:42]   	adapters[adtonos].openrtb: <*config.OpenRTBInfo Value>
I0820 23:05:12.667933   30916 structlog.go:42]   	adapters[adtonos].maintainer: <*config.MaintainerInfo Value>
I0820 23:05:12.667933   30916 structlog.go:42]   	adapters[adtonos].capabilities: <*config.CapabilitiesInfo Value>
I0820 23:05:12.667933   30916 structlog.go:39]   	adapters[adtonos].modifyingVastXmlAllowed: true
I0820 23:05:12.667933   30916 structlog.go:42]   	adapters[adtonos].debug: <*config.DebugInfo Value>
I0820 23:05:12.667933   30916 structlog.go:35]   	adapters[adtonos].gvlVendorID: 682
I0820 23:05:12.667933   30916 structlog.go:42]   	adapters[adtonos].userSync: <*config.Syncer Value>
I0820 23:05:12.668930   30916 structlog.go:39]   	adapters[adtonos].experiment.adsCert.enabled: false
I0820 23:05:12.669084   30916 structlog.go:42]   	adapters[adtonos].xapi.username: 
I0820 23:05:12.669209   30916 structlog.go:56]   	adapters[adtonos].xapi.password: <REDACTED>
I0820 23:05:12.669331   30916 structlog.go:42]   	adapters[adtonos].xapi.tracker: 
I0820 23:05:12.669453   30916 structlog.go:42]   	adapters[adtonos].platform_id: 
I0820 23:05:12.669579   30916 structlog.go:42]   	adapters[adtonos].app_secret: 
I0820 23:05:12.669702   30916 structlog.go:42]   	adapters[adtonos].endpointCompression: 
I0820 23:05:12.669824   30916 structlog.go:42]   	adapters[smrtconnect].aliasOf: 
I0820 23:05:12.669948   30916 structlog.go:39]   	adapters[smrtconnect].whiteLabelOnly: false
I0820 23:05:12.670070   30916 structlog.go:39]   	adapters[smrtconnect].disabled: false
I0820 23:05:12.670193   30916 structlog.go:42]   	adapters[smrtconnect].endpoint: https://amp.smrtconnect.com/openrtb2/auction?supply_id={{.SupplyId}}
I0820 23:05:12.670316   30916 structlog.go:42]   	adapters[smrtconnect].extra_info: 
I0820 23:05:12.670438   30916 structlog.go:42]   	adapters[smrtconnect].openrtb: <*config.OpenRTBInfo Value>
I0820 23:05:12.670559   30916 structlog.go:42]   	adapters[smrtconnect].maintainer: <*config.MaintainerInfo Value>
I0820 23:05:12.670694   30916 structlog.go:42]   	adapters[smrtconnect].capabilities: <*config.CapabilitiesInfo Value>
I0820 23:05:12.670815   30916 structlog.go:39]   	adapters[smrtconnect].modifyingVastXmlAllowed: false
I0820 23:05:12.670939   30916 structlog.go:42]   	adapters[smrtconnect].debug: <*config.DebugInfo Value>
I0820 23:05:12.671062   30916 structlog.go:35]   	adapters[smrtconnect].gvlVendorID: 0
I0820 23:05:12.671182   30916 structlog.go:42]   	adapters[smrtconnect].userSync: <*config.Syncer Value>
I0820 23:05:12.671303   30916 structlog.go:39]   	adapters[smrtconnect].experiment.adsCert.enabled: false
I0820 23:05:12.671426   30916 structlog.go:42]   	adapters[smrtconnect].xapi.username: 
I0820 23:05:12.671550   30916 structlog.go:56]   	adapters[smrtconnect].xapi.password: <REDACTED>
I0820 23:05:12.671671   30916 structlog.go:42]   	adapters[smrtconnect].xapi.tracker: 
I0820 23:05:12.671792   30916 structlog.go:42]   	adapters[smrtconnect].platform_id: 
I0820 23:05:12.671913   30916 structlog.go:42]   	adapters[smrtconnect].app_secret: 
I0820 23:05:12.672034   30916 structlog.go:42]   	adapters[smrtconnect].endpointCompression: gzip
I0820 23:05:12.672156   30916 structlog.go:42]   	adapters[omnidex].aliasOf: vidazoo
I0820 23:05:12.672278   30916 structlog.go:39]   	adapters[omnidex].whiteLabelOnly: false
I0820 23:05:12.672399   30916 structlog.go:39]   	adapters[omnidex].disabled: false
I0820 23:05:12.672520   30916 structlog.go:42]   	adapters[omnidex].endpoint: https://exchange.omni-dex.io/openrtb/
I0820 23:05:12.672632   30916 structlog.go:42]   	adapters[omnidex].extra_info: 
I0820 23:05:12.672899   30916 structlog.go:42]   	adapters[omnidex].openrtb: <*config.OpenRTBInfo Value>
I0820 23:05:12.673033   30916 structlog.go:42]   	adapters[omnidex].maintainer: <*config.MaintainerInfo Value>
I0820 23:05:12.673033   30916 structlog.go:42]   	adapters[omnidex].capabilities: <*config.CapabilitiesInfo Value>
I0820 23:05:12.673033   30916 structlog.go:39]   	adapters[omnidex].modifyingVastXmlAllowed: false
I0820 23:05:12.673033   30916 structlog.go:42]   	adapters[omnidex].debug: <*config.DebugInfo Value>
I0820 23:05:12.674032   30916 structlog.go:35]   	adapters[omnidex].gvlVendorID: 744
I0820 23:05:12.674032   30916 structlog.go:42]   	adapters[omnidex].userSync: <*config.Syncer Value>
I0820 23:05:12.674032   30916 structlog.go:39]   	adapters[omnidex].experiment.adsCert.enabled: false
I0820 23:05:12.675154   30916 structlog.go:42]   	adapters[omnidex].xapi.username: 
I0820 23:05:12.675154   30916 structlog.go:56]   	adapters[omnidex].xapi.password: <REDACTED>
I0820 23:05:12.675154   30916 structlog.go:42]   	adapters[omnidex].xapi.tracker: 
I0820 23:05:12.675154   30916 structlog.go:42]   	adapters[omnidex].platform_id: 
I0820 23:05:12.675154   30916 structlog.go:42]   	adapters[omnidex].app_secret: 
I0820 23:05:12.675154   30916 structlog.go:42]   	adapters[omnidex].endpointCompression: gzip
I0820 23:05:12.675154   30916 structlog.go:42]   	adapters[qt].aliasOf: 
I0820 23:05:12.676026   30916 structlog.go:39]   	adapters[qt].whiteLabelOnly: false
I0820 23:05:12.676362   30916 structlog.go:39]   	adapters[qt].disabled: false
I0820 23:05:12.676628   30916 structlog.go:42]   	adapters[qt].endpoint: https://endpoint1.qt.io/pserver
I0820 23:05:12.676853   30916 structlog.go:42]   	adapters[qt].extra_info: 
I0820 23:05:12.677032   30916 structlog.go:42]   	adapters[qt].openrtb: <*config.OpenRTBInfo Value>
I0820 23:05:12.677317   30916 structlog.go:42]   	adapters[qt].maintainer: <*config.MaintainerInfo Value>
I0820 23:05:12.677519   30916 structlog.go:42]   	adapters[qt].capabilities: <*config.CapabilitiesInfo Value>
I0820 23:05:12.677806   30916 structlog.go:39]   	adapters[qt].modifyingVastXmlAllowed: false
I0820 23:05:12.677973   30916 structlog.go:42]   	adapters[qt].debug: <*config.DebugInfo Value>
I0820 23:05:12.678103   30916 structlog.go:35]   	adapters[qt].gvlVendorID: 1331
I0820 23:05:12.678230   30916 structlog.go:42]   	adapters[qt].userSync: <*config.Syncer Value>
I0820 23:05:12.678355   30916 structlog.go:39]   	adapters[qt].experiment.adsCert.enabled: false
I0820 23:05:12.678481   30916 structlog.go:42]   	adapters[qt].xapi.username: 
I0820 23:05:12.678601   30916 structlog.go:56]   	adapters[qt].xapi.password: <REDACTED>
I0820 23:05:12.678601   30916 structlog.go:42]   	adapters[qt].xapi.tracker: 
I0820 23:05:12.678601   30916 structlog.go:42]   	adapters[qt].platform_id: 
I0820 23:05:12.678601   30916 structlog.go:42]   	adapters[qt].app_secret: 
I0820 23:05:12.679279   30916 structlog.go:42]   	adapters[qt].endpointCompression: 
I0820 23:05:12.679371   30916 structlog.go:42]   	adapters[frvradn].aliasOf: 
I0820 23:05:12.679714   30916 structlog.go:39]   	adapters[frvradn].whiteLabelOnly: false
I0820 23:05:12.679714   30916 structlog.go:39]   	adapters[frvradn].disabled: false
I0820 23:05:12.679714   30916 structlog.go:42]   	adapters[frvradn].endpoint: https://fran.frvr.com/api/v1/openrtb
I0820 23:05:12.679714   30916 structlog.go:42]   	adapters[frvradn].extra_info: 
I0820 23:05:12.680747   30916 structlog.go:42]   	adapters[frvradn].openrtb: <*config.OpenRTBInfo Value>
I0820 23:05:12.680747   30916 structlog.go:42]   	adapters[frvradn].maintainer: <*config.MaintainerInfo Value>
I0820 23:05:12.680747   30916 structlog.go:42]   	adapters[frvradn].capabilities: <*config.CapabilitiesInfo Value>
I0820 23:05:12.680747   30916 structlog.go:39]   	adapters[frvradn].modifyingVastXmlAllowed: false
I0820 23:05:12.680747   30916 structlog.go:42]   	adapters[frvradn].debug: <*config.DebugInfo Value>
I0820 23:05:12.681734   30916 structlog.go:35]   	adapters[frvradn].gvlVendorID: 1107
I0820 23:05:12.681734   30916 structlog.go:42]   	adapters[frvradn].userSync: <*config.Syncer Value>
I0820 23:05:12.681734   30916 structlog.go:39]   	adapters[frvradn].experiment.adsCert.enabled: false
I0820 23:05:12.681734   30916 structlog.go:42]   	adapters[frvradn].xapi.username: 
I0820 23:05:12.681734   30916 structlog.go:56]   	adapters[frvradn].xapi.password: <REDACTED>
I0820 23:05:12.682410   30916 structlog.go:42]   	adapters[frvradn].xapi.tracker: 
I0820 23:05:12.682488   30916 structlog.go:42]   	adapters[frvradn].platform_id: 
I0820 23:05:12.682488   30916 structlog.go:42]   	adapters[frvradn].app_secret: 
I0820 23:05:12.682488   30916 structlog.go:42]   	adapters[frvradn].endpointCompression: 
I0820 23:05:12.683025   30916 structlog.go:42]   	adapters[indicue].aliasOf: adtelligent
I0820 23:05:12.683149   30916 structlog.go:39]   	adapters[indicue].whiteLabelOnly: false
I0820 23:05:12.683271   30916 structlog.go:39]   	adapters[indicue].disabled: false
I0820 23:05:12.683393   30916 structlog.go:42]   	adapters[indicue].endpoint: http://ghb.console.indicue.com/pbs/ortb
I0820 23:05:12.683524   30916 structlog.go:42]   	adapters[indicue].extra_info: 
I0820 23:05:12.683645   30916 structlog.go:42]   	adapters[indicue].openrtb: <*config.OpenRTBInfo Value>
I0820 23:05:12.683767   30916 structlog.go:42]   	adapters[indicue].maintainer: <*config.MaintainerInfo Value>
I0820 23:05:12.683889   30916 structlog.go:42]   	adapters[indicue].capabilities: <*config.CapabilitiesInfo Value>
I0820 23:05:12.684010   30916 structlog.go:39]   	adapters[indicue].modifyingVastXmlAllowed: false
I0820 23:05:12.684132   30916 structlog.go:42]   	adapters[indicue].debug: <*config.DebugInfo Value>
I0820 23:05:12.684132   30916 structlog.go:35]   	adapters[indicue].gvlVendorID: 410
I0820 23:05:12.684132   30916 structlog.go:42]   	adapters[indicue].userSync: <*config.Syncer Value>
I0820 23:05:12.684132   30916 structlog.go:39]   	adapters[indicue].experiment.adsCert.enabled: false
I0820 23:05:12.684132   30916 structlog.go:42]   	adapters[indicue].xapi.username: 
I0820 23:05:12.684132   30916 structlog.go:56]   	adapters[indicue].xapi.password: <REDACTED>
I0820 23:05:12.684132   30916 structlog.go:42]   	adapters[indicue].xapi.tracker: 
I0820 23:05:12.684132   30916 structlog.go:42]   	adapters[indicue].platform_id: 
I0820 23:05:12.684132   30916 structlog.go:42]   	adapters[indicue].app_secret: 
I0820 23:05:12.685130   30916 structlog.go:42]   	adapters[indicue].endpointCompression: 
I0820 23:05:12.685130   30916 structlog.go:42]   	adapters[yahoossp].aliasOf: yahooAds
I0820 23:05:12.685130   30916 structlog.go:39]   	adapters[yahoossp].whiteLabelOnly: false
I0820 23:05:12.685130   30916 structlog.go:39]   	adapters[yahoossp].disabled: false
I0820 23:05:12.685130   30916 structlog.go:42]   	adapters[yahoossp].endpoint: https://s2shb.ssp.yahoo.com/admax/bid/partners/PBS
I0820 23:05:12.685130   30916 structlog.go:42]   	adapters[yahoossp].extra_info: 
I0820 23:05:12.685130   30916 structlog.go:42]   	adapters[yahoossp].openrtb: <*config.OpenRTBInfo Value>
I0820 23:05:12.685130   30916 structlog.go:42]   	adapters[yahoossp].maintainer: <*config.MaintainerInfo Value>
I0820 23:05:12.686181   30916 structlog.go:42]   	adapters[yahoossp].capabilities: <*config.CapabilitiesInfo Value>
I0820 23:05:12.686301   30916 structlog.go:39]   	adapters[yahoossp].modifyingVastXmlAllowed: false
I0820 23:05:12.686423   30916 structlog.go:42]   	adapters[yahoossp].debug: <*config.DebugInfo Value>
I0820 23:05:12.686544   30916 structlog.go:35]   	adapters[yahoossp].gvlVendorID: 25
I0820 23:05:12.686665   30916 structlog.go:42]   	adapters[yahoossp].userSync: <*config.Syncer Value>
I0820 23:05:12.686787   30916 structlog.go:39]   	adapters[yahoossp].experiment.adsCert.enabled: false
I0820 23:05:12.686909   30916 structlog.go:42]   	adapters[yahoossp].xapi.username: 
I0820 23:05:12.687031   30916 structlog.go:56]   	adapters[yahoossp].xapi.password: <REDACTED>
I0820 23:05:12.687153   30916 structlog.go:42]   	adapters[yahoossp].xapi.tracker: 
I0820 23:05:12.687275   30916 structlog.go:42]   	adapters[yahoossp].platform_id: 
I0820 23:05:12.687396   30916 structlog.go:42]   	adapters[yahoossp].app_secret: 
I0820 23:05:12.687517   30916 structlog.go:42]   	adapters[yahoossp].endpointCompression: 
I0820 23:05:12.687638   30916 structlog.go:42]   	adapters[pubrise].aliasOf: 
I0820 23:05:12.687760   30916 structlog.go:39]   	adapters[pubrise].whiteLabelOnly: false
I0820 23:05:12.687881   30916 structlog.go:39]   	adapters[pubrise].disabled: false
I0820 23:05:12.688003   30916 structlog.go:42]   	adapters[pubrise].endpoint: https://backend.pubrise.ai/pserver
I0820 23:05:12.688126   30916 structlog.go:42]   	adapters[pubrise].extra_info: 
I0820 23:05:12.688246   30916 structlog.go:42]   	adapters[pubrise].openrtb: <*config.OpenRTBInfo Value>
I0820 23:05:12.688367   30916 structlog.go:42]   	adapters[pubrise].maintainer: <*config.MaintainerInfo Value>
I0820 23:05:12.688488   30916 structlog.go:42]   	adapters[pubrise].capabilities: <*config.CapabilitiesInfo Value>
I0820 23:05:12.688617   30916 structlog.go:39]   	adapters[pubrise].modifyingVastXmlAllowed: false
I0820 23:05:12.688851   30916 structlog.go:42]   	adapters[pubrise].debug: <*config.DebugInfo Value>
I0820 23:05:12.689176   30916 structlog.go:35]   	adapters[pubrise].gvlVendorID: 0
I0820 23:05:12.689407   30916 structlog.go:42]   	adapters[pubrise].userSync: <*config.Syncer Value>
I0820 23:05:12.689623   30916 structlog.go:39]   	adapters[pubrise].experiment.adsCert.enabled: false
I0820 23:05:12.689844   30916 structlog.go:42]   	adapters[pubrise].xapi.username: 
I0820 23:05:12.690059   30916 structlog.go:56]   	adapters[pubrise].xapi.password: <REDACTED>
I0820 23:05:12.690272   30916 structlog.go:42]   	adapters[pubrise].xapi.tracker: 
I0820 23:05:12.690394   30916 structlog.go:42]   	adapters[pubrise].platform_id: 
I0820 23:05:12.690575   30916 structlog.go:42]   	adapters[pubrise].app_secret: 
I0820 23:05:12.690698   30916 structlog.go:42]   	adapters[pubrise].endpointCompression: 
I0820 23:05:12.690820   30916 structlog.go:42]   	adapters[melozen].aliasOf: 
I0820 23:05:12.690942   30916 structlog.go:39]   	adapters[melozen].whiteLabelOnly: false
I0820 23:05:12.691065   30916 structlog.go:39]   	adapters[melozen].disabled: false
I0820 23:05:12.691187   30916 structlog.go:42]   	adapters[melozen].endpoint: https://prebid.melozen.com/rtb/v2/bid?publisher_id={{.PublisherID}}
I0820 23:05:12.691337   30916 structlog.go:42]   	adapters[melozen].extra_info: 
I0820 23:05:12.691458   30916 structlog.go:42]   	adapters[melozen].openrtb: <*config.OpenRTBInfo Value>
I0820 23:05:12.691579   30916 structlog.go:42]   	adapters[melozen].maintainer: <*config.MaintainerInfo Value>
I0820 23:05:12.691698   30916 structlog.go:42]   	adapters[melozen].capabilities: <*config.CapabilitiesInfo Value>
I0820 23:05:12.691818   30916 structlog.go:39]   	adapters[melozen].modifyingVastXmlAllowed: false
I0820 23:05:12.691941   30916 structlog.go:42]   	adapters[melozen].debug: <*config.DebugInfo Value>
I0820 23:05:12.692066   30916 structlog.go:35]   	adapters[melozen].gvlVendorID: 0
I0820 23:05:12.692188   30916 structlog.go:42]   	adapters[melozen].userSync: <*config.Syncer Value>
I0820 23:05:12.692309   30916 structlog.go:39]   	adapters[melozen].experiment.adsCert.enabled: false
I0820 23:05:12.692432   30916 structlog.go:42]   	adapters[melozen].xapi.username: 
I0820 23:05:12.692553   30916 structlog.go:56]   	adapters[melozen].xapi.password: <REDACTED>
I0820 23:05:12.692674   30916 structlog.go:42]   	adapters[melozen].xapi.tracker: 
I0820 23:05:12.692795   30916 structlog.go:42]   	adapters[melozen].platform_id: 
I0820 23:05:12.692916   30916 structlog.go:42]   	adapters[melozen].app_secret: 
I0820 23:05:12.693036   30916 structlog.go:42]   	adapters[melozen].endpointCompression: gzip
I0820 23:05:12.693157   30916 structlog.go:42]   	adapters[tpmn].aliasOf: 
I0820 23:05:12.693280   30916 structlog.go:39]   	adapters[tpmn].whiteLabelOnly: false
I0820 23:05:12.693402   30916 structlog.go:39]   	adapters[tpmn].disabled: false
I0820 23:05:12.693522   30916 structlog.go:42]   	adapters[tpmn].endpoint: https://gat.tpmn.io/ortb/pbs_bidder
I0820 23:05:12.693643   30916 structlog.go:42]   	adapters[tpmn].extra_info: 
I0820 23:05:12.693763   30916 structlog.go:42]   	adapters[tpmn].openrtb: <*config.OpenRTBInfo Value>
I0820 23:05:12.693884   30916 structlog.go:42]   	adapters[tpmn].maintainer: <*config.MaintainerInfo Value>
I0820 23:05:12.694005   30916 structlog.go:42]   	adapters[tpmn].capabilities: <*config.CapabilitiesInfo Value>
I0820 23:05:12.694126   30916 structlog.go:39]   	adapters[tpmn].modifyingVastXmlAllowed: true
I0820 23:05:12.694247   30916 structlog.go:42]   	adapters[tpmn].debug: <*config.DebugInfo Value>
I0820 23:05:12.694369   30916 structlog.go:35]   	adapters[tpmn].gvlVendorID: 0
I0820 23:05:12.694491   30916 structlog.go:42]   	adapters[tpmn].userSync: <*config.Syncer Value>
I0820 23:05:12.694612   30916 structlog.go:39]   	adapters[tpmn].experiment.adsCert.enabled: false
I0820 23:05:12.694736   30916 structlog.go:42]   	adapters[tpmn].xapi.username: 
I0820 23:05:12.694869   30916 structlog.go:56]   	adapters[tpmn].xapi.password: <REDACTED>
I0820 23:05:12.694989   30916 structlog.go:42]   	adapters[tpmn].xapi.tracker: 
I0820 23:05:12.695112   30916 structlog.go:42]   	adapters[tpmn].platform_id: 
I0820 23:05:12.695181   30916 structlog.go:42]   	adapters[tpmn].app_secret: 
I0820 23:05:12.695181   30916 structlog.go:42]   	adapters[tpmn].endpointCompression: GZIP
I0820 23:05:12.695181   30916 structlog.go:42]   	adapters[openx].aliasOf: 
I0820 23:05:12.695181   30916 structlog.go:39]   	adapters[openx].whiteLabelOnly: false
I0820 23:05:12.695181   30916 structlog.go:39]   	adapters[openx].disabled: false
I0820 23:05:12.696005   30916 structlog.go:42]   	adapters[openx].endpoint: http://rtb.openx.net/prebid
I0820 23:05:12.696005   30916 structlog.go:42]   	adapters[openx].extra_info: 
I0820 23:05:12.696452   30916 structlog.go:42]   	adapters[openx].openrtb: <*config.OpenRTBInfo Value>
I0820 23:05:12.696452   30916 structlog.go:42]   	adapters[openx].maintainer: <*config.MaintainerInfo Value>
I0820 23:05:12.697015   30916 structlog.go:42]   	adapters[openx].capabilities: <*config.CapabilitiesInfo Value>
I0820 23:05:12.697015   30916 structlog.go:39]   	adapters[openx].modifyingVastXmlAllowed: true
I0820 23:05:12.697518   30916 structlog.go:42]   	adapters[openx].debug: <*config.DebugInfo Value>
I0820 23:05:12.697653   30916 structlog.go:35]   	adapters[openx].gvlVendorID: 69
I0820 23:05:12.698156   30916 structlog.go:42]   	adapters[openx].userSync: <*config.Syncer Value>
I0820 23:05:12.698211   30916 structlog.go:39]   	adapters[openx].experiment.adsCert.enabled: false
I0820 23:05:12.698785   30916 structlog.go:42]   	adapters[openx].xapi.username: 
I0820 23:05:12.698785   30916 structlog.go:56]   	adapters[openx].xapi.password: <REDACTED>
I0820 23:05:12.698785   30916 structlog.go:42]   	adapters[openx].xapi.tracker: 
I0820 23:05:12.699287   30916 structlog.go:42]   	adapters[openx].platform_id: 
I0820 23:05:12.699379   30916 structlog.go:42]   	adapters[openx].app_secret: 
I0820 23:05:12.699379   30916 structlog.go:42]   	adapters[openx].endpointCompression: gzip
I0820 23:05:12.699915   30916 structlog.go:42]   	adapters[medianet].aliasOf: 
I0820 23:05:12.699915   30916 structlog.go:39]   	adapters[medianet].whiteLabelOnly: false
I0820 23:05:12.699915   30916 structlog.go:39]   	adapters[medianet].disabled: false
I0820 23:05:12.699915   30916 structlog.go:42]   	adapters[medianet].endpoint: https://prebid-adapter.media.net/rtb/pb/prebids2s
I0820 23:05:12.700455   30916 structlog.go:42]   	adapters[medianet].extra_info: https://medianet.golang.pbs.com
I0820 23:05:12.700455   30916 structlog.go:42]   	adapters[medianet].openrtb: <*config.OpenRTBInfo Value>
I0820 23:05:12.700455   30916 structlog.go:42]   	adapters[medianet].maintainer: <*config.MaintainerInfo Value>
I0820 23:05:12.700455   30916 structlog.go:42]   	adapters[medianet].capabilities: <*config.CapabilitiesInfo Value>
I0820 23:05:12.700455   30916 structlog.go:39]   	adapters[medianet].modifyingVastXmlAllowed: true
I0820 23:05:12.701009   30916 structlog.go:42]   	adapters[medianet].debug: <*config.DebugInfo Value>
I0820 23:05:12.701009   30916 structlog.go:35]   	adapters[medianet].gvlVendorID: 142
I0820 23:05:12.701009   30916 structlog.go:42]   	adapters[medianet].userSync: <*config.Syncer Value>
I0820 23:05:12.701009   30916 structlog.go:39]   	adapters[medianet].experiment.adsCert.enabled: false
I0820 23:05:12.701543   30916 structlog.go:42]   	adapters[medianet].xapi.username: 
I0820 23:05:12.701543   30916 structlog.go:56]   	adapters[medianet].xapi.password: <REDACTED>
I0820 23:05:12.701543   30916 structlog.go:42]   	adapters[medianet].xapi.tracker: 
I0820 23:05:12.701543   30916 structlog.go:42]   	adapters[medianet].platform_id: 
I0820 23:05:12.701543   30916 structlog.go:42]   	adapters[medianet].app_secret: 
I0820 23:05:12.702096   30916 structlog.go:42]   	adapters[medianet].endpointCompression: gzip
I0820 23:05:12.702096   30916 structlog.go:42]   	adapters[finative].aliasOf: seedingAlliance
I0820 23:05:12.702728   30916 structlog.go:39]   	adapters[finative].whiteLabelOnly: false
I0820 23:05:12.702728   30916 structlog.go:39]   	adapters[finative].disabled: false
I0820 23:05:12.702728   30916 structlog.go:42]   	adapters[finative].endpoint: https://b.finative.cloud/cds/rtb/bid?ssp={{.AccountID}}
I0820 23:05:12.703253   30916 structlog.go:42]   	adapters[finative].extra_info: 
I0820 23:05:12.703375   30916 structlog.go:42]   	adapters[finative].openrtb: <*config.OpenRTBInfo Value>
I0820 23:05:12.703375   30916 structlog.go:42]   	adapters[finative].maintainer: <*config.MaintainerInfo Value>
I0820 23:05:12.703882   30916 structlog.go:42]   	adapters[finative].capabilities: <*config.CapabilitiesInfo Value>
I0820 23:05:12.703882   30916 structlog.go:39]   	adapters[finative].modifyingVastXmlAllowed: false
I0820 23:05:12.704414   30916 structlog.go:42]   	adapters[finative].debug: <*config.DebugInfo Value>
I0820 23:05:12.704414   30916 structlog.go:35]   	adapters[finative].gvlVendorID: 371
I0820 23:05:12.704414   30916 structlog.go:42]   	adapters[finative].userSync: <*config.Syncer Value>
I0820 23:05:12.704959   30916 structlog.go:39]   	adapters[finative].experiment.adsCert.enabled: false
I0820 23:05:12.704959   30916 structlog.go:42]   	adapters[finative].xapi.username: 
I0820 23:05:12.705495   30916 structlog.go:56]   	adapters[finative].xapi.password: <REDACTED>
I0820 23:05:12.705495   30916 structlog.go:42]   	adapters[finative].xapi.tracker: 
I0820 23:05:12.706020   30916 structlog.go:42]   	adapters[finative].platform_id: 
I0820 23:05:12.706020   30916 structlog.go:42]   	adapters[finative].app_secret: 
I0820 23:05:12.706020   30916 structlog.go:42]   	adapters[finative].endpointCompression: 
I0820 23:05:12.706020   30916 structlog.go:42]   	adapters[madsense].aliasOf: 
I0820 23:05:12.706575   30916 structlog.go:39]   	adapters[madsense].whiteLabelOnly: false
I0820 23:05:12.706575   30916 structlog.go:39]   	adapters[madsense].disabled: false
I0820 23:05:12.707104   30916 structlog.go:42]   	adapters[madsense].endpoint: https://ads.madsense.io/pbs
I0820 23:05:12.707104   30916 structlog.go:42]   	adapters[madsense].extra_info: 
I0820 23:05:12.707104   30916 structlog.go:42]   	adapters[madsense].openrtb: <*config.OpenRTBInfo Value>
I0820 23:05:12.707104   30916 structlog.go:42]   	adapters[madsense].maintainer: <*config.MaintainerInfo Value>
I0820 23:05:12.707635   30916 structlog.go:42]   	adapters[madsense].capabilities: <*config.CapabilitiesInfo Value>
I0820 23:05:12.707635   30916 structlog.go:39]   	adapters[madsense].modifyingVastXmlAllowed: false
I0820 23:05:12.707635   30916 structlog.go:42]   	adapters[madsense].debug: <*config.DebugInfo Value>
I0820 23:05:12.707635   30916 structlog.go:35]   	adapters[madsense].gvlVendorID: 0
I0820 23:05:12.707635   30916 structlog.go:42]   	adapters[madsense].userSync: <*config.Syncer Value>
I0820 23:05:12.708180   30916 structlog.go:39]   	adapters[madsense].experiment.adsCert.enabled: false
I0820 23:05:12.708180   30916 structlog.go:42]   	adapters[madsense].xapi.username: 
I0820 23:05:12.708180   30916 structlog.go:56]   	adapters[madsense].xapi.password: <REDACTED>
I0820 23:05:12.708180   30916 structlog.go:42]   	adapters[madsense].xapi.tracker: 
I0820 23:05:12.708722   30916 structlog.go:42]   	adapters[madsense].platform_id: 
I0820 23:05:12.708722   30916 structlog.go:42]   	adapters[madsense].app_secret: 
I0820 23:05:12.708722   30916 structlog.go:42]   	adapters[madsense].endpointCompression: 
I0820 23:05:12.708722   30916 structlog.go:42]   	adapters[markapp].aliasOf: smarthub
I0820 23:05:12.709274   30916 structlog.go:39]   	adapters[markapp].whiteLabelOnly: false
I0820 23:05:12.709274   30916 structlog.go:39]   	adapters[markapp].disabled: false
I0820 23:05:12.709274   30916 structlog.go:42]   	adapters[markapp].endpoint: https://markapp-prebid.attekmi.com/pbserver/?seat={{.AccountID}}&token={{.SourceId}}
I0820 23:05:12.709838   30916 structlog.go:42]   	adapters[markapp].extra_info: 
I0820 23:05:12.709838   30916 structlog.go:42]   	adapters[markapp].openrtb: <*config.OpenRTBInfo Value>
I0820 23:05:12.710396   30916 structlog.go:42]   	adapters[markapp].maintainer: <*config.MaintainerInfo Value>
I0820 23:05:12.710396   30916 structlog.go:42]   	adapters[markapp].capabilities: <*config.CapabilitiesInfo Value>
I0820 23:05:12.710396   30916 structlog.go:39]   	adapters[markapp].modifyingVastXmlAllowed: false
I0820 23:05:12.710921   30916 structlog.go:42]   	adapters[markapp].debug: <*config.DebugInfo Value>
I0820 23:05:12.710921   30916 structlog.go:35]   	adapters[markapp].gvlVendorID: 0
I0820 23:05:12.711534   30916 structlog.go:42]   	adapters[markapp].userSync: <*config.Syncer Value>
I0820 23:05:12.711628   30916 structlog.go:39]   	adapters[markapp].experiment.adsCert.enabled: false
I0820 23:05:12.711628   30916 structlog.go:42]   	adapters[markapp].xapi.username: 
I0820 23:05:12.712132   30916 structlog.go:56]   	adapters[markapp].xapi.password: <REDACTED>
I0820 23:05:12.712132   30916 structlog.go:42]   	adapters[markapp].xapi.tracker: 
I0820 23:05:12.712132   30916 structlog.go:42]   	adapters[markapp].platform_id: 
I0820 23:05:12.712572   30916 structlog.go:42]   	adapters[markapp].app_secret: 
I0820 23:05:12.712572   30916 structlog.go:42]   	adapters[markapp].endpointCompression: 
I0820 23:05:12.712903   30916 structlog.go:42]   	adapters[displayio].aliasOf: 
I0820 23:05:12.712903   30916 structlog.go:39]   	adapters[displayio].whiteLabelOnly: false
I0820 23:05:12.712903   30916 structlog.go:39]   	adapters[displayio].disabled: false
I0820 23:05:12.712903   30916 structlog.go:42]   	adapters[displayio].endpoint: https://prebid.display.io/?publisher={{.PublisherID}}
I0820 23:05:12.713421   30916 structlog.go:42]   	adapters[displayio].extra_info: 
I0820 23:05:12.713421   30916 structlog.go:42]   	adapters[displayio].openrtb: <*config.OpenRTBInfo Value>
I0820 23:05:12.713421   30916 structlog.go:42]   	adapters[displayio].maintainer: <*config.MaintainerInfo Value>
I0820 23:05:12.713421   30916 structlog.go:42]   	adapters[displayio].capabilities: <*config.CapabilitiesInfo Value>
I0820 23:05:12.713940   30916 structlog.go:39]   	adapters[displayio].modifyingVastXmlAllowed: true
I0820 23:05:12.713940   30916 structlog.go:42]   	adapters[displayio].debug: <*config.DebugInfo Value>
I0820 23:05:12.713940   30916 structlog.go:35]   	adapters[displayio].gvlVendorID: 0
I0820 23:05:12.713940   30916 structlog.go:42]   	adapters[displayio].userSync: <*config.Syncer Value>
I0820 23:05:12.714467   30916 structlog.go:39]   	adapters[displayio].experiment.adsCert.enabled: false
I0820 23:05:12.714467   30916 structlog.go:42]   	adapters[displayio].xapi.username: 
I0820 23:05:12.714467   30916 structlog.go:56]   	adapters[displayio].xapi.password: <REDACTED>
I0820 23:05:12.714467   30916 structlog.go:42]   	adapters[displayio].xapi.tracker: 
I0820 23:05:12.715040   30916 structlog.go:42]   	adapters[displayio].platform_id: 
I0820 23:05:12.715099   30916 structlog.go:42]   	adapters[displayio].app_secret: 
I0820 23:05:12.715099   30916 structlog.go:42]   	adapters[displayio].endpointCompression: gzip
I0820 23:05:12.715099   30916 structlog.go:42]   	adapters[datablocks].aliasOf: 
I0820 23:05:12.715099   30916 structlog.go:39]   	adapters[datablocks].whiteLabelOnly: false
I0820 23:05:12.715614   30916 structlog.go:39]   	adapters[datablocks].disabled: false
I0820 23:05:12.715614   30916 structlog.go:42]   	adapters[datablocks].endpoint: http://pbserver.dblks.net/openrtb2?sid={{.SourceId}}
I0820 23:05:12.715614   30916 structlog.go:42]   	adapters[datablocks].extra_info: 
I0820 23:05:12.715614   30916 structlog.go:42]   	adapters[datablocks].openrtb: <*config.OpenRTBInfo Value>
I0820 23:05:12.716123   30916 structlog.go:42]   	adapters[datablocks].maintainer: <*config.MaintainerInfo Value>
I0820 23:05:12.716123   30916 structlog.go:42]   	adapters[datablocks].capabilities: <*config.CapabilitiesInfo Value>
I0820 23:05:12.716123   30916 structlog.go:39]   	adapters[datablocks].modifyingVastXmlAllowed: false
I0820 23:05:12.716123   30916 structlog.go:42]   	adapters[datablocks].debug: <*config.DebugInfo Value>
I0820 23:05:12.716635   30916 structlog.go:35]   	adapters[datablocks].gvlVendorID: 0
I0820 23:05:12.716635   30916 structlog.go:42]   	adapters[datablocks].userSync: <*config.Syncer Value>
I0820 23:05:12.716635   30916 structlog.go:39]   	adapters[datablocks].experiment.adsCert.enabled: false
I0820 23:05:12.716635   30916 structlog.go:42]   	adapters[datablocks].xapi.username: 
I0820 23:05:12.717147   30916 structlog.go:56]   	adapters[datablocks].xapi.password: <REDACTED>
I0820 23:05:12.717147   30916 structlog.go:42]   	adapters[datablocks].xapi.tracker: 
I0820 23:05:12.717147   30916 structlog.go:42]   	adapters[datablocks].platform_id: 
I0820 23:05:12.717147   30916 structlog.go:42]   	adapters[datablocks].app_secret: 
I0820 23:05:12.717659   30916 structlog.go:42]   	adapters[datablocks].endpointCompression: 
I0820 23:05:12.717659   30916 structlog.go:42]   	adapters[triplelift].aliasOf: 
I0820 23:05:12.717659   30916 structlog.go:39]   	adapters[triplelift].whiteLabelOnly: false
I0820 23:05:12.717659   30916 structlog.go:39]   	adapters[triplelift].disabled: false
I0820 23:05:12.718166   30916 structlog.go:42]   	adapters[triplelift].endpoint: https://tlx.3lift.com/s2s/auction?sra=1&supplier_id=20
I0820 23:05:12.718269   30916 structlog.go:42]   	adapters[triplelift].extra_info: 
I0820 23:05:12.718813   30916 structlog.go:42]   	adapters[triplelift].openrtb: <*config.OpenRTBInfo Value>
I0820 23:05:12.718813   30916 structlog.go:42]   	adapters[triplelift].maintainer: <*config.MaintainerInfo Value>
I0820 23:05:12.718813   30916 structlog.go:42]   	adapters[triplelift].capabilities: <*config.CapabilitiesInfo Value>
I0820 23:05:12.719394   30916 structlog.go:39]   	adapters[triplelift].modifyingVastXmlAllowed: false
I0820 23:05:12.719394   30916 structlog.go:42]   	adapters[triplelift].debug: <*config.DebugInfo Value>
I0820 23:05:12.719965   30916 structlog.go:35]   	adapters[triplelift].gvlVendorID: 28
I0820 23:05:12.719965   30916 structlog.go:42]   	adapters[triplelift].userSync: <*config.Syncer Value>
I0820 23:05:12.719965   30916 structlog.go:39]   	adapters[triplelift].experiment.adsCert.enabled: false
I0820 23:05:12.720487   30916 structlog.go:42]   	adapters[triplelift].xapi.username: 
I0820 23:05:12.720487   30916 structlog.go:56]   	adapters[triplelift].xapi.password: <REDACTED>
I0820 23:05:12.721034   30916 structlog.go:42]   	adapters[triplelift].xapi.tracker: 
I0820 23:05:12.721034   30916 structlog.go:42]   	adapters[triplelift].platform_id: 
I0820 23:05:12.721034   30916 structlog.go:42]   	adapters[triplelift].app_secret: 
I0820 23:05:12.721558   30916 structlog.go:42]   	adapters[triplelift].endpointCompression: GZIP
I0820 23:05:12.721558   30916 structlog.go:42]   	adapters[conversant].aliasOf: 
I0820 23:05:12.722076   30916 structlog.go:39]   	adapters[conversant].whiteLabelOnly: false
I0820 23:05:12.722076   30916 structlog.go:39]   	adapters[conversant].disabled: false
I0820 23:05:12.722076   30916 structlog.go:42]   	adapters[conversant].endpoint: http://api.hb.ad.cpe.dotomi.com/cvx/server/hb/ortb
I0820 23:05:12.722076   30916 structlog.go:42]   	adapters[conversant].extra_info: 
I0820 23:05:12.722586   30916 structlog.go:42]   	adapters[conversant].openrtb: <*config.OpenRTBInfo Value>
I0820 23:05:12.722586   30916 structlog.go:42]   	adapters[conversant].maintainer: <*config.MaintainerInfo Value>
I0820 23:05:12.722586   30916 structlog.go:42]   	adapters[conversant].capabilities: <*config.CapabilitiesInfo Value>
I0820 23:05:12.722586   30916 structlog.go:39]   	adapters[conversant].modifyingVastXmlAllowed: false
I0820 23:05:12.723140   30916 structlog.go:42]   	adapters[conversant].debug: <*config.DebugInfo Value>
I0820 23:05:12.723140   30916 structlog.go:35]   	adapters[conversant].gvlVendorID: 24
I0820 23:05:12.723140   30916 structlog.go:42]   	adapters[conversant].userSync: <*config.Syncer Value>
I0820 23:05:12.723140   30916 structlog.go:39]   	adapters[conversant].experiment.adsCert.enabled: false
I0820 23:05:12.723662   30916 structlog.go:42]   	adapters[conversant].xapi.username: 
I0820 23:05:12.723662   30916 structlog.go:56]   	adapters[conversant].xapi.password: <REDACTED>
I0820 23:05:12.723662   30916 structlog.go:42]   	adapters[conversant].xapi.tracker: 
I0820 23:05:12.723662   30916 structlog.go:42]   	adapters[conversant].platform_id: 
I0820 23:05:12.724231   30916 structlog.go:42]   	adapters[conversant].app_secret: 
I0820 23:05:12.724231   30916 structlog.go:42]   	adapters[conversant].endpointCompression: 
I0820 23:05:12.724789   30916 structlog.go:42]   	adapters[kayzen].aliasOf: 
I0820 23:05:12.724789   30916 structlog.go:39]   	adapters[kayzen].whiteLabelOnly: false
I0820 23:05:12.724789   30916 structlog.go:39]   	adapters[kayzen].disabled: false
I0820 23:05:12.725320   30916 structlog.go:42]   	adapters[kayzen].endpoint: https://bids-{{.ZoneID}}.bidder.kayzen.io/?exchange={{.AccountID}}
I0820 23:05:12.725320   30916 structlog.go:42]   	adapters[kayzen].extra_info: 
I0820 23:05:12.725320   30916 structlog.go:42]   	adapters[kayzen].openrtb: <*config.OpenRTBInfo Value>
I0820 23:05:12.725320   30916 structlog.go:42]   	adapters[kayzen].maintainer: <*config.MaintainerInfo Value>
I0820 23:05:12.725860   30916 structlog.go:42]   	adapters[kayzen].capabilities: <*config.CapabilitiesInfo Value>
I0820 23:05:12.725860   30916 structlog.go:39]   	adapters[kayzen].modifyingVastXmlAllowed: true
I0820 23:05:12.725860   30916 structlog.go:42]   	adapters[kayzen].debug: <*config.DebugInfo Value>
I0820 23:05:12.725860   30916 structlog.go:35]   	adapters[kayzen].gvlVendorID: 528
I0820 23:05:12.725860   30916 structlog.go:42]   	adapters[kayzen].userSync: <*config.Syncer Value>
I0820 23:05:12.726402   30916 structlog.go:39]   	adapters[kayzen].experiment.adsCert.enabled: false
I0820 23:05:12.726402   30916 structlog.go:42]   	adapters[kayzen].xapi.username: 
I0820 23:05:12.726402   30916 structlog.go:56]   	adapters[kayzen].xapi.password: <REDACTED>
I0820 23:05:12.726402   30916 structlog.go:42]   	adapters[kayzen].xapi.tracker: 
I0820 23:05:12.726940   30916 structlog.go:42]   	adapters[kayzen].platform_id: 
I0820 23:05:12.726940   30916 structlog.go:42]   	adapters[kayzen].app_secret: 
I0820 23:05:12.727452   30916 structlog.go:42]   	adapters[kayzen].endpointCompression: 
I0820 23:05:12.727452   30916 structlog.go:42]   	adapters[nexx360].aliasOf: 
I0820 23:05:12.727452   30916 structlog.go:39]   	adapters[nexx360].whiteLabelOnly: false
I0820 23:05:12.727965   30916 structlog.go:39]   	adapters[nexx360].disabled: false
I0820 23:05:12.727965   30916 structlog.go:42]   	adapters[nexx360].endpoint: http://fast.nexx360.io/prebid-server
I0820 23:05:12.727965   30916 structlog.go:42]   	adapters[nexx360].extra_info: 
I0820 23:05:12.727965   30916 structlog.go:42]   	adapters[nexx360].openrtb: <*config.OpenRTBInfo Value>
I0820 23:05:12.728473   30916 structlog.go:42]   	adapters[nexx360].maintainer: <*config.MaintainerInfo Value>
I0820 23:05:12.728473   30916 structlog.go:42]   	adapters[nexx360].capabilities: <*config.CapabilitiesInfo Value>
I0820 23:05:12.728473   30916 structlog.go:39]   	adapters[nexx360].modifyingVastXmlAllowed: false
I0820 23:05:12.728473   30916 structlog.go:42]   	adapters[nexx360].debug: <*config.DebugInfo Value>
I0820 23:05:12.729210   30916 structlog.go:35]   	adapters[nexx360].gvlVendorID: 0
I0820 23:05:12.729269   30916 structlog.go:42]   	adapters[nexx360].userSync: <*config.Syncer Value>
I0820 23:05:12.729269   30916 structlog.go:39]   	adapters[nexx360].experiment.adsCert.enabled: false
I0820 23:05:12.729599   30916 structlog.go:42]   	adapters[nexx360].xapi.username: 
I0820 23:05:12.729599   30916 structlog.go:56]   	adapters[nexx360].xapi.password: <REDACTED>
I0820 23:05:12.729599   30916 structlog.go:42]   	adapters[nexx360].xapi.tracker: 
I0820 23:05:12.730133   30916 structlog.go:42]   	adapters[nexx360].platform_id: 
I0820 23:05:12.730133   30916 structlog.go:42]   	adapters[nexx360].app_secret: 
I0820 23:05:12.730133   30916 structlog.go:42]   	adapters[nexx360].endpointCompression: gzip
I0820 23:05:12.730133   30916 structlog.go:42]   	adapters[pgamssp].aliasOf: 
I0820 23:05:12.730644   30916 structlog.go:39]   	adapters[pgamssp].whiteLabelOnly: false
I0820 23:05:12.730644   30916 structlog.go:39]   	adapters[pgamssp].disabled: false
I0820 23:05:12.730644   30916 structlog.go:42]   	adapters[pgamssp].endpoint: http://us-east.pgammedia.com/pserver
I0820 23:05:12.730644   30916 structlog.go:42]   	adapters[pgamssp].extra_info: 
I0820 23:05:12.731157   30916 structlog.go:42]   	adapters[pgamssp].openrtb: <*config.OpenRTBInfo Value>
I0820 23:05:12.731157   30916 structlog.go:42]   	adapters[pgamssp].maintainer: <*config.MaintainerInfo Value>
I0820 23:05:12.731157   30916 structlog.go:42]   	adapters[pgamssp].capabilities: <*config.CapabilitiesInfo Value>
I0820 23:05:12.731157   30916 structlog.go:39]   	adapters[pgamssp].modifyingVastXmlAllowed: false
I0820 23:05:12.731736   30916 structlog.go:42]   	adapters[pgamssp].debug: <*config.DebugInfo Value>
I0820 23:05:12.731736   30916 structlog.go:35]   	adapters[pgamssp].gvlVendorID: 1353
I0820 23:05:12.731736   30916 structlog.go:42]   	adapters[pgamssp].userSync: <*config.Syncer Value>
I0820 23:05:12.732285   30916 structlog.go:39]   	adapters[pgamssp].experiment.adsCert.enabled: false
I0820 23:05:12.732285   30916 structlog.go:42]   	adapters[pgamssp].xapi.username: 
I0820 23:05:12.732285   30916 structlog.go:56]   	adapters[pgamssp].xapi.password: <REDACTED>
I0820 23:05:12.732955   30916 structlog.go:42]   	adapters[pgamssp].xapi.tracker: 
I0820 23:05:12.732955   30916 structlog.go:42]   	adapters[pgamssp].platform_id: 
I0820 23:05:12.732955   30916 structlog.go:42]   	adapters[pgamssp].app_secret: 
I0820 23:05:12.733463   30916 structlog.go:42]   	adapters[pgamssp].endpointCompression: 
I0820 23:05:12.733463   30916 structlog.go:42]   	adapters[kueezrtb].aliasOf: 
I0820 23:05:12.733979   30916 structlog.go:39]   	adapters[kueezrtb].whiteLabelOnly: false
I0820 23:05:12.733979   30916 structlog.go:39]   	adapters[kueezrtb].disabled: false
I0820 23:05:12.733979   30916 structlog.go:42]   	adapters[kueezrtb].endpoint: https://prebidsrvr.kueezrtb.com/openrtb/
I0820 23:05:12.733979   30916 structlog.go:42]   	adapters[kueezrtb].extra_info: 
I0820 23:05:12.734491   30916 structlog.go:42]   	adapters[kueezrtb].openrtb: <*config.OpenRTBInfo Value>
I0820 23:05:12.734491   30916 structlog.go:42]   	adapters[kueezrtb].maintainer: <*config.MaintainerInfo Value>
I0820 23:05:12.734491   30916 structlog.go:42]   	adapters[kueezrtb].capabilities: <*config.CapabilitiesInfo Value>
I0820 23:05:12.734491   30916 structlog.go:39]   	adapters[kueezrtb].modifyingVastXmlAllowed: false
I0820 23:05:12.734491   30916 structlog.go:42]   	adapters[kueezrtb].debug: <*config.DebugInfo Value>
I0820 23:05:12.735025   30916 structlog.go:35]   	adapters[kueezrtb].gvlVendorID: 1165
I0820 23:05:12.735025   30916 structlog.go:42]   	adapters[kueezrtb].userSync: <*config.Syncer Value>
I0820 23:05:12.735025   30916 structlog.go:39]   	adapters[kueezrtb].experiment.adsCert.enabled: false
I0820 23:05:12.735025   30916 structlog.go:42]   	adapters[kueezrtb].xapi.username: 
I0820 23:05:12.735592   30916 structlog.go:56]   	adapters[kueezrtb].xapi.password: <REDACTED>
I0820 23:05:12.735592   30916 structlog.go:42]   	adapters[kueezrtb].xapi.tracker: 
I0820 23:05:12.735592   30916 structlog.go:42]   	adapters[kueezrtb].platform_id: 
I0820 23:05:12.735592   30916 structlog.go:42]   	adapters[kueezrtb].app_secret: 
I0820 23:05:12.736108   30916 structlog.go:42]   	adapters[kueezrtb].endpointCompression: gzip
I0820 23:05:12.736108   30916 structlog.go:42]   	adapters[bidmatic].aliasOf: 
I0820 23:05:12.736108   30916 structlog.go:39]   	adapters[bidmatic].whiteLabelOnly: false
I0820 23:05:12.736108   30916 structlog.go:39]   	adapters[bidmatic].disabled: false
I0820 23:05:12.736651   30916 structlog.go:42]   	adapters[bidmatic].endpoint: http://adapter.bidmatic.io/pbs/ortb
I0820 23:05:12.736651   30916 structlog.go:42]   	adapters[bidmatic].extra_info: 
I0820 23:05:12.736651   30916 structlog.go:42]   	adapters[bidmatic].openrtb: <*config.OpenRTBInfo Value>
I0820 23:05:12.736651   30916 structlog.go:42]   	adapters[bidmatic].maintainer: <*config.MaintainerInfo Value>
I0820 23:05:12.737192   30916 structlog.go:42]   	adapters[bidmatic].capabilities: <*config.CapabilitiesInfo Value>
I0820 23:05:12.737192   30916 structlog.go:39]   	adapters[bidmatic].modifyingVastXmlAllowed: false
I0820 23:05:12.737192   30916 structlog.go:42]   	adapters[bidmatic].debug: <*config.DebugInfo Value>
I0820 23:05:12.737702   30916 structlog.go:35]   	adapters[bidmatic].gvlVendorID: 1134
I0820 23:05:12.737702   30916 structlog.go:42]   	adapters[bidmatic].userSync: <*config.Syncer Value>
I0820 23:05:12.737702   30916 structlog.go:39]   	adapters[bidmatic].experiment.adsCert.enabled: false
I0820 23:05:12.738214   30916 structlog.go:42]   	adapters[bidmatic].xapi.username: 
I0820 23:05:12.738214   30916 structlog.go:56]   	adapters[bidmatic].xapi.password: <REDACTED>
I0820 23:05:12.738214   30916 structlog.go:42]   	adapters[bidmatic].xapi.tracker: 
I0820 23:05:12.738214   30916 structlog.go:42]   	adapters[bidmatic].platform_id: 
I0820 23:05:12.738729   30916 structlog.go:42]   	adapters[bidmatic].app_secret: 
I0820 23:05:12.738729   30916 structlog.go:42]   	adapters[bidmatic].endpointCompression: 
I0820 23:05:12.738729   30916 structlog.go:42]   	adapters[automatad].aliasOf: 
I0820 23:05:12.738729   30916 structlog.go:39]   	adapters[automatad].whiteLabelOnly: false
I0820 23:05:12.739236   30916 structlog.go:39]   	adapters[automatad].disabled: false
I0820 23:05:12.739236   30916 structlog.go:42]   	adapters[automatad].endpoint: https://s2s.atmtd.com
I0820 23:05:12.739236   30916 structlog.go:42]   	adapters[automatad].extra_info: 
I0820 23:05:12.739236   30916 structlog.go:42]   	adapters[automatad].openrtb: <*config.OpenRTBInfo Value>
I0820 23:05:12.739236   30916 structlog.go:42]   	adapters[automatad].maintainer: <*config.MaintainerInfo Value>
I0820 23:05:12.739775   30916 structlog.go:42]   	adapters[automatad].capabilities: <*config.CapabilitiesInfo Value>
I0820 23:05:12.739775   30916 structlog.go:39]   	adapters[automatad].modifyingVastXmlAllowed: false
I0820 23:05:12.739775   30916 structlog.go:42]   	adapters[automatad].debug: <*config.DebugInfo Value>
I0820 23:05:12.739775   30916 structlog.go:35]   	adapters[automatad].gvlVendorID: 0
I0820 23:05:12.740342   30916 structlog.go:42]   	adapters[automatad].userSync: <*config.Syncer Value>
I0820 23:05:12.740342   30916 structlog.go:39]   	adapters[automatad].experiment.adsCert.enabled: false
I0820 23:05:12.740342   30916 structlog.go:42]   	adapters[automatad].xapi.username: 
I0820 23:05:12.740342   30916 structlog.go:56]   	adapters[automatad].xapi.password: <REDACTED>
I0820 23:05:12.740870   30916 structlog.go:42]   	adapters[automatad].xapi.tracker: 
I0820 23:05:12.740870   30916 structlog.go:42]   	adapters[automatad].platform_id: 
I0820 23:05:12.740870   30916 structlog.go:42]   	adapters[automatad].app_secret: 
I0820 23:05:12.740870   30916 structlog.go:42]   	adapters[automatad].endpointCompression: 
I0820 23:05:12.741411   30916 structlog.go:42]   	adapters[vungle].aliasOf: 
I0820 23:05:12.741411   30916 structlog.go:39]   	adapters[vungle].whiteLabelOnly: false
I0820 23:05:12.741411   30916 structlog.go:39]   	adapters[vungle].disabled: false
I0820 23:05:12.741411   30916 structlog.go:42]   	adapters[vungle].endpoint: https://rtb.ads.vungle.com/bid/t/c770f32
I0820 23:05:12.741966   30916 structlog.go:42]   	adapters[vungle].extra_info: 
I0820 23:05:12.742076   30916 structlog.go:42]   	adapters[vungle].openrtb: <*config.OpenRTBInfo Value>
I0820 23:05:12.742682   30916 structlog.go:42]   	adapters[vungle].maintainer: <*config.MaintainerInfo Value>
I0820 23:05:12.742769   30916 structlog.go:42]   	adapters[vungle].capabilities: <*config.CapabilitiesInfo Value>
I0820 23:05:12.742769   30916 structlog.go:39]   	adapters[vungle].modifyingVastXmlAllowed: true
I0820 23:05:12.742769   30916 structlog.go:42]   	adapters[vungle].debug: <*config.DebugInfo Value>
I0820 23:05:12.742769   30916 structlog.go:35]   	adapters[vungle].gvlVendorID: 0
I0820 23:05:12.743323   30916 structlog.go:42]   	adapters[vungle].userSync: <*config.Syncer Value>
I0820 23:05:12.743323   30916 structlog.go:39]   	adapters[vungle].experiment.adsCert.enabled: false
I0820 23:05:12.743323   30916 structlog.go:42]   	adapters[vungle].xapi.username: 
I0820 23:05:12.743865   30916 structlog.go:56]   	adapters[vungle].xapi.password: <REDACTED>
I0820 23:05:12.743865   30916 structlog.go:42]   	adapters[vungle].xapi.tracker: 
I0820 23:05:12.743865   30916 structlog.go:42]   	adapters[vungle].platform_id: 
I0820 23:05:12.744375   30916 structlog.go:42]   	adapters[vungle].app_secret: 
I0820 23:05:12.744375   30916 structlog.go:42]   	adapters[vungle].endpointCompression: gzip
I0820 23:05:12.744928   30916 structlog.go:42]   	adapters[monetixads].aliasOf: admatic
I0820 23:05:12.744928   30916 structlog.go:39]   	adapters[monetixads].whiteLabelOnly: false
I0820 23:05:12.744928   30916 structlog.go:39]   	adapters[monetixads].disabled: false
I0820 23:05:12.744928   30916 structlog.go:42]   	adapters[monetixads].endpoint: http://pbs.admatic.com.tr?host={{.Host}}
I0820 23:05:12.744928   30916 structlog.go:42]   	adapters[monetixads].extra_info: 
I0820 23:05:12.745441   30916 structlog.go:42]   	adapters[monetixads].openrtb: <*config.OpenRTBInfo Value>
I0820 23:05:12.745441   30916 structlog.go:42]   	adapters[monetixads].maintainer: <*config.MaintainerInfo Value>
I0820 23:05:12.745441   30916 structlog.go:42]   	adapters[monetixads].capabilities: <*config.CapabilitiesInfo Value>
I0820 23:05:12.745931   30916 structlog.go:39]   	adapters[monetixads].modifyingVastXmlAllowed: false
I0820 23:05:12.745931   30916 structlog.go:42]   	adapters[monetixads].debug: <*config.DebugInfo Value>
I0820 23:05:12.746308   30916 structlog.go:35]   	adapters[monetixads].gvlVendorID: 1281
I0820 23:05:12.746308   30916 structlog.go:42]   	adapters[monetixads].userSync: <*config.Syncer Value>
I0820 23:05:12.746308   30916 structlog.go:39]   	adapters[monetixads].experiment.adsCert.enabled: false
I0820 23:05:12.746308   30916 structlog.go:42]   	adapters[monetixads].xapi.username: 
I0820 23:05:12.746308   30916 structlog.go:56]   	adapters[monetixads].xapi.password: <REDACTED>
I0820 23:05:12.746308   30916 structlog.go:42]   	adapters[monetixads].xapi.tracker: 
I0820 23:05:12.746308   30916 structlog.go:42]   	adapters[monetixads].platform_id: 
I0820 23:05:12.746308   30916 structlog.go:42]   	adapters[monetixads].app_secret: 
I0820 23:05:12.747320   30916 structlog.go:42]   	adapters[monetixads].endpointCompression: 
I0820 23:05:12.747320   30916 structlog.go:42]   	adapters[pulsepoint].aliasOf: 
I0820 23:05:12.747320   30916 structlog.go:39]   	adapters[pulsepoint].whiteLabelOnly: false
I0820 23:05:12.747320   30916 structlog.go:39]   	adapters[pulsepoint].disabled: false
I0820 23:05:12.747320   30916 structlog.go:42]   	adapters[pulsepoint].endpoint: http://bid.contextweb.com/header/s/ortb/prebid-s2s
I0820 23:05:12.747320   30916 structlog.go:42]   	adapters[pulsepoint].extra_info: 
I0820 23:05:12.747320   30916 structlog.go:42]   	adapters[pulsepoint].openrtb: <*config.OpenRTBInfo Value>
I0820 23:05:12.747320   30916 structlog.go:42]   	adapters[pulsepoint].maintainer: <*config.MaintainerInfo Value>
I0820 23:05:12.748431   30916 structlog.go:42]   	adapters[pulsepoint].capabilities: <*config.CapabilitiesInfo Value>
I0820 23:05:12.748655   30916 structlog.go:39]   	adapters[pulsepoint].modifyingVastXmlAllowed: false
I0820 23:05:12.748875   30916 structlog.go:42]   	adapters[pulsepoint].debug: <*config.DebugInfo Value>
I0820 23:05:12.749088   30916 structlog.go:35]   	adapters[pulsepoint].gvlVendorID: 81
I0820 23:05:12.749304   30916 structlog.go:42]   	adapters[pulsepoint].userSync: <*config.Syncer Value>
I0820 23:05:12.749518   30916 structlog.go:39]   	adapters[pulsepoint].experiment.adsCert.enabled: false
I0820 23:05:12.749760   30916 structlog.go:42]   	adapters[pulsepoint].xapi.username: 
I0820 23:05:12.749876   30916 structlog.go:56]   	adapters[pulsepoint].xapi.password: <REDACTED>
I0820 23:05:12.749876   30916 structlog.go:42]   	adapters[pulsepoint].xapi.tracker: 
I0820 23:05:12.749876   30916 structlog.go:42]   	adapters[pulsepoint].platform_id: 
I0820 23:05:12.749876   30916 structlog.go:42]   	adapters[pulsepoint].app_secret: 
I0820 23:05:12.749876   30916 structlog.go:42]   	adapters[pulsepoint].endpointCompression: 
I0820 23:05:12.749876   30916 structlog.go:42]   	adapters[sspBC].aliasOf: 
I0820 23:05:12.749876   30916 structlog.go:39]   	adapters[sspBC].whiteLabelOnly: false
I0820 23:05:12.750875   30916 structlog.go:39]   	adapters[sspBC].disabled: false
I0820 23:05:12.750875   30916 structlog.go:42]   	adapters[sspBC].endpoint: https://ssp.wp.pl/v1/bidder/prebidserver
I0820 23:05:12.750875   30916 structlog.go:42]   	adapters[sspBC].extra_info: 
I0820 23:05:12.750875   30916 structlog.go:42]   	adapters[sspBC].openrtb: <*config.OpenRTBInfo Value>
I0820 23:05:12.750875   30916 structlog.go:42]   	adapters[sspBC].maintainer: <*config.MaintainerInfo Value>
I0820 23:05:12.750875   30916 structlog.go:42]   	adapters[sspBC].capabilities: <*config.CapabilitiesInfo Value>
I0820 23:05:12.750875   30916 structlog.go:39]   	adapters[sspBC].modifyingVastXmlAllowed: false
I0820 23:05:12.750875   30916 structlog.go:42]   	adapters[sspBC].debug: <*config.DebugInfo Value>
I0820 23:05:12.751902   30916 structlog.go:35]   	adapters[sspBC].gvlVendorID: 676
I0820 23:05:12.751902   30916 structlog.go:42]   	adapters[sspBC].userSync: <*config.Syncer Value>
I0820 23:05:12.751902   30916 structlog.go:39]   	adapters[sspBC].experiment.adsCert.enabled: false
I0820 23:05:12.751902   30916 structlog.go:42]   	adapters[sspBC].xapi.username: 
I0820 23:05:12.751902   30916 structlog.go:56]   	adapters[sspBC].xapi.password: <REDACTED>
I0820 23:05:12.751902   30916 structlog.go:42]   	adapters[sspBC].xapi.tracker: 
I0820 23:05:12.752647   30916 structlog.go:42]   	adapters[sspBC].platform_id: 
I0820 23:05:12.752819   30916 structlog.go:42]   	adapters[sspBC].app_secret: 
I0820 23:05:12.752941   30916 structlog.go:42]   	adapters[sspBC].endpointCompression: 
I0820 23:05:12.753065   30916 structlog.go:42]   	adapters[theadx].aliasOf: 
I0820 23:05:12.753189   30916 structlog.go:39]   	adapters[theadx].whiteLabelOnly: false
I0820 23:05:12.753312   30916 structlog.go:39]   	adapters[theadx].disabled: false
I0820 23:05:12.753436   30916 structlog.go:42]   	adapters[theadx].endpoint: https://ssp.theadx.com/request?pbs=1
I0820 23:05:12.753559   30916 structlog.go:42]   	adapters[theadx].extra_info: 
I0820 23:05:12.753684   30916 structlog.go:42]   	adapters[theadx].openrtb: <*config.OpenRTBInfo Value>
I0820 23:05:12.753807   30916 structlog.go:42]   	adapters[theadx].maintainer: <*config.MaintainerInfo Value>
I0820 23:05:12.753930   30916 structlog.go:42]   	adapters[theadx].capabilities: <*config.CapabilitiesInfo Value>
I0820 23:05:12.754053   30916 structlog.go:39]   	adapters[theadx].modifyingVastXmlAllowed: false
I0820 23:05:12.754177   30916 structlog.go:42]   	adapters[theadx].debug: <*config.DebugInfo Value>
I0820 23:05:12.754301   30916 structlog.go:35]   	adapters[theadx].gvlVendorID: 556
I0820 23:05:12.754424   30916 structlog.go:42]   	adapters[theadx].userSync: <*config.Syncer Value>
I0820 23:05:12.754547   30916 structlog.go:39]   	adapters[theadx].experiment.adsCert.enabled: false
I0820 23:05:12.754673   30916 structlog.go:42]   	adapters[theadx].xapi.username: 
I0820 23:05:12.754797   30916 structlog.go:56]   	adapters[theadx].xapi.password: <REDACTED>
I0820 23:05:12.754919   30916 structlog.go:42]   	adapters[theadx].xapi.tracker: 
I0820 23:05:12.755150   30916 structlog.go:42]   	adapters[theadx].platform_id: 
I0820 23:05:12.755401   30916 structlog.go:42]   	adapters[theadx].app_secret: 
I0820 23:05:12.755655   30916 structlog.go:42]   	adapters[theadx].endpointCompression: 
I0820 23:05:12.755898   30916 structlog.go:42]   	adapters[thetradedesk].aliasOf: 
I0820 23:05:12.756032   30916 structlog.go:39]   	adapters[thetradedesk].whiteLabelOnly: false
I0820 23:05:12.756032   30916 structlog.go:39]   	adapters[thetradedesk].disabled: false
I0820 23:05:12.756032   30916 structlog.go:42]   	adapters[thetradedesk].endpoint: https://direct.adsrvr.org/bid/bidder/{{.SupplyId}}
I0820 23:05:12.756032   30916 structlog.go:42]   	adapters[thetradedesk].extra_info: 
I0820 23:05:12.757032   30916 structlog.go:42]   	adapters[thetradedesk].openrtb: <*config.OpenRTBInfo Value>
I0820 23:05:12.757032   30916 structlog.go:42]   	adapters[thetradedesk].maintainer: <*config.MaintainerInfo Value>
I0820 23:05:12.757032   30916 structlog.go:42]   	adapters[thetradedesk].capabilities: <*config.CapabilitiesInfo Value>
I0820 23:05:12.757032   30916 structlog.go:39]   	adapters[thetradedesk].modifyingVastXmlAllowed: false
I0820 23:05:12.758029   30916 structlog.go:42]   	adapters[thetradedesk].debug: <*config.DebugInfo Value>
I0820 23:05:12.758422   30916 structlog.go:35]   	adapters[thetradedesk].gvlVendorID: 21
I0820 23:05:12.758605   30916 structlog.go:42]   	adapters[thetradedesk].userSync: <*config.Syncer Value>
I0820 23:05:12.758823   30916 structlog.go:39]   	adapters[thetradedesk].experiment.adsCert.enabled: false
I0820 23:05:12.758969   30916 structlog.go:42]   	adapters[thetradedesk].xapi.username: 
I0820 23:05:12.759204   30916 structlog.go:56]   	adapters[thetradedesk].xapi.password: <REDACTED>
I0820 23:05:12.759377   30916 structlog.go:42]   	adapters[thetradedesk].xapi.tracker: 
I0820 23:05:12.759511   30916 structlog.go:42]   	adapters[thetradedesk].platform_id: 
I0820 23:05:12.759680   30916 structlog.go:42]   	adapters[thetradedesk].app_secret: 
I0820 23:05:12.759897   30916 structlog.go:42]   	adapters[thetradedesk].endpointCompression: 
I0820 23:05:12.760035   30916 structlog.go:42]   	adapters[adtg_org].aliasOf: limelightDigital
I0820 23:05:12.760161   30916 structlog.go:39]   	adapters[adtg_org].whiteLabelOnly: false
I0820 23:05:12.760286   30916 structlog.go:39]   	adapters[adtg_org].disabled: false
I0820 23:05:12.760410   30916 structlog.go:42]   	adapters[adtg_org].endpoint: http://ads-pbs.rtb.adtarget.org/openrtb/{{.PublisherID}}?host={{.Host}}
I0820 23:05:12.760533   30916 structlog.go:42]   	adapters[adtg_org].extra_info: 
I0820 23:05:12.760643   30916 structlog.go:42]   	adapters[adtg_org].openrtb: <*config.OpenRTBInfo Value>
I0820 23:05:12.760829   30916 structlog.go:42]   	adapters[adtg_org].maintainer: <*config.MaintainerInfo Value>
I0820 23:05:12.760953   30916 structlog.go:42]   	adapters[adtg_org].capabilities: <*config.CapabilitiesInfo Value>
I0820 23:05:12.761077   30916 structlog.go:39]   	adapters[adtg_org].modifyingVastXmlAllowed: false
I0820 23:05:12.761201   30916 structlog.go:42]   	adapters[adtg_org].debug: <*config.DebugInfo Value>
I0820 23:05:12.761326   30916 structlog.go:35]   	adapters[adtg_org].gvlVendorID: 0
I0820 23:05:12.761450   30916 structlog.go:42]   	adapters[adtg_org].userSync: <*config.Syncer Value>
I0820 23:05:12.761450   30916 structlog.go:39]   	adapters[adtg_org].experiment.adsCert.enabled: false
I0820 23:05:12.761450   30916 structlog.go:42]   	adapters[adtg_org].xapi.username: 
I0820 23:05:12.761450   30916 structlog.go:56]   	adapters[adtg_org].xapi.password: <REDACTED>
I0820 23:05:12.761450   30916 structlog.go:42]   	adapters[adtg_org].xapi.tracker: 
I0820 23:05:12.761450   30916 structlog.go:42]   	adapters[adtg_org].platform_id: 
I0820 23:05:12.761450   30916 structlog.go:42]   	adapters[adtg_org].app_secret: 
I0820 23:05:12.761450   30916 structlog.go:42]   	adapters[adtg_org].endpointCompression: 
I0820 23:05:12.762521   30916 structlog.go:42]   	adapters[progx].aliasOf: vidazoo
I0820 23:05:12.762720   30916 structlog.go:39]   	adapters[progx].whiteLabelOnly: false
I0820 23:05:12.763073   30916 structlog.go:39]   	adapters[progx].disabled: false
I0820 23:05:12.763073   30916 structlog.go:42]   	adapters[progx].endpoint: https://exchange.programmaticx.ai/openrtb/
I0820 23:05:12.763073   30916 structlog.go:42]   	adapters[progx].extra_info: 
I0820 23:05:12.763073   30916 structlog.go:42]   	adapters[progx].openrtb: <*config.OpenRTBInfo Value>
I0820 23:05:12.763073   30916 structlog.go:42]   	adapters[progx].maintainer: <*config.MaintainerInfo Value>
I0820 23:05:12.764081   30916 structlog.go:42]   	adapters[progx].capabilities: <*config.CapabilitiesInfo Value>
I0820 23:05:12.764081   30916 structlog.go:39]   	adapters[progx].modifyingVastXmlAllowed: false
I0820 23:05:12.764081   30916 structlog.go:42]   	adapters[progx].debug: <*config.DebugInfo Value>
I0820 23:05:12.764081   30916 structlog.go:35]   	adapters[progx].gvlVendorID: 1344
I0820 23:05:12.765078   30916 structlog.go:42]   	adapters[progx].userSync: <*config.Syncer Value>
I0820 23:05:12.765078   30916 structlog.go:39]   	adapters[progx].experiment.adsCert.enabled: false
I0820 23:05:12.765623   30916 structlog.go:42]   	adapters[progx].xapi.username: 
I0820 23:05:12.765986   30916 structlog.go:56]   	adapters[progx].xapi.password: <REDACTED>
I0820 23:05:12.765986   30916 structlog.go:42]   	adapters[progx].xapi.tracker: 
I0820 23:05:12.765986   30916 structlog.go:42]   	adapters[progx].platform_id: 
I0820 23:05:12.765986   30916 structlog.go:42]   	adapters[progx].app_secret: 
I0820 23:05:12.765986   30916 structlog.go:42]   	adapters[progx].endpointCompression: gzip
I0820 23:05:12.766986   30916 structlog.go:42]   	adapters[ttd].aliasOf: thetradedesk
I0820 23:05:12.766986   30916 structlog.go:39]   	adapters[ttd].whiteLabelOnly: false
I0820 23:05:12.766986   30916 structlog.go:39]   	adapters[ttd].disabled: false
I0820 23:05:12.766986   30916 structlog.go:42]   	adapters[ttd].endpoint: https://direct.adsrvr.org/bid/bidder/{{.SupplyId}}
I0820 23:05:12.766986   30916 structlog.go:42]   	adapters[ttd].extra_info: 
I0820 23:05:12.767982   30916 structlog.go:42]   	adapters[ttd].openrtb: <*config.OpenRTBInfo Value>
I0820 23:05:12.767982   30916 structlog.go:42]   	adapters[ttd].maintainer: <*config.MaintainerInfo Value>
I0820 23:05:12.767982   30916 structlog.go:42]   	adapters[ttd].capabilities: <*config.CapabilitiesInfo Value>
I0820 23:05:12.768555   30916 structlog.go:39]   	adapters[ttd].modifyingVastXmlAllowed: false
I0820 23:05:12.768555   30916 structlog.go:42]   	adapters[ttd].debug: <*config.DebugInfo Value>
I0820 23:05:12.769116   30916 structlog.go:35]   	adapters[ttd].gvlVendorID: 21
I0820 23:05:12.769116   30916 structlog.go:42]   	adapters[ttd].userSync: <*config.Syncer Value>
I0820 23:05:12.769116   30916 structlog.go:39]   	adapters[ttd].experiment.adsCert.enabled: false
I0820 23:05:12.769116   30916 structlog.go:42]   	adapters[ttd].xapi.username: 
I0820 23:05:12.769665   30916 structlog.go:56]   	adapters[ttd].xapi.password: <REDACTED>
I0820 23:05:12.769665   30916 structlog.go:42]   	adapters[ttd].xapi.tracker: 
I0820 23:05:12.769665   30916 structlog.go:42]   	adapters[ttd].platform_id: 
I0820 23:05:12.769665   30916 structlog.go:42]   	adapters[ttd].app_secret: 
I0820 23:05:12.769665   30916 structlog.go:42]   	adapters[ttd].endpointCompression: 
I0820 23:05:12.770222   30916 structlog.go:42]   	adapters[advanceddsp].aliasOf: 
I0820 23:05:12.770222   30916 structlog.go:39]   	adapters[advanceddsp].whiteLabelOnly: false
I0820 23:05:12.770736   30916 structlog.go:39]   	adapters[advanceddsp].disabled: false
I0820 23:05:12.770736   30916 structlog.go:42]   	adapters[advanceddsp].endpoint: 
I0820 23:05:12.770736   30916 structlog.go:42]   	adapters[advanceddsp].extra_info: 
I0820 23:05:12.770736   30916 structlog.go:42]   	adapters[advanceddsp].openrtb: <*config.OpenRTBInfo Value>
I0820 23:05:12.771291   30916 structlog.go:42]   	adapters[advanceddsp].maintainer: <*config.MaintainerInfo Value>
I0820 23:05:12.771291   30916 structlog.go:42]   	adapters[advanceddsp].capabilities: <*config.CapabilitiesInfo Value>
I0820 23:05:12.771291   30916 structlog.go:39]   	adapters[advanceddsp].modifyingVastXmlAllowed: false
I0820 23:05:12.771291   30916 structlog.go:42]   	adapters[advanceddsp].debug: <*config.DebugInfo Value>
I0820 23:05:12.771801   30916 structlog.go:35]   	adapters[advanceddsp].gvlVendorID: 0
I0820 23:05:12.771939   30916 structlog.go:42]   	adapters[advanceddsp].userSync: <*config.Syncer Value>
I0820 23:05:12.771939   30916 structlog.go:39]   	adapters[advanceddsp].experiment.adsCert.enabled: false
I0820 23:05:12.771939   30916 structlog.go:42]   	adapters[advanceddsp].xapi.username: 
I0820 23:05:12.772458   30916 structlog.go:56]   	adapters[advanceddsp].xapi.password: <REDACTED>
I0820 23:05:12.772458   30916 structlog.go:42]   	adapters[advanceddsp].xapi.tracker: 
I0820 23:05:12.772458   30916 structlog.go:42]   	adapters[advanceddsp].platform_id: 
I0820 23:05:12.772458   30916 structlog.go:42]   	adapters[advanceddsp].app_secret: 
I0820 23:05:12.772991   30916 structlog.go:42]   	adapters[advanceddsp].endpointCompression: false
I0820 23:05:12.772991   30916 structlog.go:42]   	adapters[logan].aliasOf: 
I0820 23:05:12.772991   30916 structlog.go:39]   	adapters[logan].whiteLabelOnly: false
I0820 23:05:12.772991   30916 structlog.go:39]   	adapters[logan].disabled: false
I0820 23:05:12.773524   30916 structlog.go:42]   	adapters[logan].endpoint: http://USeast2.logan.ai/pserver
I0820 23:05:12.773524   30916 structlog.go:42]   	adapters[logan].extra_info: 
I0820 23:05:12.773524   30916 structlog.go:42]   	adapters[logan].openrtb: <*config.OpenRTBInfo Value>
I0820 23:05:12.773524   30916 structlog.go:42]   	adapters[logan].maintainer: <*config.MaintainerInfo Value>
I0820 23:05:12.774047   30916 structlog.go:42]   	adapters[logan].capabilities: <*config.CapabilitiesInfo Value>
I0820 23:05:12.774047   30916 structlog.go:39]   	adapters[logan].modifyingVastXmlAllowed: false
I0820 23:05:12.774047   30916 structlog.go:42]   	adapters[logan].debug: <*config.DebugInfo Value>
I0820 23:05:12.774047   30916 structlog.go:35]   	adapters[logan].gvlVendorID: 0
I0820 23:05:12.774585   30916 structlog.go:42]   	adapters[logan].userSync: <*config.Syncer Value>
I0820 23:05:12.774585   30916 structlog.go:39]   	adapters[logan].experiment.adsCert.enabled: false
I0820 23:05:12.774585   30916 structlog.go:42]   	adapters[logan].xapi.username: 
I0820 23:05:12.774585   30916 structlog.go:56]   	adapters[logan].xapi.password: <REDACTED>
I0820 23:05:12.774585   30916 structlog.go:42]   	adapters[logan].xapi.tracker: 
I0820 23:05:12.775124   30916 structlog.go:42]   	adapters[logan].platform_id: 
I0820 23:05:12.775124   30916 structlog.go:42]   	adapters[logan].app_secret: 
I0820 23:05:12.775124   30916 structlog.go:42]   	adapters[logan].endpointCompression: 
I0820 23:05:12.775124   30916 structlog.go:42]   	adapters[yeahmobi].aliasOf: 
I0820 23:05:12.775692   30916 structlog.go:39]   	adapters[yeahmobi].whiteLabelOnly: false
I0820 23:05:12.775692   30916 structlog.go:39]   	adapters[yeahmobi].disabled: false
I0820 23:05:12.775692   30916 structlog.go:42]   	adapters[yeahmobi].endpoint: https://{{.Host}}/prebid/bid
I0820 23:05:12.775692   30916 structlog.go:42]   	adapters[yeahmobi].extra_info: 
I0820 23:05:12.776215   30916 structlog.go:42]   	adapters[yeahmobi].openrtb: <*config.OpenRTBInfo Value>
I0820 23:05:12.776215   30916 structlog.go:42]   	adapters[yeahmobi].maintainer: <*config.MaintainerInfo Value>
I0820 23:05:12.776215   30916 structlog.go:42]   	adapters[yeahmobi].capabilities: <*config.CapabilitiesInfo Value>
I0820 23:05:12.776215   30916 structlog.go:39]   	adapters[yeahmobi].modifyingVastXmlAllowed: false
I0820 23:05:12.776767   30916 structlog.go:42]   	adapters[yeahmobi].debug: <*config.DebugInfo Value>
I0820 23:05:12.776767   30916 structlog.go:35]   	adapters[yeahmobi].gvlVendorID: 0
I0820 23:05:12.776767   30916 structlog.go:42]   	adapters[yeahmobi].userSync: <*config.Syncer Value>
I0820 23:05:12.776767   30916 structlog.go:39]   	adapters[yeahmobi].experiment.adsCert.enabled: false
I0820 23:05:12.777278   30916 structlog.go:42]   	adapters[yeahmobi].xapi.username: 
I0820 23:05:12.777278   30916 structlog.go:56]   	adapters[yeahmobi].xapi.password: <REDACTED>
I0820 23:05:12.777278   30916 structlog.go:42]   	adapters[yeahmobi].xapi.tracker: 
I0820 23:05:12.777278   30916 structlog.go:42]   	adapters[yeahmobi].platform_id: 
I0820 23:05:12.777790   30916 structlog.go:42]   	adapters[yeahmobi].app_secret: 
I0820 23:05:12.777790   30916 structlog.go:42]   	adapters[yeahmobi].endpointCompression: 
I0820 23:05:12.777790   30916 structlog.go:42]   	adapters[blue].aliasOf: 
I0820 23:05:12.777790   30916 structlog.go:39]   	adapters[blue].whiteLabelOnly: false
I0820 23:05:12.778297   30916 structlog.go:39]   	adapters[blue].disabled: false
I0820 23:05:12.778297   30916 structlog.go:42]   	adapters[blue].endpoint: https://prebid-us-east-1.getblue.io/?src=prebid
I0820 23:05:12.778297   30916 structlog.go:42]   	adapters[blue].extra_info: 
I0820 23:05:12.778297   30916 structlog.go:42]   	adapters[blue].openrtb: <*config.OpenRTBInfo Value>
I0820 23:05:12.778835   30916 structlog.go:42]   	adapters[blue].maintainer: <*config.MaintainerInfo Value>
I0820 23:05:12.778835   30916 structlog.go:42]   	adapters[blue].capabilities: <*config.CapabilitiesInfo Value>
I0820 23:05:12.778835   30916 structlog.go:39]   	adapters[blue].modifyingVastXmlAllowed: false
I0820 23:05:12.779375   30916 structlog.go:42]   	adapters[blue].debug: <*config.DebugInfo Value>
I0820 23:05:12.779375   30916 structlog.go:35]   	adapters[blue].gvlVendorID: 620
I0820 23:05:12.779729   30916 structlog.go:42]   	adapters[blue].userSync: <*config.Syncer Value>
I0820 23:05:12.779729   30916 structlog.go:39]   	adapters[blue].experiment.adsCert.enabled: false
I0820 23:05:12.780232   30916 structlog.go:42]   	adapters[blue].xapi.username: 
I0820 23:05:12.780232   30916 structlog.go:56]   	adapters[blue].xapi.password: <REDACTED>
I0820 23:05:12.780232   30916 structlog.go:42]   	adapters[blue].xapi.tracker: 
I0820 23:05:12.780745   30916 structlog.go:42]   	adapters[blue].platform_id: 
I0820 23:05:12.780745   30916 structlog.go:42]   	adapters[blue].app_secret: 
I0820 23:05:12.781262   30916 structlog.go:42]   	adapters[blue].endpointCompression: 
I0820 23:05:12.781262   30916 structlog.go:42]   	adapters[adf].aliasOf: 
I0820 23:05:12.781262   30916 structlog.go:39]   	adapters[adf].whiteLabelOnly: false
I0820 23:05:12.781262   30916 structlog.go:39]   	adapters[adf].disabled: false
I0820 23:05:12.781262   30916 structlog.go:42]   	adapters[adf].endpoint: https://adx.adform.net/adx/openrtb
I0820 23:05:12.781806   30916 structlog.go:42]   	adapters[adf].extra_info: 
I0820 23:05:12.781806   30916 structlog.go:42]   	adapters[adf].openrtb: <*config.OpenRTBInfo Value>
I0820 23:05:12.782251   30916 structlog.go:42]   	adapters[adf].maintainer: <*config.MaintainerInfo Value>
I0820 23:05:12.782251   30916 structlog.go:42]   	adapters[adf].capabilities: <*config.CapabilitiesInfo Value>
I0820 23:05:12.782251   30916 structlog.go:39]   	adapters[adf].modifyingVastXmlAllowed: false
I0820 23:05:12.782807   30916 structlog.go:42]   	adapters[adf].debug: <*config.DebugInfo Value>
I0820 23:05:12.782807   30916 structlog.go:35]   	adapters[adf].gvlVendorID: 50
I0820 23:05:12.783355   30916 structlog.go:42]   	adapters[adf].userSync: <*config.Syncer Value>
I0820 23:05:12.783355   30916 structlog.go:39]   	adapters[adf].experiment.adsCert.enabled: false
I0820 23:05:12.783355   30916 structlog.go:42]   	adapters[adf].xapi.username: 
I0820 23:05:12.783883   30916 structlog.go:56]   	adapters[adf].xapi.password: <REDACTED>
I0820 23:05:12.783883   30916 structlog.go:42]   	adapters[adf].xapi.tracker: 
I0820 23:05:12.783883   30916 structlog.go:42]   	adapters[adf].platform_id: 
I0820 23:05:12.783883   30916 structlog.go:42]   	adapters[adf].app_secret: 
I0820 23:05:12.783883   30916 structlog.go:42]   	adapters[adf].endpointCompression: 
I0820 23:05:12.784434   30916 structlog.go:42]   	adapters[eplanning].aliasOf: 
I0820 23:05:12.784434   30916 structlog.go:39]   	adapters[eplanning].whiteLabelOnly: false
I0820 23:05:12.784434   30916 structlog.go:39]   	adapters[eplanning].disabled: false
I0820 23:05:12.785035   30916 structlog.go:42]   	adapters[eplanning].endpoint: http://rtb.e-planning.net/pbs/1
I0820 23:05:12.785035   30916 structlog.go:42]   	adapters[eplanning].extra_info: 
I0820 23:05:12.785545   30916 structlog.go:42]   	adapters[eplanning].openrtb: <*config.OpenRTBInfo Value>
I0820 23:05:12.785545   30916 structlog.go:42]   	adapters[eplanning].maintainer: <*config.MaintainerInfo Value>
I0820 23:05:12.786164   30916 structlog.go:42]   	adapters[eplanning].capabilities: <*config.CapabilitiesInfo Value>
I0820 23:05:12.786269   30916 structlog.go:39]   	adapters[eplanning].modifyingVastXmlAllowed: false
I0820 23:05:12.786269   30916 structlog.go:42]   	adapters[eplanning].debug: <*config.DebugInfo Value>
I0820 23:05:12.786782   30916 structlog.go:35]   	adapters[eplanning].gvlVendorID: 90
I0820 23:05:12.786782   30916 structlog.go:42]   	adapters[eplanning].userSync: <*config.Syncer Value>
I0820 23:05:12.787472   30916 structlog.go:39]   	adapters[eplanning].experiment.adsCert.enabled: false
I0820 23:05:12.787581   30916 structlog.go:42]   	adapters[eplanning].xapi.username: 
I0820 23:05:12.787581   30916 structlog.go:56]   	adapters[eplanning].xapi.password: <REDACTED>
I0820 23:05:12.788116   30916 structlog.go:42]   	adapters[eplanning].xapi.tracker: 
I0820 23:05:12.788116   30916 structlog.go:42]   	adapters[eplanning].platform_id: 
I0820 23:05:12.788636   30916 structlog.go:42]   	adapters[eplanning].app_secret: 
I0820 23:05:12.788636   30916 structlog.go:42]   	adapters[eplanning].endpointCompression: 
I0820 23:05:12.788636   30916 structlog.go:42]   	adapters[admatic].aliasOf: 
I0820 23:05:12.789152   30916 structlog.go:39]   	adapters[admatic].whiteLabelOnly: false
I0820 23:05:12.789152   30916 structlog.go:39]   	adapters[admatic].disabled: false
I0820 23:05:12.789668   30916 structlog.go:42]   	adapters[admatic].endpoint: http://pbs.admatic.com.tr?host={{.Host}}
I0820 23:05:12.789782   30916 structlog.go:42]   	adapters[admatic].extra_info: 
I0820 23:05:12.789782   30916 structlog.go:42]   	adapters[admatic].openrtb: <*config.OpenRTBInfo Value>
I0820 23:05:12.789782   30916 structlog.go:42]   	adapters[admatic].maintainer: <*config.MaintainerInfo Value>
I0820 23:05:12.789782   30916 structlog.go:42]   	adapters[admatic].capabilities: <*config.CapabilitiesInfo Value>
I0820 23:05:12.790299   30916 structlog.go:39]   	adapters[admatic].modifyingVastXmlAllowed: false
I0820 23:05:12.790299   30916 structlog.go:42]   	adapters[admatic].debug: <*config.DebugInfo Value>
I0820 23:05:12.790299   30916 structlog.go:35]   	adapters[admatic].gvlVendorID: 1281
I0820 23:05:12.790299   30916 structlog.go:42]   	adapters[admatic].userSync: <*config.Syncer Value>
I0820 23:05:12.790809   30916 structlog.go:39]   	adapters[admatic].experiment.adsCert.enabled: false
I0820 23:05:12.790809   30916 structlog.go:42]   	adapters[admatic].xapi.username: 
I0820 23:05:12.790809   30916 structlog.go:56]   	adapters[admatic].xapi.password: <REDACTED>
I0820 23:05:12.790809   30916 structlog.go:42]   	adapters[admatic].xapi.tracker: 
I0820 23:05:12.791318   30916 structlog.go:42]   	adapters[admatic].platform_id: 
I0820 23:05:12.791318   30916 structlog.go:42]   	adapters[admatic].app_secret: 
I0820 23:05:12.791318   30916 structlog.go:42]   	adapters[admatic].endpointCompression: 
I0820 23:05:12.791318   30916 structlog.go:42]   	adapters[freewheel-ssp].aliasOf: freewheelssp
I0820 23:05:12.791829   30916 structlog.go:39]   	adapters[freewheel-ssp].whiteLabelOnly: false
I0820 23:05:12.791829   30916 structlog.go:39]   	adapters[freewheel-ssp].disabled: false
I0820 23:05:12.791829   30916 structlog.go:42]   	adapters[freewheel-ssp].endpoint: https://ads.stickyadstv.com/openrtb/dsp
I0820 23:05:12.791829   30916 structlog.go:42]   	adapters[freewheel-ssp].extra_info: 
I0820 23:05:12.792336   30916 structlog.go:42]   	adapters[freewheel-ssp].openrtb: <*config.OpenRTBInfo Value>
I0820 23:05:12.792336   30916 structlog.go:42]   	adapters[freewheel-ssp].maintainer: <*config.MaintainerInfo Value>
I0820 23:05:12.792336   30916 structlog.go:42]   	adapters[freewheel-ssp].capabilities: <*config.CapabilitiesInfo Value>
I0820 23:05:12.792876   30916 structlog.go:39]   	adapters[freewheel-ssp].modifyingVastXmlAllowed: true
I0820 23:05:12.792876   30916 structlog.go:42]   	adapters[freewheel-ssp].debug: <*config.DebugInfo Value>
I0820 23:05:12.792876   30916 structlog.go:35]   	adapters[freewheel-ssp].gvlVendorID: 285
I0820 23:05:12.793445   30916 structlog.go:42]   	adapters[freewheel-ssp].userSync: <*config.Syncer Value>
I0820 23:05:12.793445   30916 structlog.go:39]   	adapters[freewheel-ssp].experiment.adsCert.enabled: false
I0820 23:05:12.793445   30916 structlog.go:42]   	adapters[freewheel-ssp].xapi.username: 
I0820 23:05:12.793954   30916 structlog.go:56]   	adapters[freewheel-ssp].xapi.password: <REDACTED>
I0820 23:05:12.793954   30916 structlog.go:42]   	adapters[freewheel-ssp].xapi.tracker: 
I0820 23:05:12.793954   30916 structlog.go:42]   	adapters[freewheel-ssp].platform_id: 
I0820 23:05:12.793954   30916 structlog.go:42]   	adapters[freewheel-ssp].app_secret: 
I0820 23:05:12.794466   30916 structlog.go:42]   	adapters[freewheel-ssp].endpointCompression: 
I0820 23:05:12.794466   30916 structlog.go:42]   	adapters[escalax].aliasOf: 
I0820 23:05:12.794466   30916 structlog.go:39]   	adapters[escalax].whiteLabelOnly: false
I0820 23:05:12.794466   30916 structlog.go:39]   	adapters[escalax].disabled: false
I0820 23:05:12.794977   30916 structlog.go:42]   	adapters[escalax].endpoint: http://bidder_us.escalax.io/?partner={{.SourceId}}&token={{.AccountID}}&type=pbs
I0820 23:05:12.794977   30916 structlog.go:42]   	adapters[escalax].extra_info: 
I0820 23:05:12.794977   30916 structlog.go:42]   	adapters[escalax].openrtb: <*config.OpenRTBInfo Value>
I0820 23:05:12.795489   30916 structlog.go:42]   	adapters[escalax].maintainer: <*config.MaintainerInfo Value>
I0820 23:05:12.795489   30916 structlog.go:42]   	adapters[escalax].capabilities: <*config.CapabilitiesInfo Value>
I0820 23:05:12.795489   30916 structlog.go:39]   	adapters[escalax].modifyingVastXmlAllowed: true
I0820 23:05:12.795878   30916 structlog.go:42]   	adapters[escalax].debug: <*config.DebugInfo Value>
I0820 23:05:12.795878   30916 structlog.go:35]   	adapters[escalax].gvlVendorID: 0
I0820 23:05:12.796148   30916 structlog.go:42]   	adapters[escalax].userSync: <*config.Syncer Value>
I0820 23:05:12.796148   30916 structlog.go:39]   	adapters[escalax].experiment.adsCert.enabled: false
I0820 23:05:12.796148   30916 structlog.go:42]   	adapters[escalax].xapi.username: 
I0820 23:05:12.796148   30916 structlog.go:56]   	adapters[escalax].xapi.password: <REDACTED>
I0820 23:05:12.796683   30916 structlog.go:42]   	adapters[escalax].xapi.tracker: 
I0820 23:05:12.796683   30916 structlog.go:42]   	adapters[escalax].platform_id: 
I0820 23:05:12.796683   30916 structlog.go:42]   	adapters[escalax].app_secret: 
I0820 23:05:12.796683   30916 structlog.go:42]   	adapters[escalax].endpointCompression: GZIP
I0820 23:05:12.796683   30916 structlog.go:42]   	adapters[between].aliasOf: 
I0820 23:05:12.796683   30916 structlog.go:39]   	adapters[between].whiteLabelOnly: false
I0820 23:05:12.796683   30916 structlog.go:39]   	adapters[between].disabled: false
I0820 23:05:12.796683   30916 structlog.go:42]   	adapters[between].endpoint: http://{{.Host}}.betweendigital.com/openrtb_bid?sspId={{.PublisherID}}
I0820 23:05:12.797684   30916 structlog.go:42]   	adapters[between].extra_info: 
I0820 23:05:12.797684   30916 structlog.go:42]   	adapters[between].openrtb: <*config.OpenRTBInfo Value>
I0820 23:05:12.797684   30916 structlog.go:42]   	adapters[between].maintainer: <*config.MaintainerInfo Value>
I0820 23:05:12.797684   30916 structlog.go:42]   	adapters[between].capabilities: <*config.CapabilitiesInfo Value>
I0820 23:05:12.797684   30916 structlog.go:39]   	adapters[between].modifyingVastXmlAllowed: false
I0820 23:05:12.798351   30916 structlog.go:42]   	adapters[between].debug: <*config.DebugInfo Value>
I0820 23:05:12.798686   30916 structlog.go:35]   	adapters[between].gvlVendorID: 724
I0820 23:05:12.798686   30916 structlog.go:42]   	adapters[between].userSync: <*config.Syncer Value>
I0820 23:05:12.798686   30916 structlog.go:39]   	adapters[between].experiment.adsCert.enabled: false
I0820 23:05:12.798686   30916 structlog.go:42]   	adapters[between].xapi.username: 
I0820 23:05:12.798686   30916 structlog.go:56]   	adapters[between].xapi.password: <REDACTED>
I0820 23:05:12.799678   30916 structlog.go:42]   	adapters[between].xapi.tracker: 
I0820 23:05:12.799903   30916 structlog.go:42]   	adapters[between].platform_id: 
I0820 23:05:12.800147   30916 structlog.go:42]   	adapters[between].app_secret: 
I0820 23:05:12.800348   30916 structlog.go:42]   	adapters[between].endpointCompression: 
I0820 23:05:12.800556   30916 structlog.go:42]   	adapters[prismassp].aliasOf: nexx360
I0820 23:05:12.800632   30916 structlog.go:39]   	adapters[prismassp].whiteLabelOnly: false
I0820 23:05:12.800833   30916 structlog.go:39]   	adapters[prismassp].disabled: false
I0820 23:05:12.800958   30916 structlog.go:42]   	adapters[prismassp].endpoint: http://fast.nexx360.io/prebid-server
I0820 23:05:12.801082   30916 structlog.go:42]   	adapters[prismassp].extra_info: 
I0820 23:05:12.801207   30916 structlog.go:42]   	adapters[prismassp].openrtb: <*config.OpenRTBInfo Value>
I0820 23:05:12.801207   30916 structlog.go:42]   	adapters[prismassp].maintainer: <*config.MaintainerInfo Value>
I0820 23:05:12.801207   30916 structlog.go:42]   	adapters[prismassp].capabilities: <*config.CapabilitiesInfo Value>
I0820 23:05:12.801207   30916 structlog.go:39]   	adapters[prismassp].modifyingVastXmlAllowed: false
I0820 23:05:12.801207   30916 structlog.go:42]   	adapters[prismassp].debug: <*config.DebugInfo Value>
I0820 23:05:12.801207   30916 structlog.go:35]   	adapters[prismassp].gvlVendorID: 0
I0820 23:05:12.801207   30916 structlog.go:42]   	adapters[prismassp].userSync: <*config.Syncer Value>
I0820 23:05:12.801207   30916 structlog.go:39]   	adapters[prismassp].experiment.adsCert.enabled: false
I0820 23:05:12.802205   30916 structlog.go:42]   	adapters[prismassp].xapi.username: 
I0820 23:05:12.802205   30916 structlog.go:56]   	adapters[prismassp].xapi.password: <REDACTED>
I0820 23:05:12.802205   30916 structlog.go:42]   	adapters[prismassp].xapi.tracker: 
I0820 23:05:12.802205   30916 structlog.go:42]   	adapters[prismassp].platform_id: 
I0820 23:05:12.802205   30916 structlog.go:42]   	adapters[prismassp].app_secret: 
I0820 23:05:12.803259   30916 structlog.go:42]   	adapters[prismassp].endpointCompression: gzip
I0820 23:05:12.803604   30916 structlog.go:42]   	adapters[mediago].aliasOf: 
I0820 23:05:12.803845   30916 structlog.go:39]   	adapters[mediago].whiteLabelOnly: false
I0820 23:05:12.804085   30916 structlog.go:39]   	adapters[mediago].disabled: false
I0820 23:05:12.804327   30916 structlog.go:42]   	adapters[mediago].endpoint: https://REGION.mediago.io/api/bid?tn={{.AccountID}}
I0820 23:05:12.804576   30916 structlog.go:42]   	adapters[mediago].extra_info: 
I0820 23:05:12.804652   30916 structlog.go:42]   	adapters[mediago].openrtb: <*config.OpenRTBInfo Value>
I0820 23:05:12.805064   30916 structlog.go:42]   	adapters[mediago].maintainer: <*config.MaintainerInfo Value>
I0820 23:05:12.805281   30916 structlog.go:42]   	adapters[mediago].capabilities: <*config.CapabilitiesInfo Value>
I0820 23:05:12.805502   30916 structlog.go:39]   	adapters[mediago].modifyingVastXmlAllowed: false
I0820 23:05:12.805714   30916 structlog.go:42]   	adapters[mediago].debug: <*config.DebugInfo Value>
I0820 23:05:12.805933   30916 structlog.go:35]   	adapters[mediago].gvlVendorID: 1020
I0820 23:05:12.806188   30916 structlog.go:42]   	adapters[mediago].userSync: <*config.Syncer Value>
I0820 23:05:12.806410   30916 structlog.go:39]   	adapters[mediago].experiment.adsCert.enabled: false
I0820 23:05:12.806629   30916 structlog.go:42]   	adapters[mediago].xapi.username: 
I0820 23:05:12.806848   30916 structlog.go:56]   	adapters[mediago].xapi.password: <REDACTED>
I0820 23:05:12.807061   30916 structlog.go:42]   	adapters[mediago].xapi.tracker: 
I0820 23:05:12.807061   30916 structlog.go:42]   	adapters[mediago].platform_id: 
I0820 23:05:12.807306   30916 structlog.go:42]   	adapters[mediago].app_secret: 
I0820 23:05:12.807378   30916 structlog.go:42]   	adapters[mediago].endpointCompression: gzip
I0820 23:05:12.807378   30916 structlog.go:42]   	adapters[krushmedia].aliasOf: 
I0820 23:05:12.807378   30916 structlog.go:39]   	adapters[krushmedia].whiteLabelOnly: false
I0820 23:05:12.807378   30916 structlog.go:39]   	adapters[krushmedia].disabled: false
I0820 23:05:12.807378   30916 structlog.go:42]   	adapters[krushmedia].endpoint: http://ads4.krushmedia.com/?c=rtb&m=req&key={{.AccountID}}
I0820 23:05:12.807378   30916 structlog.go:42]   	adapters[krushmedia].extra_info: 
I0820 23:05:12.807378   30916 structlog.go:42]   	adapters[krushmedia].openrtb: <*config.OpenRTBInfo Value>
I0820 23:05:12.807378   30916 structlog.go:42]   	adapters[krushmedia].maintainer: <*config.MaintainerInfo Value>
I0820 23:05:12.808460   30916 structlog.go:42]   	adapters[krushmedia].capabilities: <*config.CapabilitiesInfo Value>
I0820 23:05:12.808667   30916 structlog.go:39]   	adapters[krushmedia].modifyingVastXmlAllowed: false
I0820 23:05:12.808884   30916 structlog.go:42]   	adapters[krushmedia].debug: <*config.DebugInfo Value>
I0820 23:05:12.809103   30916 structlog.go:35]   	adapters[krushmedia].gvlVendorID: 0
I0820 23:05:12.809103   30916 structlog.go:42]   	adapters[krushmedia].userSync: <*config.Syncer Value>
I0820 23:05:12.809103   30916 structlog.go:39]   	adapters[krushmedia].experiment.adsCert.enabled: false
I0820 23:05:12.809103   30916 structlog.go:42]   	adapters[krushmedia].xapi.username: 
I0820 23:05:12.809103   30916 structlog.go:56]   	adapters[krushmedia].xapi.password: <REDACTED>
I0820 23:05:12.810103   30916 structlog.go:42]   	adapters[krushmedia].xapi.tracker: 
I0820 23:05:12.810327   30916 structlog.go:42]   	adapters[krushmedia].platform_id: 
I0820 23:05:12.810450   30916 structlog.go:42]   	adapters[krushmedia].app_secret: 
I0820 23:05:12.810573   30916 structlog.go:42]   	adapters[krushmedia].endpointCompression: 
I0820 23:05:12.810696   30916 structlog.go:42]   	adapters[oms].aliasOf: 
I0820 23:05:12.810819   30916 structlog.go:39]   	adapters[oms].whiteLabelOnly: false
I0820 23:05:12.810942   30916 structlog.go:39]   	adapters[oms].disabled: false
I0820 23:05:12.811064   30916 structlog.go:42]   	adapters[oms].endpoint: http://rt.marphezis.com/pbs
I0820 23:05:12.811187   30916 structlog.go:42]   	adapters[oms].extra_info: 
I0820 23:05:12.811310   30916 structlog.go:42]   	adapters[oms].openrtb: <*config.OpenRTBInfo Value>
I0820 23:05:12.811432   30916 structlog.go:42]   	adapters[oms].maintainer: <*config.MaintainerInfo Value>
I0820 23:05:12.811556   30916 structlog.go:42]   	adapters[oms].capabilities: <*config.CapabilitiesInfo Value>
I0820 23:05:12.811679   30916 structlog.go:39]   	adapters[oms].modifyingVastXmlAllowed: false
I0820 23:05:12.811802   30916 structlog.go:42]   	adapters[oms].debug: <*config.DebugInfo Value>
I0820 23:05:12.811926   30916 structlog.go:35]   	adapters[oms].gvlVendorID: 0
I0820 23:05:12.812050   30916 structlog.go:42]   	adapters[oms].userSync: <*config.Syncer Value>
I0820 23:05:12.812173   30916 structlog.go:39]   	adapters[oms].experiment.adsCert.enabled: false
I0820 23:05:12.812298   30916 structlog.go:42]   	adapters[oms].xapi.username: 
I0820 23:05:12.812371   30916 structlog.go:56]   	adapters[oms].xapi.password: <REDACTED>
I0820 23:05:12.812631   30916 structlog.go:42]   	adapters[oms].xapi.tracker: 
I0820 23:05:12.812721   30916 structlog.go:42]   	adapters[oms].platform_id: 
I0820 23:05:12.813095   30916 structlog.go:42]   	adapters[oms].app_secret: 
I0820 23:05:12.813095   30916 structlog.go:42]   	adapters[oms].endpointCompression: 
I0820 23:05:12.813095   30916 structlog.go:42]   	adapters[blasto].aliasOf: 
I0820 23:05:12.813095   30916 structlog.go:39]   	adapters[blasto].whiteLabelOnly: false
I0820 23:05:12.814135   30916 structlog.go:39]   	adapters[blasto].disabled: false
I0820 23:05:12.814135   30916 structlog.go:42]   	adapters[blasto].endpoint: http://t-us.blasto.ai/bid?rtb_seat_id={{.SourceId}}&secret_key={{.AccountID}}
I0820 23:05:12.814135   30916 structlog.go:42]   	adapters[blasto].extra_info: 
I0820 23:05:12.814135   30916 structlog.go:42]   	adapters[blasto].openrtb: <*config.OpenRTBInfo Value>
I0820 23:05:12.814135   30916 structlog.go:42]   	adapters[blasto].maintainer: <*config.MaintainerInfo Value>
I0820 23:05:12.815132   30916 structlog.go:42]   	adapters[blasto].capabilities: <*config.CapabilitiesInfo Value>
I0820 23:05:12.815398   30916 structlog.go:39]   	adapters[blasto].modifyingVastXmlAllowed: false
I0820 23:05:12.815764   30916 structlog.go:42]   	adapters[blasto].debug: <*config.DebugInfo Value>
I0820 23:05:12.815971   30916 structlog.go:35]   	adapters[blasto].gvlVendorID: 0
I0820 23:05:12.815971   30916 structlog.go:42]   	adapters[blasto].userSync: <*config.Syncer Value>
I0820 23:05:12.816447   30916 structlog.go:39]   	adapters[blasto].experiment.adsCert.enabled: false
I0820 23:05:12.816689   30916 structlog.go:42]   	adapters[blasto].xapi.username: 
I0820 23:05:12.816863   30916 structlog.go:56]   	adapters[blasto].xapi.password: <REDACTED>
I0820 23:05:12.816991   30916 structlog.go:42]   	adapters[blasto].xapi.tracker: 
I0820 23:05:12.817117   30916 structlog.go:42]   	adapters[blasto].platform_id: 
I0820 23:05:12.817244   30916 structlog.go:42]   	adapters[blasto].app_secret: 
I0820 23:05:12.817369   30916 structlog.go:42]   	adapters[blasto].endpointCompression: GZIP
I0820 23:05:12.817369   30916 structlog.go:42]   	adapters[zentotem].aliasOf: 
I0820 23:05:12.817369   30916 structlog.go:39]   	adapters[zentotem].whiteLabelOnly: false
I0820 23:05:12.817369   30916 structlog.go:39]   	adapters[zentotem].disabled: false
I0820 23:05:12.817369   30916 structlog.go:42]   	adapters[zentotem].endpoint: https://rtb.zentotem.net/bid?sspuid=cqlnvfk00bhs0b6rci6g
I0820 23:05:12.817369   30916 structlog.go:42]   	adapters[zentotem].extra_info: 
I0820 23:05:12.817369   30916 structlog.go:42]   	adapters[zentotem].openrtb: <*config.OpenRTBInfo Value>
I0820 23:05:12.817369   30916 structlog.go:42]   	adapters[zentotem].maintainer: <*config.MaintainerInfo Value>
I0820 23:05:12.818367   30916 structlog.go:42]   	adapters[zentotem].capabilities: <*config.CapabilitiesInfo Value>
I0820 23:05:12.818367   30916 structlog.go:39]   	adapters[zentotem].modifyingVastXmlAllowed: true
I0820 23:05:12.818367   30916 structlog.go:42]   	adapters[zentotem].debug: <*config.DebugInfo Value>
I0820 23:05:12.818367   30916 structlog.go:35]   	adapters[zentotem].gvlVendorID: 0
I0820 23:05:12.818367   30916 structlog.go:42]   	adapters[zentotem].userSync: <*config.Syncer Value>
I0820 23:05:12.818367   30916 structlog.go:39]   	adapters[zentotem].experiment.adsCert.enabled: false
I0820 23:05:12.818367   30916 structlog.go:42]   	adapters[zentotem].xapi.username: 
I0820 23:05:12.818367   30916 structlog.go:56]   	adapters[zentotem].xapi.password: <REDACTED>
I0820 23:05:12.819366   30916 structlog.go:42]   	adapters[zentotem].xapi.tracker: 
I0820 23:05:12.819366   30916 structlog.go:42]   	adapters[zentotem].platform_id: 
I0820 23:05:12.819366   30916 structlog.go:42]   	adapters[zentotem].app_secret: 
I0820 23:05:12.819366   30916 structlog.go:42]   	adapters[zentotem].endpointCompression: gzip
I0820 23:05:12.819922   30916 structlog.go:42]   	adapters[ucfunnel].aliasOf: 
I0820 23:05:12.819922   30916 structlog.go:39]   	adapters[ucfunnel].whiteLabelOnly: false
I0820 23:05:12.819922   30916 structlog.go:39]   	adapters[ucfunnel].disabled: false
I0820 23:05:12.819922   30916 structlog.go:42]   	adapters[ucfunnel].endpoint: https://pbs.aralego.com/prebid
I0820 23:05:12.820432   30916 structlog.go:42]   	adapters[ucfunnel].extra_info: 
I0820 23:05:12.820432   30916 structlog.go:42]   	adapters[ucfunnel].openrtb: <*config.OpenRTBInfo Value>
I0820 23:05:12.820432   30916 structlog.go:42]   	adapters[ucfunnel].maintainer: <*config.MaintainerInfo Value>
I0820 23:05:12.820432   30916 structlog.go:42]   	adapters[ucfunnel].capabilities: <*config.CapabilitiesInfo Value>
I0820 23:05:12.820940   30916 structlog.go:39]   	adapters[ucfunnel].modifyingVastXmlAllowed: false
I0820 23:05:12.820940   30916 structlog.go:42]   	adapters[ucfunnel].debug: <*config.DebugInfo Value>
I0820 23:05:12.820940   30916 structlog.go:35]   	adapters[ucfunnel].gvlVendorID: 607
I0820 23:05:12.820940   30916 structlog.go:42]   	adapters[ucfunnel].userSync: <*config.Syncer Value>
I0820 23:05:12.821450   30916 structlog.go:39]   	adapters[ucfunnel].experiment.adsCert.enabled: false
I0820 23:05:12.821450   30916 structlog.go:42]   	adapters[ucfunnel].xapi.username: 
I0820 23:05:12.821450   30916 structlog.go:56]   	adapters[ucfunnel].xapi.password: <REDACTED>
I0820 23:05:12.821450   30916 structlog.go:42]   	adapters[ucfunnel].xapi.tracker: 
I0820 23:05:12.821958   30916 structlog.go:42]   	adapters[ucfunnel].platform_id: 
I0820 23:05:12.821958   30916 structlog.go:42]   	adapters[ucfunnel].app_secret: 
I0820 23:05:12.821958   30916 structlog.go:42]   	adapters[ucfunnel].endpointCompression: 
I0820 23:05:12.821958   30916 structlog.go:42]   	adapters[smoot].aliasOf: 
I0820 23:05:12.822470   30916 structlog.go:39]   	adapters[smoot].whiteLabelOnly: false
I0820 23:05:12.822470   30916 structlog.go:39]   	adapters[smoot].disabled: false
I0820 23:05:12.822470   30916 structlog.go:42]   	adapters[smoot].endpoint: https://endpoint1.smoot.ai/pserver
I0820 23:05:12.822470   30916 structlog.go:42]   	adapters[smoot].extra_info: 
I0820 23:05:12.822987   30916 structlog.go:42]   	adapters[smoot].openrtb: <*config.OpenRTBInfo Value>
I0820 23:05:12.822987   30916 structlog.go:42]   	adapters[smoot].maintainer: <*config.MaintainerInfo Value>
I0820 23:05:12.822987   30916 structlog.go:42]   	adapters[smoot].capabilities: <*config.CapabilitiesInfo Value>
I0820 23:05:12.822987   30916 structlog.go:39]   	adapters[smoot].modifyingVastXmlAllowed: false
I0820 23:05:12.823521   30916 structlog.go:42]   	adapters[smoot].debug: <*config.DebugInfo Value>
I0820 23:05:12.823521   30916 structlog.go:35]   	adapters[smoot].gvlVendorID: 0
I0820 23:05:12.823521   30916 structlog.go:42]   	adapters[smoot].userSync: <*config.Syncer Value>
I0820 23:05:12.823521   30916 structlog.go:39]   	adapters[smoot].experiment.adsCert.enabled: false
I0820 23:05:12.823521   30916 structlog.go:42]   	adapters[smoot].xapi.username: 
I0820 23:05:12.824063   30916 structlog.go:56]   	adapters[smoot].xapi.password: <REDACTED>
I0820 23:05:12.824063   30916 structlog.go:42]   	adapters[smoot].xapi.tracker: 
I0820 23:05:12.824063   30916 structlog.go:42]   	adapters[smoot].platform_id: 
I0820 23:05:12.824063   30916 structlog.go:42]   	adapters[smoot].app_secret: 
I0820 23:05:12.824639   30916 structlog.go:42]   	adapters[smoot].endpointCompression: 
I0820 23:05:12.824639   30916 structlog.go:42]   	adapters[minutemedia].aliasOf: 
I0820 23:05:12.825166   30916 structlog.go:39]   	adapters[minutemedia].whiteLabelOnly: false
I0820 23:05:12.825166   30916 structlog.go:39]   	adapters[minutemedia].disabled: false
I0820 23:05:12.825166   30916 structlog.go:42]   	adapters[minutemedia].endpoint: https://pbs.minutemedia-prebid.com/pbs-mm
I0820 23:05:12.825166   30916 structlog.go:42]   	adapters[minutemedia].extra_info: 
I0820 23:05:12.825711   30916 structlog.go:42]   	adapters[minutemedia].openrtb: <*config.OpenRTBInfo Value>
I0820 23:05:12.825711   30916 structlog.go:42]   	adapters[minutemedia].maintainer: <*config.MaintainerInfo Value>
I0820 23:05:12.825711   30916 structlog.go:42]   	adapters[minutemedia].capabilities: <*config.CapabilitiesInfo Value>
I0820 23:05:12.825711   30916 structlog.go:39]   	adapters[minutemedia].modifyingVastXmlAllowed: true
I0820 23:05:12.826269   30916 structlog.go:42]   	adapters[minutemedia].debug: <*config.DebugInfo Value>
I0820 23:05:12.826269   30916 structlog.go:35]   	adapters[minutemedia].gvlVendorID: 918
I0820 23:05:12.826802   30916 structlog.go:42]   	adapters[minutemedia].userSync: <*config.Syncer Value>
I0820 23:05:12.826938   30916 structlog.go:39]   	adapters[minutemedia].experiment.adsCert.enabled: false
I0820 23:05:12.826938   30916 structlog.go:42]   	adapters[minutemedia].xapi.username: 
I0820 23:05:12.826938   30916 structlog.go:56]   	adapters[minutemedia].xapi.password: <REDACTED>
I0820 23:05:12.827441   30916 structlog.go:42]   	adapters[minutemedia].xapi.tracker: 
I0820 23:05:12.827441   30916 structlog.go:42]   	adapters[minutemedia].platform_id: 
I0820 23:05:12.827441   30916 structlog.go:42]   	adapters[minutemedia].app_secret: 
I0820 23:05:12.827441   30916 structlog.go:42]   	adapters[minutemedia].endpointCompression: 
I0820 23:05:12.827441   30916 structlog.go:42]   	adapters[zeroclickfraud].aliasOf: 
I0820 23:05:12.827984   30916 structlog.go:39]   	adapters[zeroclickfraud].whiteLabelOnly: false
I0820 23:05:12.827984   30916 structlog.go:39]   	adapters[zeroclickfraud].disabled: false
I0820 23:05:12.828504   30916 structlog.go:42]   	adapters[zeroclickfraud].endpoint: http://{{.Host}}/openrtb2?sid={{.SourceId}}
I0820 23:05:12.828504   30916 structlog.go:42]   	adapters[zeroclickfraud].extra_info: 
I0820 23:05:12.829191   30916 structlog.go:42]   	adapters[zeroclickfraud].openrtb: <*config.OpenRTBInfo Value>
I0820 23:05:12.829376   30916 structlog.go:42]   	adapters[zeroclickfraud].maintainer: <*config.MaintainerInfo Value>
I0820 23:05:12.829673   30916 structlog.go:42]   	adapters[zeroclickfraud].capabilities: <*config.CapabilitiesInfo Value>
I0820 23:05:12.829673   30916 structlog.go:39]   	adapters[zeroclickfraud].modifyingVastXmlAllowed: false
I0820 23:05:12.829673   30916 structlog.go:42]   	adapters[zeroclickfraud].debug: <*config.DebugInfo Value>
I0820 23:05:12.830189   30916 structlog.go:35]   	adapters[zeroclickfraud].gvlVendorID: 0
I0820 23:05:12.830189   30916 structlog.go:42]   	adapters[zeroclickfraud].userSync: <*config.Syncer Value>
I0820 23:05:12.830714   30916 structlog.go:39]   	adapters[zeroclickfraud].experiment.adsCert.enabled: false
I0820 23:05:12.830714   30916 structlog.go:42]   	adapters[zeroclickfraud].xapi.username: 
I0820 23:05:12.831229   30916 structlog.go:56]   	adapters[zeroclickfraud].xapi.password: <REDACTED>
I0820 23:05:12.831229   30916 structlog.go:42]   	adapters[zeroclickfraud].xapi.tracker: 
I0820 23:05:12.831229   30916 structlog.go:42]   	adapters[zeroclickfraud].platform_id: 
I0820 23:05:12.831229   30916 structlog.go:42]   	adapters[zeroclickfraud].app_secret: 
I0820 23:05:12.831740   30916 structlog.go:42]   	adapters[zeroclickfraud].endpointCompression: 
I0820 23:05:12.831740   30916 structlog.go:42]   	adapters[rise].aliasOf: 
I0820 23:05:12.832253   30916 structlog.go:39]   	adapters[rise].whiteLabelOnly: false
I0820 23:05:12.832317   30916 structlog.go:39]   	adapters[rise].disabled: false
I0820 23:05:12.832317   30916 structlog.go:42]   	adapters[rise].endpoint: https://pbs.yellowblue.io/pbs
I0820 23:05:12.832845   30916 structlog.go:42]   	adapters[rise].extra_info: 
I0820 23:05:12.832845   30916 structlog.go:42]   	adapters[rise].openrtb: <*config.OpenRTBInfo Value>
I0820 23:05:12.832845   30916 structlog.go:42]   	adapters[rise].maintainer: <*config.MaintainerInfo Value>
I0820 23:05:12.833357   30916 structlog.go:42]   	adapters[rise].capabilities: <*config.CapabilitiesInfo Value>
I0820 23:05:12.833357   30916 structlog.go:39]   	adapters[rise].modifyingVastXmlAllowed: true
I0820 23:05:12.833357   30916 structlog.go:42]   	adapters[rise].debug: <*config.DebugInfo Value>
I0820 23:05:12.833357   30916 structlog.go:35]   	adapters[rise].gvlVendorID: 1043
I0820 23:05:12.833873   30916 structlog.go:42]   	adapters[rise].userSync: <*config.Syncer Value>
I0820 23:05:12.833873   30916 structlog.go:39]   	adapters[rise].experiment.adsCert.enabled: false
I0820 23:05:12.833873   30916 structlog.go:42]   	adapters[rise].xapi.username: 
I0820 23:05:12.833873   30916 structlog.go:56]   	adapters[rise].xapi.password: <REDACTED>
I0820 23:05:12.834407   30916 structlog.go:42]   	adapters[rise].xapi.tracker: 
I0820 23:05:12.834407   30916 structlog.go:42]   	adapters[rise].platform_id: 
I0820 23:05:12.834407   30916 structlog.go:42]   	adapters[rise].app_secret: 
I0820 23:05:12.834407   30916 structlog.go:42]   	adapters[rise].endpointCompression: gzip
I0820 23:05:12.834950   30916 structlog.go:39]   	hooks.enabled: false
I0820 23:05:12.834950   30916 structlog.go:42]   	validations.banner_creative_max_size: skip
I0820 23:05:12.834950   30916 structlog.go:42]   	validations.secure_markup: skip
I0820 23:05:12.835462   30916 structlog.go:33]   	validations.max_creative_width: 0
I0820 23:05:12.835462   30916 structlog.go:33]   	validations.max_creative_height: 0
I0820 23:05:12.835462   30916 structlog.go:39]   	price_floors.enabled: false
I0820 23:05:12.835462   30916 structlog.go:33]   	price_floors.fetcher.http_client.max_connections_per_host: 0
I0820 23:05:12.835971   30916 structlog.go:33]   	price_floors.fetcher.http_client.max_idle_connections: 40
I0820 23:05:12.835971   30916 structlog.go:33]   	price_floors.fetcher.http_client.max_idle_connections_per_host: 2
I0820 23:05:12.835971   30916 structlog.go:33]   	price_floors.fetcher.http_client.idle_connection_timeout_seconds: 60
I0820 23:05:12.835971   30916 structlog.go:39]   	price_floors.fetcher.http_client.throttle.enable_throttling: false
I0820 23:05:12.836481   30916 structlog.go:39]   	price_floors.fetcher.http_client.throttle.simulate_throttling_only: false
I0820 23:05:12.836481   30916 structlog.go:33]   	price_floors.fetcher.http_client.throttle.long_queue_wait_threshold_ms: 0
I0820 23:05:12.836481   30916 structlog.go:33]   	price_floors.fetcher.http_client.throttle.short_queue_wait_threshold_ms: 0
I0820 23:05:12.836481   30916 structlog.go:33]   	price_floors.fetcher.http_client.throttle.throttle_window: 0
I0820 23:05:12.836990   30916 structlog.go:33]   	price_floors.fetcher.cache_size_mb: 64
I0820 23:05:12.836990   30916 structlog.go:33]   	price_floors.fetcher.worker: 20
I0820 23:05:12.836990   30916 structlog.go:33]   	price_floors.fetcher.capacity: 20000
I0820 23:05:12.836990   30916 structlog.go:33]   	price_floors.fetcher.max_retries: 10
W0820 23:05:12.837503   30916 config.go:285] gdpr.host_vendor_id was not specified. Host company GDPR checks will be skipped.
F0820 23:05:12.845350   30916 main.go:41] Configuration could not be loaded or did not pass validation: validation errors (3 errors):
  1: gdpr.default_value is required and must be specified
  2: There's no default endpoint available for advanceddsp. Calls to this bidder/exchange will fail. Please set adapters.advanceddsp.endpoint in your app config
  3: capabilities.dooh failed validation: at least one media type needs to be specified for adapter: advanceddsp
